start,end,open,high,low,close,volume
2026-08-07 00:06:00+00:00,2026-08-07 00:09:00+00:00,64394.66,64410.0,64386.57,64400.13,10.48836
2026-08-07 00:09:00+00:00,2026-08-07 00:12:00+00:00,64400.14,64400.14,64350.0,64350.01,12.57941
2026-08-07 00:12:00+00:00,2026-08-07 00:15:00+00:00,64350.0,64350.01,64282.93,64290.0,23.48798
2026-08-07 00:15:00+00:00,2026-08-07 00:18:00+00:00,64290.0,64296.2,64238.0,64296.2,25.21548
2026-08-07 00:18:00+00:00,2026-08-07 00:21:00+00:00,64296.2,64296.2,64230.59,64241.05,24.93399
2026-08-07 00:21:00+00:00,2026-08-07 00:24:00+00:00,64241.05,64271.65,64241.05,64264.01,9.41825
2026-08-07 00:24:00+00:00,2026-08-07 00:27:00+00:00,64264.01,64317.18,64264.0,64303.92,10.94749
2026-08-07 00:27:00+00:00,2026-08-07 00:30:00+00:00,64303.91,64303.92,64264.99,64264.99,29.2406
2026-08-07 00:30:00+00:00,2026-08-07 00:33:00+00:00,64265.0,64277.99,64237.85,64277.99,18.58254
2026-08-07 00:33:00+00:00,2026-08-07 00:36:00+00:00,64278.0,64337.56,64278.0,64334.0,5.73933
2026-08-07 00:36:00+00:00,2026-08-07 00:39:00+00:00,64334.01,64334.01,64258.51,64258.52,10.67436
2026-08-07 00:39:00+00:00,2026-08-07 00:42:00+00:00,64258.52,64284.84,64251.0,64253.51,12.91335
2026-08-07 00:42:00+00:00,2026-08-07 00:45:00+00:00,64253.51,64323.92,64253.5,64323.92,5.72262
2026-08-07 00:45:00+00:00,2026-08-07 00:48:00+00:00,64323.91,64342.52,64291.4,64291.41,13.24987
2026-08-07 00:48:00+00:00,2026-08-07 00:51:00+00:00,64291.41,64291.41,64261.09,64283.45,9.71094
2026-08-07 00:51:00+00:00,2026-08-07 00:54:00+00:00,64283.46,64330.43,64283.45,64312.8,7.30741
2026-08-07 00:54:00+00:00,2026-08-07 00:57:00+00:00,64312.8,64312.81,64271.04,64312.0,12.39631
2026-08-07 00:57:00+00:00,2026-08-07 01:00:00+00:00,64312.0,64320.0,64305.08,64317.99,7.22469
2026-08-07 01:00:00+00:00,2026-08-07 01:03:00+00:00,64318.0,64408.0,64317.99,64407.99,41.34479
2026-08-07 01:03:00+00:00,2026-08-07 01:06:00+00:00,64407.99,64448.0,64396.0,64407.03,20.96384
2026-08-07 01:06:00+00:00,2026-08-07 01:09:00+00:00,64407.02,64407.03,64373.03,64384.32,12.23263
2026-08-07 01:09:00+00:00,2026-08-07 01:12:00+00:00,64384.32,64384.32,64347.25,64352.0,8.43041
2026-08-07 01:12:00+00:00,2026-08-07 01:15:00+00:00,64352.0,64383.9,64351.99,64363.6,9.87579
2026-08-07 01:15:00+00:00,2026-08-07 01:18:00+00:00,64363.6,64363.6,64314.28,64344.43,14.27087
2026-08-07 01:18:00+00:00,2026-08-07 01:21:00+00:00,64344.43,64354.0,64322.95,64322.96,9.04459
2026-08-07 01:21:00+00:00,2026-08-07 01:24:00+00:00,64322.95,64354.0,64322.95,64339.43,6.30784
2026-08-07 01:24:00+00:00,2026-08-07 01:27:00+00:00,64339.43,64385.36,64339.43,64385.36,32.88979
2026-08-07 01:27:00+00:00,2026-08-07 01:30:00+00:00,64386.0,64430.0,64383.33,64427.26,27.77351
2026-08-07 01:30:00+00:00,2026-08-07 01:33:00+00:00,64427.26,64456.0,64421.15,64456.0,25.81716
2026-08-07 01:33:00+00:00,2026-08-07 01:36:00+00:00,64456.0,64476.78,64422.04,64426.39,14.44938
2026-08-07 01:36:00+00:00,2026-08-07 01:39:00+00:00,64426.4,64442.0,64394.0,64394.0,11.08882
2026-08-07 01:39:00+00:00,2026-08-07 01:42:00+00:00,64394.0,64394.01,64300.0,64351.16,29.32495
2026-08-07 01:42:00+00:00,2026-08-07 01:45:00+00:00,64351.17,64381.05,64341.16,64375.99,12.40993
2026-08-07 01:45:00+00:00,2026-08-07 01:48:00+00:00,64376.0,64424.0,64375.99,64388.37,12.58508
2026-08-07 01:48:00+00:00,2026-08-07 01:51:00+00:00,64388.36,64440.0,64388.36,64417.13,11.12057
2026-08-07 01:51:00+00:00,2026-08-07 01:54:00+00:00,64417.13,64422.01,64388.0,64394.0,7.35974
2026-08-07 01:54:00+00:00,2026-08-07 01:57:00+00:00,64394.0,64425.02,64394.0,64400.4,32.9278
2026-08-07 01:57:00+00:00,2026-08-07 02:00:00+00:00,64400.4,64445.44,64400.39,64422.55,10.80418
2026-08-07 02:00:00+00:00,2026-08-07 02:03:00+00:00,64422.54,64435.81,64400.0,64410.0,26.40095
2026-08-07 02:03:00+00:00,2026-08-07 02:06:00+00:00,64410.0,64428.96,64390.0,64396.0,12.4413
2026-08-07 02:06:00+00:00,2026-08-07 02:09:00+00:00,64396.0,64416.0,64367.76,64367.76,9.83675
2026-08-07 02:09:00+00:00,2026-08-07 02:12:00+00:00,64367.76,64367.76,64252.09,64311.36,29.44052
2026-08-07 02:12:00+00:00,2026-08-07 02:15:00+00:00,64311.37,64403.06,64307.46,64396.79,14.0797
2026-08-07 02:15:00+00:00,2026-08-07 02:18:00+00:00,64396.8,64544.0,64396.8,64516.5,61.13581
2026-08-07 02:18:00+00:00,2026-08-07 02:21:00+00:00,64516.5,64516.51,64416.0,64416.0,35.79343
2026-08-07 02:21:00+00:00,2026-08-07 02:24:00+00:00,64416.0,64416.0,64325.73,64362.0,26.0128
2026-08-07 02:24:00+00:00,2026-08-07 02:27:00+00:00,64362.0,64364.96,64326.0,64352.0,21.04006
2026-08-07 02:27:00+00:00,2026-08-07 02:30:00+00:00,64352.0,64352.0,64310.0,64314.74,17.68179
2026-08-07 02:30:00+00:00,2026-08-07 02:33:00+00:00,64314.74,64346.4,64305.05,64316.99,15.56485
2026-08-07 02:33:00+00:00,2026-08-07 02:36:00+00:00,64316.99,64345.69,64316.99,64343.55,10.22647
2026-08-07 02:36:00+00:00,2026-08-07 02:39:00+00:00,64343.56,64369.65,64320.95,64326.0,10.05209
2026-08-07 02:39:00+00:00,2026-08-07 02:42:00+00:00,64325.99,64408.0,64280.0,64405.29,39.90403
2026-08-07 02:42:00+00:00,2026-08-07 02:45:00+00:00,64405.29,64418.14,64384.54,64414.72,11.58104
2026-08-07 02:45:00+00:00,2026-08-07 02:48:00+00:00,64414.71,64440.0,64408.55,64440.0,7.66589
2026-08-07 02:48:00+00:00,2026-08-07 02:51:00+00:00,64439.99,64471.73,64420.0,64471.73,17.85309
2026-08-07 02:51:00+00:00,2026-08-07 02:54:00+00:00,64471.72,64471.73,64430.74,64436.1,10.17439
2026-08-07 02:54:00+00:00,2026-08-07 02:57:00+00:00,64436.11,64436.11,64414.06,64420.28,5.95603
2026-08-07 02:57:00+00:00,2026-08-07 03:00:00+00:00,64420.27,64420.28,64396.63,64399.87,5.85349
2026-08-07 03:00:00+00:00,2026-08-07 03:03:00+00:00,64399.88,64407.73,64320.29,64350.0,23.52704
2026-08-07 03:03:00+00:00,2026-08-07 03:06:00+00:00,64350.0,64364.87,64350.0,64364.87,3.44756
2026-08-07 03:06:00+00:00,2026-08-07 03:09:00+00:00,64364.87,64391.93,64359.38,64391.0,6.38566
2026-08-07 03:09:00+00:00,2026-08-07 03:12:00+00:00,64391.0,64391.0,64374.0,64377.99,3.5849
2026-08-07 03:12:00+00:00,2026-08-07 03:15:00+00:00,64377.99,64377.99,64328.32,64336.14,9.19534
2026-08-07 03:15:00+00:00,2026-08-07 03:18:00+00:00,64336.14,64340.01,64320.81,64330.21,4.01945
2026-08-07 03:18:00+00:00,2026-08-07 03:21:00+00:00,64330.21,64330.22,64295.28,64295.28,5.81874
2026-08-07 03:21:00+00:00,2026-08-07 03:24:00+00:00,64295.28,64336.0,64260.0,64286.0,20.73333
2026-08-07 03:24:00+00:00,2026-08-07 03:27:00+00:00,64286.0,64318.65,64285.35,64318.64,5.79558
2026-08-07 03:27:00+00:00,2026-08-07 03:30:00+00:00,64318.64,64344.6,64318.64,64320.48,5.69848
2026-08-07 03:30:00+00:00,2026-08-07 03:33:00+00:00,64320.49,64374.0,64318.0,64364.55,12.83781
2026-08-07 03:33:00+00:00,2026-08-07 03:36:00+00:00,64364.54,64364.54,64326.0,64339.99,10.62238
2026-08-07 03:36:00+00:00,2026-08-07 03:39:00+00:00,64340.0,64353.2,64308.38,64325.99,10.41245
2026-08-07 03:39:00+00:00,2026-08-07 03:42:00+00:00,64326.0,64345.76,64320.0,64345.76,8.87786
2026-08-07 03:42:00+00:00,2026-08-07 03:45:00+00:00,64345.75,64351.48,64331.52,64343.33,9.76456
2026-08-07 03:45:00+00:00,2026-08-07 03:48:00+00:00,64343.33,64343.34,64306.84,64318.59,6.64432
2026-08-07 03:48:00+00:00,2026-08-07 03:51:00+00:00,64318.58,64353.19,64317.79,64353.18,10.38218
2026-08-07 03:51:00+00:00,2026-08-07 03:54:00+00:00,64353.19,64368.0,64302.89,64302.9,20.3258
2026-08-07 03:54:00+00:00,2026-08-07 03:57:00+00:00,64302.9,64314.79,64277.0,64288.0,15.45328
2026-08-07 03:57:00+00:00,2026-08-07 04:00:00+00:00,64287.99,64294.0,64284.0,64289.99,6.43631
2026-08-07 04:00:00+00:00,2026-08-07 04:03:00+00:00,64289.99,64290.0,64250.55,64275.61,14.56451
2026-08-07 04:03:00+00:00,2026-08-07 04:06:00+00:00,64275.61,64299.83,64266.0,64271.26,7.84919
2026-08-07 04:06:00+00:00,2026-08-07 04:09:00+00:00,64271.26,64323.6,64271.26,64317.52,6.40196
2026-08-07 04:09:00+00:00,2026-08-07 04:12:00+00:00,64317.52,64322.01,64310.0,64316.73,3.80442
2026-08-07 04:12:00+00:00,2026-08-07 04:15:00+00:00,64316.72,64320.0,64307.01,64308.93,5.95015
2026-08-07 04:15:00+00:00,2026-08-07 04:18:00+00:00,64308.93,64320.09,64308.0,64312.28,7.06198
2026-08-07 04:18:00+00:00,2026-08-07 04:21:00+00:00,64312.29,64364.08,64312.28,64350.93,9.34153
2026-08-07 04:21:00+00:00,2026-08-07 04:24:00+00:00,64350.94,64363.41,64312.28,64318.0,17.53334
2026-08-07 04:24:00+00:00,2026-08-07 04:27:00+00:00,64317.99,64318.0,64293.27,64293.28,8.47593
2026-08-07 04:27:00+00:00,2026-08-07 04:30:00+00:00,64293.27,64302.01,64290.07,64302.01,11.53557
2026-08-07 04:30:00+00:00,2026-08-07 04:33:00+00:00,64302.0,64316.0,64290.0,64311.16,7.27443
2026-08-07 04:33:00+00:00,2026-08-07 04:36:00+00:00,64311.16,64342.86,64311.15,64342.85,8.01453
2026-08-07 04:36:00+00:00,2026-08-07 04:39:00+00:00,64342.86,64355.2,64269.33,64269.34,14.94615
2026-08-07 04:39:00+00:00,2026-08-07 04:42:00+00:00,64269.34,64276.0,64269.33,64270.01,9.18239
2026-08-07 04:42:00+00:00,2026-08-07 04:45:00+00:00,64270.0,64270.46,64258.0,64258.0,10.01016
2026-08-07 04:45:00+00:00,2026-08-07 04:48:00+00:00,64258.01,64258.01,64224.54,64243.99,17.32473
2026-08-07 04:48:00+00:00,2026-08-07 04:51:00+00:00,64244.0,64266.68,64221.01,64222.0,11.64172
2026-08-07 04:51:00+00:00,2026-08-07 04:54:00+00:00,64222.0,64222.01,64166.0,64183.65,35.76798
2026-08-07 04:54:00+00:00,2026-08-07 04:57:00+00:00,64183.65,64230.0,64183.65,64229.99,9.7952
2026-08-07 04:57:00+00:00,2026-08-07 05:00:00+00:00,64230.0,64255.14,64217.16,64255.13,6.42162
2026-08-07 05:00:00+00:00,2026-08-07 05:03:00+00:00,64255.14,64255.14,64237.3,64251.16,13.11113
2026-08-07 05:03:00+00:00,2026-08-07 05:06:00+00:00,64251.17,64251.17,64221.09,64222.46,9.56529
2026-08-07 05:06:00+00:00,2026-08-07 05:09:00+00:00,64222.46,64232.79,64192.53,64232.79,19.66446
2026-08-07 05:09:00+00:00,2026-08-07 05:12:00+00:00,64232.79,64261.21,64232.65,64258.0,5.84947
2026-08-07 05:12:00+00:00,2026-08-07 05:15:00+00:00,64257.99,64258.0,64250.0,64252.02,12.04488
2026-08-07 05:15:00+00:00,2026-08-07 05:18:00+00:00,64252.02,64256.67,64224.58,64224.59,13.05015
2026-08-07 05:18:00+00:00,2026-08-07 05:21:00+00:00,64224.58,64224.59,64211.57,64221.99,7.34727
2026-08-07 05:21:00+00:00,2026-08-07 05:24:00+00:00,64222.0,64222.0,64177.62,64177.62,14.07643
2026-08-07 05:24:00+00:00,2026-08-07 05:27:00+00:00,64177.63,64182.0,64177.62,64179.41,8.78324
2026-08-07 05:27:00+00:00,2026-08-07 05:30:00+00:00,64179.41,64179.41,64178.0,64178.0,3.23049
2026-08-07 05:30:00+00:00,2026-08-07 05:33:00+00:00,64178.01,64192.65,64178.0,64182.64,12.21957
2026-08-07 05:33:00+00:00,2026-08-07 05:36:00+00:00,64182.63,64207.64,64182.63,64207.64,6.23505
2026-08-07 05:36:00+00:00,2026-08-07 05:39:00+00:00,64207.63,64223.16,64205.22,64223.15,10.67747
2026-08-07 05:39:00+00:00,2026-08-07 05:42:00+00:00,64223.16,64231.72,64223.15,64231.72,6.44044
2026-08-07 05:42:00+00:00,2026-08-07 05:45:00+00:00,64231.71,64278.0,64231.71,64276.01,16.25531
2026-08-07 05:45:00+00:00,2026-08-07 05:48:00+00:00,64276.01,64290.0,64256.04,64290.0,15.3261
2026-08-07 05:48:00+00:00,2026-08-07 05:51:00+00:00,64290.0,64370.47,64290.0,64368.02,28.36602
2026-08-07 05:51:00+00:00,2026-08-07 05:54:00+00:00,64368.01,64400.0,64368.01,64373.83,77.06582
2026-08-07 05:54:00+00:00,2026-08-07 05:57:00+00:00,64373.83,64382.0,64370.78,64370.79,12.87439
2026-08-07 05:57:00+00:00,2026-08-07 06:00:00+00:00,64370.79,64370.79,64336.43,64336.43,29.02298
2026-08-07 06:00:00+00:00,2026-08-07 06:03:00+00:00,64336.42,64341.44,64318.92,64318.92,12.18526
2026-08-07 06:03:00+00:00,2026-08-07 06:06:00+00:00,64318.93,64357.27,64316.12,64357.27,12.23215
2026-08-07 06:06:00+00:00,2026-08-07 06:09:00+00:00,64357.27,64362.0,64338.22,64338.23,12.34479
2026-08-07 06:09:00+00:00,2026-08-07 06:12:00+00:00,64338.22,64381.94,64338.22,64378.01,8.34092
2026-08-07 06:12:00+00:00,2026-08-07 06:15:00+00:00,64378.0,64416.45,64378.0,64413.84,14.28286
2026-08-07 06:15:00+00:00,2026-08-07 06:18:00+00:00,64413.85,64419.99,64392.34,64392.34,12.17233
2026-08-07 06:18:00+00:00,2026-08-07 06:21:00+00:00,64392.35,64413.25,64392.19,64410.62,17.42232
2026-08-07 06:21:00+00:00,2026-08-07 06:24:00+00:00,64410.63,64417.43,64382.05,64417.43,22.58901
2026-08-07 06:24:00+00:00,2026-08-07 06:27:00+00:00,64417.43,64451.15,64417.42,64451.15,17.18178
2026-08-07 06:27:00+00:00,2026-08-07 06:30:00+00:00,64451.14,64463.75,64416.15,64416.15,15.35932
2026-08-07 06:30:00+00:00,2026-08-07 06:33:00+00:00,64416.16,64426.0,64364.11,64364.12,20.70817
2026-08-07 06:33:00+00:00,2026-08-07 06:36:00+00:00,64364.11,64364.11,64344.53,64354.0,13.02338
2026-08-07 06:36:00+00:00,2026-08-07 06:39:00+00:00,64353.99,64381.34,64353.99,64355.13,12.28514
2026-08-07 06:39:00+00:00,2026-08-07 06:42:00+00:00,64355.14,64364.33,64355.13,64358.67,10.96336
2026-08-07 06:42:00+00:00,2026-08-07 06:45:00+00:00,64358.67,64369.43,64348.82,64353.5,27.25908
2026-08-07 06:45:00+00:00,2026-08-07 06:48:00+00:00,64353.5,64372.51,64306.06,64313.8,39.52787
2026-08-07 06:48:00+00:00,2026-08-07 06:51:00+00:00,64313.8,64321.98,64306.06,64312.48,23.37819
2026-08-07 06:51:00+00:00,2026-08-07 06:54:00+00:00,64312.48,64314.21,64283.91,64291.33,19.18024
2026-08-07 06:54:00+00:00,2026-08-07 06:57:00+00:00,64291.33,64329.95,64291.33,64329.94,76.56673
2026-08-07 06:57:00+00:00,2026-08-07 07:00:00+00:00,64329.95,64337.34,64304.11,64304.12,65.26547
2026-08-07 07:00:00+00:00,2026-08-07 07:03:00+00:00,64304.12,64304.12,64264.0,64271.98,21.87659
2026-08-07 07:03:00+00:00,2026-08-07 07:06:00+00:00,64271.98,64308.0,64271.98,64307.99,13.80609
2026-08-07 07:06:00+00:00,2026-08-07 07:09:00+00:00,64308.0,64338.24,64305.71,64338.24,42.85653
2026-08-07 07:09:00+00:00,2026-08-07 07:12:00+00:00,64338.24,64371.06,64338.23,64350.19,16.65904
2026-08-07 07:12:00+00:00,2026-08-07 07:15:00+00:00,64350.2,64350.2,64338.39,64338.4,5.64641
2026-08-07 07:15:00+00:00,2026-08-07 07:18:00+00:00,64338.39,64350.2,64338.39,64339.82,11.80872
2026-08-07 07:18:00+00:00,2026-08-07 07:21:00+00:00,64339.83,64350.0,64339.19,64339.55,10.08972
2026-08-07 07:21:00+00:00,2026-08-07 07:24:00+00:00,64339.55,64436.13,64333.0,64370.01,58.32527
2026-08-07 07:24:00+00:00,2026-08-07 07:27:00+00:00,64370.02,64424.97,64370.0,64402.16,40.99486
2026-08-07 07:27:00+00:00,2026-08-07 07:30:00+00:00,64402.17,64419.98,64402.16,64408.45,11.00428
2026-08-07 07:30:00+00:00,2026-08-07 07:33:00+00:00,64408.45,64408.45,64378.54,64378.55,11.70086
2026-08-07 07:33:00+00:00,2026-08-07 07:36:00+00:00,64378.55,64418.14,64378.54,64418.13,19.76987
2026-08-07 07:36:00+00:00,2026-08-07 07:39:00+00:00,64418.14,64418.14,64400.9,64400.92,19.46905
2026-08-07 07:39:00+00:00,2026-08-07 07:42:00+00:00,64400.92,64400.92,64378.23,64385.37,14.4651
2026-08-07 07:42:00+00:00,2026-08-07 07:45:00+00:00,64385.38,64385.38,64371.86,64371.86,8.57711
2026-08-07 07:45:00+00:00,2026-08-07 07:48:00+00:00,64371.86,64371.87,64367.76,64367.77,16.76855
2026-08-07 07:48:00+00:00,2026-08-07 07:51:00+00:00,64367.77,64367.77,64367.76,64367.77,7.44063
2026-08-07 07:51:00+00:00,2026-08-07 07:54:00+00:00,64367.77,64374.64,64367.76,64372.57,11.63128
2026-08-07 07:54:00+00:00,2026-08-07 07:57:00+00:00,64372.57,64372.57,64345.65,64350.1,14.76016
2026-08-07 07:57:00+00:00,2026-08-07 08:00:00+00:00,64350.1,64350.1,64311.35,64319.84,24.74137
2026-08-07 08:00:00+00:00,2026-08-07 08:03:00+00:00,64319.84,64324.24,64304.22,64314.66,18.26162
2026-08-07 08:03:00+00:00,2026-08-07 08:06:00+00:00,64314.67,64345.23,64314.66,64345.23,8.14345
2026-08-07 08:06:00+00:00,2026-08-07 08:09:00+00:00,64345.23,64354.63,64324.0,64332.68,18.00212
2026-08-07 08:09:00+00:00,2026-08-07 08:12:00+00:00,64332.68,64361.99,64315.03,64361.99,21.49549
2026-08-07 08:12:00+00:00,2026-08-07 08:15:00+00:00,64361.99,64385.84,64361.99,64370.65,14.006
2026-08-07 08:15:00+00:00,2026-08-07 08:18:00+00:00,64370.65,64416.0,64370.65,64412.0,18.13856
2026-08-07 08:18:00+00:00,2026-08-07 08:21:00+00:00,64412.0,64440.0,64411.99,64422.79,11.92015
2026-08-07 08:21:00+00:00,2026-08-07 08:24:00+00:00,64422.79,64422.8,64398.02,64407.06,35.38328
2026-08-07 08:24:00+00:00,2026-08-07 08:27:00+00:00,64407.06,64447.12,64407.06,64447.12,11.95112
2026-08-07 08:27:00+00:00,2026-08-07 08:30:00+00:00,64447.12,64455.25,64436.14,64450.84,10.68493
2026-08-07 08:30:00+00:00,2026-08-07 08:33:00+00:00,64450.83,64500.0,64450.83,64480.27,18.09081
2026-08-07 08:33:00+00:00,2026-08-07 08:36:00+00:00,64480.28,64524.66,64480.27,64498.68,32.93797
2026-08-07 08:36:00+00:00,2026-08-07 08:39:00+00:00,64498.68,64498.68,64450.17,64478.19,19.37584
2026-08-07 08:39:00+00:00,2026-08-07 08:42:00+00:00,64478.19,64523.23,64478.19,64523.23,14.1785
2026-08-07 08:42:00+00:00,2026-08-07 08:45:00+00:00,64523.23,64672.1,64523.23,64632.0,80.31154
2026-08-07 08:45:00+00:00,2026-08-07 08:48:00+00:00,64632.01,64632.01,64584.09,64602.35,32.89086
2026-08-07 08:48:00+00:00,2026-08-07 08:51:00+00:00,64602.35,64616.67,64596.96,64602.05,19.12095
2026-08-07 08:51:00+00:00,2026-08-07 08:54:00+00:00,64602.05,64614.0,64589.93,64591.33,18.28596
2026-08-07 08:54:00+00:00,2026-08-07 08:57:00+00:00,64591.32,64600.0,64580.7,64583.98,17.74131
2026-08-07 08:57:00+00:00,2026-08-07 09:00:00+00:00,64583.98,64600.0,64580.01,64600.0,12.30362
2026-08-07 09:00:00+00:00,2026-08-07 09:03:00+00:00,64600.0,64658.0,64599.99,64657.99,28.76393
2026-08-07 09:03:00+00:00,2026-08-07 09:06:00+00:00,64658.0,64689.0,64657.99,64682.01,21.4181
2026-08-07 09:06:00+00:00,2026-08-07 09:09:00+00:00,64682.01,64690.0,64667.33,64689.99,17.886
2026-08-07 09:09:00+00:00,2026-08-07 09:12:00+00:00,64689.99,64760.33,64689.99,64760.33,26.18356
2026-08-07 09:12:00+00:00,2026-08-07 09:15:00+00:00,64760.32,64773.12,64721.76,64733.26,29.80391
2026-08-07 09:15:00+00:00,2026-08-07 09:18:00+00:00,64733.27,64765.99,64733.26,64765.99,26.29942
2026-08-07 09:18:00+00:00,2026-08-07 09:21:00+00:00,64765.99,64784.86,64738.59,64738.6,29.22956
2026-08-07 09:21:00+00:00,2026-08-07 09:24:00+00:00,64738.6,64788.0,64738.6,64787.42,23.22567
2026-08-07 09:24:00+00:00,2026-08-07 09:27:00+00:00,64787.42,64885.91,64787.41,64832.87,192.55395
2026-08-07 09:27:00+00:00,2026-08-07 09:30:00+00:00,64832.87,64840.0,64800.81,64833.99,46.28147
2026-08-07 09:30:00+00:00,2026-08-07 09:33:00+00:00,64834.0,64935.92,64809.07,64935.91,49.7497
2026-08-07 09:33:00+00:00,2026-08-07 09:36:00+00:00,64935.92,64940.0,64917.65,64930.09,115.734
2026-08-07 09:36:00+00:00,2026-08-07 09:39:00+00:00,64930.18,64965.0,64917.38,64928.46,38.7053
2026-08-07 09:39:00+00:00,2026-08-07 09:42:00+00:00,64928.46,64950.0,64883.94,64899.17,108.56535
2026-08-07 09:42:00+00:00,2026-08-07 09:45:00+00:00,64899.17,64905.63,64891.83,64905.62,32.29204
2026-08-07 09:45:00+00:00,2026-08-07 09:48:00+00:00,64905.62,64910.0,64880.45,64887.99,40.69241
2026-08-07 09:48:00+00:00,2026-08-07 09:51:00+00:00,64888.0,64895.04,64840.35,64894.31,32.87972
2026-08-07 09:51:00+00:00,2026-08-07 09:54:00+00:00,64894.31,64894.32,64845.61,64845.61,25.31535
2026-08-07 09:54:00+00:00,2026-08-07 09:57:00+00:00,64845.62,64856.03,64840.35,64840.36,14.49322
2026-08-07 09:57:00+00:00,2026-08-07 10:00:00+00:00,64840.35,64840.36,64825.32,64839.32,17.07893
2026-08-07 10:00:00+00:00,2026-08-07 10:03:00+00:00,64839.32,64872.12,64803.82,64838.96,37.52247
2026-08-07 10:03:00+00:00,2026-08-07 10:06:00+00:00,64838.95,64862.0,64836.0,64836.0,16.85585
2026-08-07 10:06:00+00:00,2026-08-07 10:09:00+00:00,64836.0,64836.0,64822.25,64832.4,6.17602
2026-08-07 10:09:00+00:00,2026-08-07 10:12:00+00:00,64832.4,64850.0,64826.33,64827.65,14.07421
2026-08-07 10:12:00+00:00,2026-08-07 10:15:00+00:00,64827.66,64850.0,64827.65,64846.96,20.94317
2026-08-07 10:15:00+00:00,2026-08-07 10:18:00+00:00,64846.97,64846.97,64840.0,64844.73,8.12839
2026-08-07 10:18:00+00:00,2026-08-07 10:21:00+00:00,64844.74,64862.0,64844.73,64856.0,10.27702
2026-08-07 10:21:00+00:00,2026-08-07 10:24:00+00:00,64855.99,64864.94,64823.24,64823.24,45.03336
2026-08-07 10:24:00+00:00,2026-08-07 10:27:00+00:00,64823.25,64823.25,64802.0,64815.04,31.62518
2026-08-07 10:27:00+00:00,2026-08-07 10:30:00+00:00,64815.05,64895.04,64815.05,64895.04,9.58635
2026-08-07 10:30:00+00:00,2026-08-07 10:33:00+00:00,64895.03,64916.0,64884.04,64900.5,27.04446
2026-08-07 10:33:00+00:00,2026-08-07 10:36:00+00:00,64900.5,64900.5,64877.96,64884.37,23.65984
2026-08-07 10:36:00+00:00,2026-08-07 10:39:00+00:00,64884.37,64884.38,64860.15,64863.68,22.09477
2026-08-07 10:39:00+00:00,2026-08-07 10:42:00+00:00,64863.68,64863.75,64860.06,64863.74,7.77824
2026-08-07 10:42:00+00:00,2026-08-07 10:45:00+00:00,64863.74,64880.02,64855.73,64863.99,18.08926
2026-08-07 10:45:00+00:00,2026-08-07 10:48:00+00:00,64864.0,64883.04,64861.87,64883.04,20.78456
2026-08-07 10:48:00+00:00,2026-08-07 10:51:00+00:00,64883.21,64906.99,64883.21,64906.99,16.65762
2026-08-07 10:51:00+00:00,2026-08-07 10:54:00+00:00,64906.99,64910.7,64888.33,64888.34,9.68311
2026-08-07 10:54:00+00:00,2026-08-07 10:57:00+00:00,64888.33,64893.99,64888.0,64893.98,8.57412
2026-08-07 10:57:00+00:00,2026-08-07 11:00:00+00:00,64893.98,64894.21,64893.98,64893.98,8.12826
2026-08-07 11:00:00+00:00,2026-08-07 11:03:00+00:00,64893.99,64927.78,64893.64,64918.0,23.85203
2026-08-07 11:03:00+00:00,2026-08-07 11:06:00+00:00,64918.0,64973.89,64917.99,64959.99,27.23197
2026-08-07 11:06:00+00:00,2026-08-07 11:09:00+00:00,64960.0,64974.04,64959.99,64974.03,6.32945
2026-08-07 11:09:00+00:00,2026-08-07 11:12:00+00:00,64974.03,64977.85,64968.88,64968.88,13.02762
2026-08-07 11:12:00+00:00,2026-08-07 11:15:00+00:00,64968.89,64971.02,64955.87,64963.0,16.04084
2026-08-07 11:15:00+00:00,2026-08-07 11:18:00+00:00,64962.99,64973.92,64962.99,64973.92,28.83333
2026-08-07 11:18:00+00:00,2026-08-07 11:21:00+00:00,64973.91,65016.65,64934.52,64983.22,104.94499
2026-08-07 11:21:00+00:00,2026-08-07 11:24:00+00:00,64983.22,65213.33,64983.21,65166.0,134.50539
2026-08-07 11:24:00+00:00,2026-08-07 11:27:00+00:00,65165.99,65166.0,65085.52,65085.53,45.86002
2026-08-07 11:27:00+00:00,2026-08-07 11:30:00+00:00,65085.53,65126.16,65084.82,65084.82,30.14003
2026-08-07 11:30:00+00:00,2026-08-07 11:33:00+00:00,65084.82,65099.99,65040.3,65051.53,37.47155
2026-08-07 11:33:00+00:00,2026-08-07 11:36:00+00:00,65051.53,65051.53,65015.99,65025.01,27.57148
2026-08-07 11:36:00+00:00,2026-08-07 11:39:00+00:00,65025.0,65065.99,65025.0,65065.99,27.86293
2026-08-07 11:39:00+00:00,2026-08-07 11:42:00+00:00,65065.99,65088.11,65044.01,65053.77,27.46762
2026-08-07 11:42:00+00:00,2026-08-07 11:45:00+00:00,65053.76,65058.51,65026.87,65026.87,30.207
2026-08-07 11:45:00+00:00,2026-08-07 11:48:00+00:00,65026.87,65043.24,65026.87,65043.23,7.76334
2026-08-07 11:48:00+00:00,2026-08-07 11:51:00+00:00,65043.24,65044.37,65035.7,65044.3,11.70811
2026-08-07 11:51:00+00:00,2026-08-07 11:54:00+00:00,65044.31,65044.31,65000.0,65011.63,22.92639
2026-08-07 11:54:00+00:00,2026-08-07 11:57:00+00:00,65011.62,65030.0,65011.62,65018.25,17.84463
2026-08-07 11:57:00+00:00,2026-08-07 12:00:00+00:00,65018.26,65029.98,65018.25,65029.98,11.08569
2026-08-07 12:00:00+00:00,2026-08-07 12:03:00+00:00,65029.98,65073.99,65029.97,65073.99,35.42102
2026-08-07 12:03:00+00:00,2026-08-07 12:06:00+00:00,65074.0,65083.44,65035.37,65049.21,31.46217
2026-08-07 12:06:00+00:00,2026-08-07 12:09:00+00:00,65049.21,65106.0,65037.96,65085.83,20.59187
2026-08-07 12:09:00+00:00,2026-08-07 12:12:00+00:00,65085.83,65270.35,65085.83,65232.37,89.14625
2026-08-07 12:12:00+00:00,2026-08-07 12:15:00+00:00,65232.37,65280.6,65198.63,65213.99,60.76139
2026-08-07 12:15:00+00:00,2026-08-07 12:18:00+00:00,65214.0,65235.89,65176.06,65186.21,39.97234
2026-08-07 12:18:00+00:00,2026-08-07 12:21:00+00:00,65186.22,65205.71,65116.0,65116.0,23.52455
2026-08-07 12:21:00+00:00,2026-08-07 12:24:00+00:00,65116.0,65157.97,65105.05,65105.06,20.97554
2026-08-07 12:24:00+00:00,2026-08-07 12:27:00+00:00,65105.05,65119.8,65089.45,65112.6,25.71007
2026-08-07 12:27:00+00:00,2026-08-07 12:30:00+00:00,65112.61,65137.83,65055.93,65128.51,42.10926
2026-08-07 12:30:00+00:00,2026-08-07 12:33:00+00:00,65129.11,65365.6,64988.0,65154.0,265.37448
2026-08-07 12:33:00+00:00,2026-08-07 12:36:00+00:00,65154.01,65154.01,64986.26,65080.03,89.6672
2026-08-07 12:36:00+00:00,2026-08-07 12:39:00+00:00,65082.0,65156.34,65012.0,65128.69,40.0532
2026-08-07 12:39:00+00:00,2026-08-07 12:42:00+00:00,65128.69,65214.0,65120.0,65212.65,95.40658
2026-08-07 12:42:00+00:00,2026-08-07 12:45:00+00:00,65212.65,65212.65,65142.0,65160.28,71.55486
2026-08-07 12:45:00+00:00,2026-08-07 12:48:00+00:00,65160.27,65249.93,65160.27,65249.93,85.02931
2026-08-07 12:48:00+00:00,2026-08-07 12:51:00+00:00,65249.93,65301.99,65226.28,65301.99,77.05527
2026-08-07 12:51:00+00:00,2026-08-07 12:54:00+00:00,65301.99,65331.92,65256.4,65331.54,100.26042
2026-08-07 12:54:00+00:00,2026-08-07 12:57:00+00:00,65331.53,65390.99,65268.0,65273.99,164.4191
2026-08-07 12:57:00+00:00,2026-08-07 13:00:00+00:00,65274.0,65296.0,65261.39,65292.32,34.26872
2026-08-07 13:00:00+00:00,2026-08-07 13:03:00+00:00,65292.31,65300.0,65189.31,65209.98,56.691
2026-08-07 13:03:00+00:00,2026-08-07 13:06:00+00:00,65209.98,65297.75,65209.98,65264.07,46.84487
2026-08-07 13:06:00+00:00,2026-08-07 13:09:00+00:00,65264.08,65330.0,65258.0,65263.01,38.19257
2026-08-07 13:09:00+00:00,2026-08-07 13:12:00+00:00,65263.01,65266.01,65210.09,65220.5,27.54881
2026-08-07 13:12:00+00:00,2026-08-07 13:15:00+00:00,65220.51,65239.99,65208.01,65223.48,26.24463
2026-08-07 13:15:00+00:00,2026-08-07 13:18:00+00:00,65223.47,65236.0,65214.53,65235.99,22.76173
2026-08-07 13:18:00+00:00,2026-08-07 13:21:00+00:00,65236.0,65275.99,65224.69,65275.99,26.94298
2026-08-07 13:21:00+00:00,2026-08-07 13:24:00+00:00,65275.98,65277.77,65223.2,65223.2,32.91966
2026-08-07 13:24:00+00:00,2026-08-07 13:27:00+00:00,65223.21,65223.21,65142.16,65189.71,45.99181
2026-08-07 13:27:00+00:00,2026-08-07 13:30:00+00:00,65189.71,65189.71,65114.67,65163.16,59.16019
2026-08-07 13:30:00+00:00,2026-08-07 13:33:00+00:00,65163.16,65285.64,65106.81,65285.63,69.74601
2026-08-07 13:33:00+00:00,2026-08-07 13:36:00+00:00,65285.64,65328.31,65264.44,65303.32,63.66929
2026-08-07 13:36:00+00:00,2026-08-07 13:39:00+00:00,65303.33,65305.17,65123.49,65214.0,65.57141
2026-08-07 13:39:00+00:00,2026-08-07 13:42:00+00:00,65214.01,65321.77,65210.45,65239.48,82.63038
2026-08-07 13:42:00+00:00,2026-08-07 13:45:00+00:00,65239.49,65321.6,65184.0,65308.35,72.81084
2026-08-07 13:45:00+00:00,2026-08-07 13:48:00+00:00,65308.35,65338.0,65140.0,65144.81,51.22437
2026-08-07 13:48:00+00:00,2026-08-07 13:51:00+00:00,65144.81,65261.36,65104.0,65251.7,102.75039
2026-08-07 13:51:00+00:00,2026-08-07 13:54:00+00:00,65251.7,65280.24,65117.9,65127.31,147.96041
2026-08-07 13:54:00+00:00,2026-08-07 13:57:00+00:00,65127.32,65157.38,65024.0,65033.15,107.05049
2026-08-07 13:57:00+00:00,2026-08-07 14:00:00+00:00,65033.14,65061.15,64984.68,65009.24,124.54041
2026-08-07 14:00:00+00:00,2026-08-07 14:03:00+00:00,65009.23,65041.99,64889.5,65024.13,86.21316
2026-08-07 14:03:00+00:00,2026-08-07 14:06:00+00:00,65024.12,65026.33,64828.82,64828.82,100.43889
2026-08-07 14:06:00+00:00,2026-08-07 14:09:00+00:00,64828.82,64881.69,64808.0,64828.15,43.84242
2026-08-07 14:09:00+00:00,2026-08-07 14:12:00+00:00,64828.15,64897.4,64818.0,64850.0,35.60497
2026-08-07 14:12:00+00:00,2026-08-07 14:15:00+00:00,64850.0,64898.11,64788.0,64830.84,43.78609
2026-08-07 14:15:00+00:00,2026-08-07 14:18:00+00:00,64830.84,64935.09,64800.0,64894.71,35.0742
2026-08-07 14:18:00+00:00,2026-08-07 14:21:00+00:00,64894.7,65036.68,64885.21,65036.67,49.7892
2026-08-07 14:21:00+00:00,2026-08-07 14:24:00+00:00,65036.67,65078.97,65008.01,65037.66,53.89808
2026-08-07 14:24:00+00:00,2026-08-07 14:27:00+00:00,65037.67,65166.64,65026.0,65166.64,33.038
2026-08-07 14:27:00+00:00,2026-08-07 14:30:00+00:00,65166.64,65235.99,65150.63,65190.0,50.95153
2026-08-07 14:30:00+00:00,2026-08-07 14:33:00+00:00,65190.0,65190.0,65098.0,65190.0,56.22732
2026-08-07 14:33:00+00:00,2026-08-07 14:36:00+00:00,65189.99,65214.12,65120.32,65142.1,39.76943
2026-08-07 14:36:00+00:00,2026-08-07 14:39:00+00:00,65142.09,65275.03,65142.09,65252.72,72.32426
2026-08-07 14:39:00+00:00,2026-08-07 14:42:00+00:00,65252.72,65252.73,65139.84,65178.51,42.20629
2026-08-07 14:42:00+00:00,2026-08-07 14:45:00+00:00,65178.52,65211.37,65091.63,65100.46,43.21885
2026-08-07 14:45:00+00:00,2026-08-07 14:48:00+00:00,65100.46,65140.8,65088.52,65133.99,35.83143
2026-08-07 14:48:00+00:00,2026-08-07 14:51:00+00:00,65133.99,65155.99,65073.1,65099.31,52.69558
2026-08-07 14:51:00+00:00,2026-08-07 14:54:00+00:00,65099.3,65102.0,64957.37,65034.0,46.78607
2026-08-07 14:54:00+00:00,2026-08-07 14:57:00+00:00,65034.01,65042.58,64984.28,64993.15,37.54381
2026-08-07 14:57:00+00:00,2026-08-07 15:00:00+00:00,64993.15,65005.06,64950.0,64957.98,23.34613
2026-08-07 15:00:00+00:00,2026-08-07 15:03:00+00:00,64957.98,64978.67,64931.66,64957.02,40.20248
2026-08-07 15:03:00+00:00,2026-08-07 15:06:00+00:00,64957.03,64968.0,64894.83,64941.81,29.21048
2026-08-07 15:06:00+00:00,2026-08-07 15:09:00+00:00,64941.81,65000.0,64935.01,64975.88,18.89145
2026-08-07 15:09:00+00:00,2026-08-07 15:12:00+00:00,64975.88,65040.84,64949.97,64949.97,27.00008
2026-08-07 15:12:00+00:00,2026-08-07 15:15:00+00:00,64949.96,64966.0,64942.86,64966.0,12.97812
2026-08-07 15:15:00+00:00,2026-08-07 15:18:00+00:00,64965.99,65002.0,64933.82,65002.0,21.1373
2026-08-07 15:18:00+00:00,2026-08-07 15:21:00+00:00,65001.99,65040.0,64972.0,65033.26,12.54144
2026-08-07 15:21:00+00:00,2026-08-07 15:24:00+00:00,65033.25,65033.26,64970.47,65013.99,20.92239
2026-08-07 15:24:00+00:00,2026-08-07 15:27:00+00:00,65014.0,65066.0,65012.0,65046.0,17.88243
2026-08-07 15:27:00+00:00,2026-08-07 15:30:00+00:00,65046.0,65049.47,65012.98,65025.99,14.79153
2026-08-07 15:30:00+00:00,2026-08-07 15:33:00+00:00,65026.0,65125.41,65013.04,65125.41,22.93437
2026-08-07 15:33:00+00:00,2026-08-07 15:36:00+00:00,65125.41,65136.17,65051.06,65076.75,28.21317
2026-08-07 15:36:00+00:00,2026-08-07 15:39:00+00:00,65076.74,65084.0,64992.72,64992.72,30.46648
2026-08-07 15:39:00+00:00,2026-08-07 15:42:00+00:00,64992.73,65034.0,64992.72,65015.99,19.13752
2026-08-07 15:42:00+00:00,2026-08-07 15:45:00+00:00,65016.0,65045.36,65012.0,65020.82,20.01955
2026-08-07 15:45:00+00:00,2026-08-07 15:48:00+00:00,65020.82,65022.49,64986.08,65004.01,35.8651
2026-08-07 15:48:00+00:00,2026-08-07 15:51:00+00:00,65004.01,65026.0,64990.12,65025.99,18.83511
2026-08-07 15:51:00+00:00,2026-08-07 15:54:00+00:00,65025.99,65026.0,64946.0,64946.01,27.11178
2026-08-07 15:54:00+00:00,2026-08-07 15:57:00+00:00,64946.01,64960.0,64935.96,64959.99,19.34457
2026-08-07 15:57:00+00:00,2026-08-07 16:00:00+00:00,64959.99,64968.04,64910.12,64912.72,30.54255
2026-08-07 16:00:00+00:00,2026-08-07 16:03:00+00:00,64912.71,64966.83,64912.71,64950.79,43.38505
2026-08-07 16:03:00+00:00,2026-08-07 16:06:00+00:00,64950.78,64991.99,64938.0,64974.93,24.10984
2026-08-07 16:06:00+00:00,2026-08-07 16:09:00+00:00,64974.93,65021.17,64974.93,65000.0,18.07013
2026-08-07 16:09:00+00:00,2026-08-07 16:12:00+00:00,65000.01,65024.86,65000.0,65002.79,9.24687
2026-08-07 16:12:00+00:00,2026-08-07 16:15:00+00:00,65002.79,65072.31,65000.0,65045.05,16.31542
2026-08-07 16:15:00+00:00,2026-08-07 16:18:00+00:00,65045.04,65051.82,64982.36,64997.51,27.03418
2026-08-07 16:18:00+00:00,2026-08-07 16:21:00+00:00,64997.52,65040.36,64978.0,65025.99,38.45842
2026-08-07 16:21:00+00:00,2026-08-07 16:24:00+00:00,65026.0,65027.06,64934.93,64934.93,26.54894
2026-08-07 16:24:00+00:00,2026-08-07 16:27:00+00:00,64934.93,64940.7,64907.54,64913.96,22.40849
2026-08-07 16:27:00+00:00,2026-08-07 16:30:00+00:00,64913.97,64936.34,64894.83,64932.36,23.8341
2026-08-07 16:30:00+00:00,2026-08-07 16:33:00+00:00,64932.37,64942.0,64872.62,64942.0,83.58322
2026-08-07 16:33:00+00:00,2026-08-07 16:36:00+00:00,64942.0,64967.6,64941.99,64965.89,12.75384
2026-08-07 16:36:00+00:00,2026-08-07 16:39:00+00:00,64965.9,64971.71,64928.0,64928.2,11.97692
2026-08-07 16:39:00+00:00,2026-08-07 16:42:00+00:00,64928.2,64966.03,64928.2,64960.26,11.04707
2026-08-07 16:42:00+00:00,2026-08-07 16:45:00+00:00,64960.26,64961.68,64941.28,64949.64,11.34237
2026-08-07 16:45:00+00:00,2026-08-07 16:48:00+00:00,64949.63,64950.78,64918.0,64918.0,18.41505
2026-08-07 16:48:00+00:00,2026-08-07 16:51:00+00:00,64918.0,64950.4,64912.0,64950.39,14.20092
2026-08-07 16:51:00+00:00,2026-08-07 16:54:00+00:00,64950.4,64950.4,64886.04,64892.23,13.7102
2026-08-07 16:54:00+00:00,2026-08-07 16:57:00+00:00,64892.23,64892.24,64838.0,64853.21,28.27324
2026-08-07 16:57:00+00:00,2026-08-07 17:00:00+00:00,64853.2,64859.71,64814.0,64814.0,30.62197
2026-08-07 17:00:00+00:00,2026-08-07 17:03:00+00:00,64814.01,64828.82,64708.0,64730.0,109.86063
2026-08-07 17:03:00+00:00,2026-08-07 17:06:00+00:00,64729.99,64779.11,64729.99,64779.11,38.37342
2026-08-07 17:06:00+00:00,2026-08-07 17:09:00+00:00,64779.1,64814.0,64765.86,64814.0,32.12207
2026-08-07 17:09:00+00:00,2026-08-07 17:12:00+00:00,64813.99,64814.0,64752.0,64755.42,11.38437
2026-08-07 17:12:00+00:00,2026-08-07 17:15:00+00:00,64755.42,64756.0,64700.0,64700.39,16.52018
2026-08-07 17:15:00+00:00,2026-08-07 17:18:00+00:00,64700.39,64730.0,64662.4,64722.75,26.83208
2026-08-07 17:18:00+00:00,2026-08-07 17:21:00+00:00,64722.75,64735.02,64694.0,64712.01,15.78966
2026-08-07 17:21:00+00:00,2026-08-07 17:24:00+00:00,64712.0,64712.0,64643.23,64650.0,19.679
2026-08-07 17:24:00+00:00,2026-08-07 17:27:00+00:00,64650.0,64658.53,64618.5,64620.8,21.81899
2026-08-07 17:27:00+00:00,2026-08-07 17:30:00+00:00,64620.81,64626.75,64582.42,64599.99,67.22096
2026-08-07 17:30:00+00:00,2026-08-07 17:33:00+00:00,64599.99,64599.99,64550.0,64555.0,18.71517
2026-08-07 17:33:00+00:00,2026-08-07 17:36:00+00:00,64555.01,64596.0,64525.0,64568.96,66.81947
2026-08-07 17:36:00+00:00,2026-08-07 17:39:00+00:00,64568.96,64655.46,64568.96,64655.45,32.57986
2026-08-07 17:39:00+00:00,2026-08-07 17:42:00+00:00,64655.46,64682.43,64652.86,64669.99,15.20955
2026-08-07 17:42:00+00:00,2026-08-07 17:45:00+00:00,64670.0,64688.0,64662.0,64679.99,17.86411
2026-08-07 17:45:00+00:00,2026-08-07 17:48:00+00:00,64680.0,64739.13,64680.0,64682.02,22.10964
2026-08-07 17:48:00+00:00,2026-08-07 17:51:00+00:00,64682.02,64722.0,64660.02,64717.03,23.11131
2026-08-07 17:51:00+00:00,2026-08-07 17:54:00+00:00,64717.03,64719.45,64667.09,64675.99,12.01197
2026-08-07 17:54:00+00:00,2026-08-07 17:57:00+00:00,64675.99,64754.51,64674.0,64747.52,20.63938
2026-08-07 17:57:00+00:00,2026-08-07 18:00:00+00:00,64747.52,64764.33,64735.57,64764.33,14.99534
2026-08-07 18:00:00+00:00,2026-08-07 18:03:00+00:00,64764.33,64856.0,64762.0,64847.99,26.78205
2026-08-07 18:03:00+00:00,2026-08-07 18:06:00+00:00,64848.0,64862.02,64841.98,64853.23,13.13351
2026-08-07 18:06:00+00:00,2026-08-07 18:09:00+00:00,64853.24,64872.0,64840.24,64871.99,8.29061
2026-08-07 18:09:00+00:00,2026-08-07 18:12:00+00:00,64872.0,64879.82,64862.0,64862.61,6.27976
2026-08-07 18:12:00+00:00,2026-08-07 18:15:00+00:00,64862.62,64881.13,64845.74,64847.99,11.9155
2026-08-07 18:15:00+00:00,2026-08-07 18:18:00+00:00,64848.0,64864.66,64814.0,64842.0,14.48016
2026-08-07 18:18:00+00:00,2026-08-07 18:21:00+00:00,64842.0,64843.96,64824.0,64824.0,3.55162
2026-08-07 18:21:00+00:00,2026-08-07 18:24:00+00:00,64824.01,64831.54,64808.0,64822.09,7.85767
2026-08-07 18:24:00+00:00,2026-08-07 18:27:00+00:00,64822.1,64822.1,64794.68,64794.96,7.45264
2026-08-07 18:27:00+00:00,2026-08-07 18:30:00+00:00,64794.97,64828.81,64794.97,64809.38,12.93427
2026-08-07 18:30:00+00:00,2026-08-07 18:33:00+00:00,64809.39,64839.85,64809.38,64825.58,6.97007
2026-08-07 18:33:00+00:00,2026-08-07 18:36:00+00:00,64825.58,64836.0,64771.49,64771.49,11.13755
2026-08-07 18:36:00+00:00,2026-08-07 18:39:00+00:00,64771.49,64784.0,64762.13,64762.14,6.63604
2026-08-07 18:39:00+00:00,2026-08-07 18:42:00+00:00,64762.14,64786.0,64747.18,64786.0,25.70512
2026-08-07 18:42:00+00:00,2026-08-07 18:45:00+00:00,64786.0,64786.0,64727.26,64727.27,9.30275
2026-08-07 18:45:00+00:00,2026-08-07 18:48:00+00:00,64727.26,64750.93,64712.37,64712.37,14.26063
2026-08-07 18:48:00+00:00,2026-08-07 18:51:00+00:00,64712.36,64719.77,64701.99,64714.06,11.73231
2026-08-07 18:51:00+00:00,2026-08-07 18:54:00+00:00,64714.06,64714.07,64678.45,64678.45,6.62781
2026-08-07 18:54:00+00:00,2026-08-07 18:57:00+00:00,64678.45,64695.77,64676.0,64695.75,7.29268
2026-08-07 18:57:00+00:00,2026-08-07 19:00:00+00:00,64695.75,64738.49,64695.75,64735.51,13.09929
2026-08-07 19:00:00+00:00,2026-08-07 19:03:00+00:00,64735.52,64850.0,64735.52,64791.74,25.5274
2026-08-07 19:03:00+00:00,2026-08-07 19:06:00+00:00,64791.75,64803.0,64776.71,64795.2,10.72186
2026-08-07 19:06:00+00:00,2026-08-07 19:09:00+00:00,64795.19,64814.0,64795.19,64805.65,11.30371
2026-08-07 19:09:00+00:00,2026-08-07 19:12:00+00:00,64805.65,64872.0,64805.65,64837.16,17.93263
2026-08-07 19:12:00+00:00,2026-08-07 19:15:00+00:00,64837.15,64851.77,64823.55,64839.97,7.92638
2026-08-07 19:15:00+00:00,2026-08-07 19:18:00+00:00,64839.97,64892.48,64839.97,64861.0,17.88578
2026-08-07 19:18:00+00:00,2026-08-07 19:21:00+00:00,64861.0,64917.95,64860.99,64912.46,12.41553
2026-08-07 19:21:00+00:00,2026-08-07 19:24:00+00:00,64912.45,64950.0,64903.62,64949.99,15.51639
2026-08-07 19:24:00+00:00,2026-08-07 19:27:00+00:00,64950.0,64950.0,64933.23,64938.83,9.0989
2026-08-07 19:27:00+00:00,2026-08-07 19:30:00+00:00,64938.83,64984.86,64938.82,64940.69,29.81092
2026-08-07 19:30:00+00:00,2026-08-07 19:33:00+00:00,64940.7,64974.16,64936.0,64967.87,15.38018
2026-08-07 19:33:00+00:00,2026-08-07 19:36:00+00:00,64967.87,64997.43,64958.31,64997.42,33.72428
2026-08-07 19:36:00+00:00,2026-08-07 19:39:00+00:00,64997.43,65039.42,64962.52,64968.01,42.92807
2026-08-07 19:39:00+00:00,2026-08-07 19:42:00+00:00,64968.0,65017.79,64948.0,64996.56,42.43179
2026-08-07 19:42:00+00:00,2026-08-07 19:45:00+00:00,64996.57,65003.15,64972.01,64972.01,14.22455
2026-08-07 19:45:00+00:00,2026-08-07 19:48:00+00:00,64972.01,65006.04,64972.0,65001.57,19.17374
2026-08-07 19:48:00+00:00,2026-08-07 19:51:00+00:00,65001.57,65001.58,64968.0,64993.51,13.37807
2026-08-07 19:51:00+00:00,2026-08-07 19:54:00+00:00,64993.51,64994.9,64945.37,64961.3,18.78573
2026-08-07 19:54:00+00:00,2026-08-07 19:57:00+00:00,64961.31,64979.31,64949.52,64966.01,14.52011
2026-08-07 19:57:00+00:00,2026-08-07 20:00:00+00:00,64966.01,64986.45,64960.46,64960.47,25.8662
2026-08-07 20:00:00+00:00,2026-08-07 20:03:00+00:00,64960.46,65053.56,64958.14,64968.0,64.48887
2026-08-07 20:03:00+00:00,2026-08-07 20:06:00+00:00,64968.0,65000.28,64953.08,64981.37,23.05104
2026-08-07 20:06:00+00:00,2026-08-07 20:09:00+00:00,64981.38,65000.0,64981.37,64999.99,9.08514
2026-08-07 20:09:00+00:00,2026-08-07 20:12:00+00:00,65000.0,65010.88,64985.15,65000.59,13.87188
2026-08-07 20:12:00+00:00,2026-08-07 20:15:00+00:00,65000.58,65000.59,64985.55,64987.45,9.08309
2026-08-07 20:15:00+00:00,2026-08-07 20:18:00+00:00,64987.45,64988.12,64969.87,64969.87,5.69787
2026-08-07 20:18:00+00:00,2026-08-07 20:21:00+00:00,64969.88,64983.49,64969.87,64977.67,19.10529
2026-08-07 20:21:00+00:00,2026-08-07 20:24:00+00:00,64977.67,64977.68,64957.5,64975.89,8.6532
2026-08-07 20:24:00+00:00,2026-08-07 20:27:00+00:00,64975.9,65002.0,64975.89,64993.69,5.93103
2026-08-07 20:27:00+00:00,2026-08-07 20:30:00+00:00,64993.69,64993.69,64980.08,64980.09,4.9072
2026-08-07 20:30:00+00:00,2026-08-07 20:33:00+00:00,64980.09,64980.09,64958.68,64958.68,5.29597
2026-08-07 20:33:00+00:00,2026-08-07 20:36:00+00:00,64958.68,64958.69,64948.0,64948.0,3.10275
2026-08-07 20:36:00+00:00,2026-08-07 20:39:00+00:00,64948.0,64958.51,64948.0,64958.03,10.05384
2026-08-07 20:39:00+00:00,2026-08-07 20:42:00+00:00,64958.03,64958.72,64956.44,64956.45,13.81126
2026-08-07 20:42:00+00:00,2026-08-07 20:45:00+00:00,64956.44,64956.45,64956.02,64956.02,1.38309
2026-08-07 20:45:00+00:00,2026-08-07 20:48:00+00:00,64956.03,64966.02,64956.02,64966.02,4.81558
2026-08-07 20:48:00+00:00,2026-08-07 20:51:00+00:00,64966.02,64970.0,64962.51,64963.17,14.74474
2026-08-07 20:51:00+00:00,2026-08-07 20:54:00+00:00,64963.16,64975.01,64963.16,64975.01,5.90994
2026-08-07 20:54:00+00:00,2026-08-07 20:57:00+00:00,64975.01,64975.01,64967.4,64971.99,13.23411
2026-08-07 20:57:00+00:00,2026-08-07 21:00:00+00:00,64971.99,64972.0,64971.99,64972.0,2.27062
2026-08-07 21:00:00+00:00,2026-08-07 21:03:00+00:00,64972.0,64972.0,64971.51,64971.51,4.01487
2026-08-07 21:03:00+00:00,2026-08-07 21:06:00+00:00,64971.51,64972.42,64971.51,64972.42,1.55221
2026-08-07 21:06:00+00:00,2026-08-07 21:09:00+00:00,64972.41,64972.86,64972.41,64972.85,1.64591
2026-08-07 21:09:00+00:00,2026-08-07 21:12:00+00:00,64972.85,64991.44,64967.82,64991.44,31.41603
2026-08-07 21:12:00+00:00,2026-08-07 21:15:00+00:00,64991.43,65020.0,64991.43,65001.01,13.62528
2026-08-07 21:15:00+00:00,2026-08-07 21:18:00+00:00,65001.01,65012.01,64958.2,64958.2,11.43825
2026-08-07 21:18:00+00:00,2026-08-07 21:21:00+00:00,64958.19,64986.0,64958.19,64963.66,7.709
2026-08-07 21:21:00+00:00,2026-08-07 21:24:00+00:00,64963.67,64963.67,64950.97,64950.97,6.02604
2026-08-07 21:24:00+00:00,2026-08-07 21:27:00+00:00,64950.98,64987.91,64950.97,64986.34,6.51688
2026-08-07 21:27:00+00:00,2026-08-07 21:30:00+00:00,64986.34,64996.3,64986.32,64996.3,4.52403
2026-08-07 21:30:00+00:00,2026-08-07 21:33:00+00:00,64996.3,65012.01,64996.29,64996.49,10.2479
2026-08-07 21:33:00+00:00,2026-08-07 21:36:00+00:00,64996.49,65015.99,64996.49,65015.99,5.27185
2026-08-07 21:36:00+00:00,2026-08-07 21:39:00+00:00,65015.99,65018.0,65005.31,65015.43,12.1878
2026-08-07 21:39:00+00:00,2026-08-07 21:42:00+00:00,65015.44,65102.0,65015.43,65063.56,24.10404
2026-08-07 21:42:00+00:00,2026-08-07 21:45:00+00:00,65063.57,65074.44,65016.0,65024.73,15.23493
2026-08-07 21:45:00+00:00,2026-08-07 21:48:00+00:00,65024.74,65034.15,64998.28,64998.28,5.65603
2026-08-07 21:48:00+00:00,2026-08-07 21:51:00+00:00,64998.28,64998.29,64970.11,64974.68,4.24203
2026-08-07 21:51:00+00:00,2026-08-07 21:54:00+00:00,64974.69,64974.69,64950.86,64950.87,10.30799
2026-08-07 21:54:00+00:00,2026-08-07 21:57:00+00:00,64950.87,64950.87,64936.0,64938.15,5.91099
2026-08-07 21:57:00+00:00,2026-08-07 22:00:00+00:00,64938.14,64938.15,64928.0,64928.01,5.952
2026-08-07 22:00:00+00:00,2026-08-07 22:03:00+00:00,64928.02,64928.02,64900.86,64913.26,16.28594
2026-08-07 22:03:00+00:00,2026-08-07 22:06:00+00:00,64913.26,64930.5,64909.06,64910.5,20.32944
2026-08-07 22:06:00+00:00,2026-08-07 22:09:00+00:00,64910.49,64922.61,64910.49,64922.61,2.56245
2026-08-07 22:09:00+00:00,2026-08-07 22:12:00+00:00,64922.61,64923.47,64922.6,64923.47,2.04751
2026-08-07 22:12:00+00:00,2026-08-07 22:15:00+00:00,64923.47,64932.08,64922.15,64932.08,2.98975
2026-08-07 22:15:00+00:00,2026-08-07 22:18:00+00:00,64932.07,64946.83,64932.07,64946.83,3.36184
2026-08-07 22:18:00+00:00,2026-08-07 22:21:00+00:00,64946.83,64947.7,64909.55,64909.56,51.74587
2026-08-07 22:21:00+00:00,2026-08-07 22:24:00+00:00,64909.56,64909.56,64909.55,64909.55,1.44223
2026-08-07 22:24:00+00:00,2026-08-07 22:27:00+00:00,64909.56,64924.97,64909.55,64924.97,25.07987
2026-08-07 22:27:00+00:00,2026-08-07 22:30:00+00:00,64924.97,64924.97,64924.96,64924.97,0.93882
2026-08-07 22:30:00+00:00,2026-08-07 22:33:00+00:00,64924.96,64924.97,64888.0,64889.46,20.29401
2026-08-07 22:33:00+00:00,2026-08-07 22:36:00+00:00,64889.47,64892.32,64872.67,64872.89,8.77555
2026-08-07 22:36:00+00:00,2026-08-07 22:39:00+00:00,64872.9,64872.9,64846.0,64872.0,14.17788
2026-08-07 22:39:00+00:00,2026-08-07 22:42:00+00:00,64871.99,64872.0,64846.0,64856.34,12.42887
2026-08-07 22:42:00+00:00,2026-08-07 22:45:00+00:00,64856.33,64877.29,64856.33,64877.29,10.8837
2026-08-07 22:45:00+00:00,2026-08-07 22:48:00+00:00,64877.28,64897.19,64877.28,64897.19,9.76912
2026-08-07 22:48:00+00:00,2026-08-07 22:51:00+00:00,64897.19,64898.9,64897.19,64898.9,8.2809
2026-08-07 22:51:00+00:00,2026-08-07 22:54:00+00:00,64898.89,64921.53,64898.89,64921.52,6.39469
2026-08-07 22:54:00+00:00,2026-08-07 22:57:00+00:00,64921.52,64921.53,64878.65,64881.15,61.81937
2026-08-07 22:57:00+00:00,2026-08-07 23:00:00+00:00,64881.15,64888.01,64880.11,64888.0,24.50698
2026-08-07 23:00:00+00:00,2026-08-07 23:03:00+00:00,64888.0,64888.01,64883.78,64883.79,7.13247
2026-08-07 23:03:00+00:00,2026-08-07 23:06:00+00:00,64883.78,64890.14,64883.78,64890.13,13.07933
2026-08-07 23:06:00+00:00,2026-08-07 23:09:00+00:00,64890.14,64890.14,64890.13,64890.13,2.23307
2026-08-07 23:09:00+00:00,2026-08-07 23:12:00+00:00,64890.13,64890.14,64888.9,64888.9,5.52339
2026-08-07 23:12:00+00:00,2026-08-07 23:15:00+00:00,64888.9,64890.14,64887.6,64890.02,19.36226
2026-08-07 23:15:00+00:00,2026-08-07 23:18:00+00:00,64890.02,64890.02,64885.74,64885.74,1.78474
2026-08-07 23:18:00+00:00,2026-08-07 23:21:00+00:00,64885.74,64888.7,64869.99,64874.99,83.89451
2026-08-07 23:21:00+00:00,2026-08-07 23:24:00+00:00,64874.99,64875.0,64874.99,64875.0,3.39397
2026-08-07 23:24:00+00:00,2026-08-07 23:27:00+00:00,64875.0,64880.13,64874.99,64880.12,5.29296
2026-08-07 23:27:00+00:00,2026-08-07 23:30:00+00:00,64880.12,64888.7,64880.12,64888.7,14.60939
2026-08-07 23:30:00+00:00,2026-08-07 23:33:00+00:00,64888.7,64888.7,64888.69,64888.7,1.43954
2026-08-07 23:33:00+00:00,2026-08-07 23:36:00+00:00,64888.7,64889.07,64886.01,64889.06,28.46175
2026-08-07 23:36:00+00:00,2026-08-07 23:39:00+00:00,64889.07,64889.07,64889.06,64889.07,1.42239
2026-08-07 23:39:00+00:00,2026-08-07 23:42:00+00:00,64889.07,64900.01,64889.06,64900.0,24.30515
2026-08-07 23:42:00+00:00,2026-08-07 23:45:00+00:00,64900.0,64901.2,64894.0,64901.2,12.51776
2026-08-07 23:45:00+00:00,2026-08-07 23:48:00+00:00,64901.2,64907.85,64901.19,64907.85,2.83113
2026-08-07 23:48:00+00:00,2026-08-07 23:51:00+00:00,64907.84,64914.0,64907.84,64914.0,3.73138
2026-08-07 23:51:00+00:00,2026-08-07 23:54:00+00:00,64914.0,64914.0,64913.99,64914.0,1.79258
2026-08-07 23:54:00+00:00,2026-08-07 23:57:00+00:00,64914.0,64917.69,64913.99,64917.68,17.97246
2026-08-07 23:57:00+00:00,2026-08-08 00:00:00+00:00,64917.69,64923.2,64917.68,64923.19,9.15018
2026-08-08 00:00:00+00:00,2026-08-08 00:03:00+00:00,64923.2,64923.2,64907.96,64907.96,15.64143
2026-08-08 00:03:00+00:00,2026-08-08 00:06:00+00:00,64907.97,64929.16,64907.96,64929.15,18.58662
2026-08-08 00:06:00+00:00,2026-08-08 00:09:00+00:00,64929.15,64954.0,64929.15,64952.01,7.73738
2026-08-08 00:09:00+00:00,2026-08-08 00:12:00+00:00,64952.0,64952.0,64900.14,64900.15,36.27607
2026-08-08 00:12:00+00:00,2026-08-08 00:15:00+00:00,64900.15,64901.0,64900.14,64901.0,10.95786
2026-08-08 00:15:00+00:00,2026-08-08 00:18:00+00:00,64901.01,64901.01,64867.69,64867.69,13.766
2026-08-08 00:18:00+00:00,2026-08-08 00:21:00+00:00,64867.7,64868.68,64784.19,64828.82,109.56717
2026-08-08 00:21:00+00:00,2026-08-08 00:24:00+00:00,64828.81,64861.73,64828.81,64861.72,6.25668
2026-08-08 00:24:00+00:00,2026-08-08 00:27:00+00:00,64861.73,64861.73,64861.72,64861.72,0.83156
2026-08-08 00:27:00+00:00,2026-08-08 00:30:00+00:00,64861.73,64881.78,64861.72,64881.78,3.65655
2026-08-08 00:30:00+00:00,2026-08-08 00:33:00+00:00,64881.78,64886.16,64874.32,64874.32,8.33836
2026-08-08 00:33:00+00:00,2026-08-08 00:36:00+00:00,64874.33,64886.9,64874.32,64874.39,23.43116
2026-08-08 00:36:00+00:00,2026-08-08 00:39:00+00:00,64874.39,64874.4,64874.39,64874.39,1.31859
2026-08-08 00:39:00+00:00,2026-08-08 00:42:00+00:00,64874.4,64896.76,64870.27,64870.28,53.20427
2026-08-08 00:42:00+00:00,2026-08-08 00:45:00+00:00,64870.27,64900.9,64870.27,64900.89,41.23724
2026-08-08 00:45:00+00:00,2026-08-08 00:48:00+00:00,64900.9,64901.94,64900.89,64901.93,3.2293
2026-08-08 00:48:00+00:00,2026-08-08 00:51:00+00:00,64901.94,64901.94,64899.78,64899.79,6.95825
2026-08-08 00:51:00+00:00,2026-08-08 00:54:00+00:00,64899.79,64901.89,64899.78,64901.89,1.35315
2026-08-08 00:54:00+00:00,2026-08-08 00:57:00+00:00,64901.89,64913.41,64901.88,64913.41,9.75948
2026-08-08 00:57:00+00:00,2026-08-08 01:00:00+00:00,64913.41,64929.01,64912.0,64929.01,60.48758
2026-08-08 01:00:00+00:00,2026-08-08 01:03:00+00:00,64929.01,64929.01,64913.59,64918.92,7.76844
2026-08-08 01:03:00+00:00,2026-08-08 01:06:00+00:00,64918.93,64918.93,64912.62,64912.63,4.0951
2026-08-08 01:06:00+00:00,2026-08-08 01:09:00+00:00,64912.62,64912.63,64910.01,64910.02,4.61183
2026-08-08 01:09:00+00:00,2026-08-08 01:12:00+00:00,64910.01,64965.0,64910.01,64959.02,126.3906
2026-08-08 01:12:00+00:00,2026-08-08 01:15:00+00:00,64959.03,64959.03,64957.15,64957.15,4.20019
2026-08-08 01:15:00+00:00,2026-08-08 01:18:00+00:00,64957.16,64957.16,64923.12,64939.75,12.88432
2026-08-08 01:18:00+00:00,2026-08-08 01:21:00+00:00,64939.74,64952.0,64932.78,64932.78,6.22569
2026-08-08 01:21:00+00:00,2026-08-08 01:24:00+00:00,64932.79,64932.79,64917.13,64920.6,4.71898
2026-08-08 01:24:00+00:00,2026-08-08 01:27:00+00:00,64920.6,64920.6,64920.59,64920.6,2.11401
2026-08-08 01:27:00+00:00,2026-08-08 01:30:00+00:00,64920.6,64920.6,64908.97,64908.97,6.77831
2026-08-08 01:30:00+00:00,2026-08-08 01:33:00+00:00,64908.98,64908.98,64908.97,64908.98,5.34084
2026-08-08 01:33:00+00:00,2026-08-08 01:36:00+00:00,64908.98,64926.0,64908.98,64926.0,10.03534
2026-08-08 01:36:00+00:00,2026-08-08 01:39:00+00:00,64926.0,64940.25,64925.99,64932.97,16.48625
2026-08-08 01:39:00+00:00,2026-08-08 01:42:00+00:00,64932.98,64932.98,64932.38,64932.39,2.04693
2026-08-08 01:42:00+00:00,2026-08-08 01:45:00+00:00,64932.38,64936.3,64932.38,64935.0,16.98709
2026-08-08 01:45:00+00:00,2026-08-08 01:48:00+00:00,64934.99,64934.99,64909.55,64912.51,7.43657
2026-08-08 01:48:00+00:00,2026-08-08 01:51:00+00:00,64912.5,64924.2,64912.5,64924.2,23.62693
2026-08-08 01:51:00+00:00,2026-08-08 01:54:00+00:00,64924.2,64924.2,64922.33,64922.33,3.79538
2026-08-08 01:54:00+00:00,2026-08-08 01:57:00+00:00,64922.34,64922.34,64916.34,64916.34,4.47833
2026-08-08 01:57:00+00:00,2026-08-08 02:00:00+00:00,64916.34,64920.94,64911.79,64911.79,13.1019
2026-08-08 02:00:00+00:00,2026-08-08 02:03:00+00:00,64911.8,64911.8,64907.42,64907.43,2.77907
2026-08-08 02:03:00+00:00,2026-08-08 02:06:00+00:00,64907.43,64909.73,64900.25,64909.72,20.70934
2026-08-08 02:06:00+00:00,2026-08-08 02:09:00+00:00,64909.72,64913.39,64909.72,64913.38,2.7934
2026-08-08 02:09:00+00:00,2026-08-08 02:12:00+00:00,64913.38,64913.39,64894.49,64894.49,25.92777
2026-08-08 02:12:00+00:00,2026-08-08 02:15:00+00:00,64894.49,64904.4,64894.49,64904.4,24.33182
2026-08-08 02:15:00+00:00,2026-08-08 02:18:00+00:00,64904.39,64904.4,64901.09,64901.1,5.00438
2026-08-08 02:18:00+00:00,2026-08-08 02:21:00+00:00,64901.1,64908.82,64901.09,64908.82,15.20245
2026-08-08 02:21:00+00:00,2026-08-08 02:24:00+00:00,64908.81,64918.0,64908.81,64917.99,6.45488
2026-08-08 02:24:00+00:00,2026-08-08 02:27:00+00:00,64918.0,64918.0,64905.85,64917.26,27.12172
2026-08-08 02:27:00+00:00,2026-08-08 02:30:00+00:00,64917.27,64929.94,64917.26,64929.94,5.023
2026-08-08 02:30:00+00:00,2026-08-08 02:33:00+00:00,64929.94,64957.47,64929.93,64957.47,5.10805
2026-08-08 02:33:00+00:00,2026-08-08 02:36:00+00:00,64957.46,64957.47,64916.0,64923.99,91.76137
2026-08-08 02:36:00+00:00,2026-08-08 02:39:00+00:00,64924.0,64924.0,64923.99,64924.0,3.88625
2026-08-08 02:39:00+00:00,2026-08-08 02:42:00+00:00,64924.0,64924.0,64911.68,64922.46,34.55527
2026-08-08 02:42:00+00:00,2026-08-08 02:45:00+00:00,64922.46,64922.46,64922.45,64922.46,3.25117
2026-08-08 02:45:00+00:00,2026-08-08 02:48:00+00:00,64922.45,64922.46,64918.27,64918.28,3.48948
2026-08-08 02:48:00+00:00,2026-08-08 02:51:00+00:00,64918.27,64930.13,64918.27,64924.67,15.16432
2026-08-08 02:51:00+00:00,2026-08-08 02:54:00+00:00,64924.67,64924.67,64923.91,64923.93,12.98922
2026-08-08 02:54:00+00:00,2026-08-08 02:57:00+00:00,64923.94,64923.94,64923.93,64923.94,2.41985
2026-08-08 02:57:00+00:00,2026-08-08 03:00:00+00:00,64923.94,64923.98,64923.93,64923.97,9.4883
2026-08-08 03:00:00+00:00,2026-08-08 03:03:00+00:00,64923.98,64923.98,64923.97,64923.97,8.06113
2026-08-08 03:03:00+00:00,2026-08-08 03:06:00+00:00,64923.97,64950.03,64918.28,64933.33,67.92957
2026-08-08 03:06:00+00:00,2026-08-08 03:09:00+00:00,64933.33,64933.34,64933.33,64933.33,3.81156
2026-08-08 03:09:00+00:00,2026-08-08 03:12:00+00:00,64933.34,64933.34,64933.33,64933.34,3.22725
2026-08-08 03:12:00+00:00,2026-08-08 03:15:00+00:00,64933.34,64938.0,64932.86,64932.87,14.77662
2026-08-08 03:15:00+00:00,2026-08-08 03:18:00+00:00,64932.87,64960.0,64932.86,64959.99,6.56242
2026-08-08 03:18:00+00:00,2026-08-08 03:21:00+00:00,64960.0,65000.0,64959.99,65000.0,10.77088
2026-08-08 03:21:00+00:00,2026-08-08 03:24:00+00:00,65000.0,65022.96,64999.99,65020.18,10.76848
2026-08-08 03:24:00+00:00,2026-08-08 03:27:00+00:00,65020.18,65046.24,65001.79,65041.29,46.38128
2026-08-08 03:27:00+00:00,2026-08-08 03:30:00+00:00,65041.3,65041.31,65030.0,65030.01,5.87147
2026-08-08 03:30:00+00:00,2026-08-08 03:33:00+00:00,65030.0,65040.01,65030.0,65040.01,11.74742
2026-08-08 03:33:00+00:00,2026-08-08 03:36:00+00:00,65040.01,65074.18,65040.0,65071.57,20.54949
2026-08-08 03:36:00+00:00,2026-08-08 03:39:00+00:00,65071.56,65074.18,65020.0,65020.01,19.34179
2026-08-08 03:39:00+00:00,2026-08-08 03:42:00+00:00,65020.0,65020.01,65007.49,65007.5,18.2997
2026-08-08 03:42:00+00:00,2026-08-08 03:45:00+00:00,65007.5,65015.61,65007.5,65015.61,3.40892
2026-08-08 03:45:00+00:00,2026-08-08 03:48:00+00:00,65015.6,65015.61,65015.6,65015.61,1.88395
2026-08-08 03:48:00+00:00,2026-08-08 03:51:00+00:00,65015.6,65031.49,65015.6,65031.49,3.0382
2026-08-08 03:51:00+00:00,2026-08-08 03:54:00+00:00,65031.49,65031.49,65004.79,65004.8,5.4353
2026-08-08 03:54:00+00:00,2026-08-08 03:57:00+00:00,65004.8,65026.0,65000.0,65018.0,9.78102
2026-08-08 03:57:00+00:00,2026-08-08 04:00:00+00:00,65018.0,65033.14,65012.79,65033.0,5.74597
2026-08-08 04:00:00+00:00,2026-08-08 04:03:00+00:00,65033.0,65048.0,65015.35,65048.0,12.12204
2026-08-08 04:03:00+00:00,2026-08-08 04:06:00+00:00,65048.0,65067.73,65002.94,65002.94,26.33483
2026-08-08 04:06:00+00:00,2026-08-08 04:09:00+00:00,65002.94,65002.94,64975.0,64978.01,8.95843
2026-08-08 04:09:00+00:00,2026-08-08 04:12:00+00:00,64978.01,64978.01,64971.18,64976.01,12.54166
2026-08-08 04:12:00+00:00,2026-08-08 04:15:00+00:00,64976.01,64981.61,64976.0,64981.6,2.87592
2026-08-08 04:15:00+00:00,2026-08-08 04:18:00+00:00,64981.61,64993.43,64976.0,64993.43,7.86426
2026-08-08 04:18:00+00:00,2026-08-08 04:21:00+00:00,64993.44,64993.44,64985.45,64985.45,3.34388
2026-08-08 04:21:00+00:00,2026-08-08 04:24:00+00:00,64985.46,64986.01,64985.45,64986.01,3.74463
2026-08-08 04:24:00+00:00,2026-08-08 04:27:00+00:00,64986.01,64999.47,64982.41,64999.46,7.57902
2026-08-08 04:27:00+00:00,2026-08-08 04:30:00+00:00,64999.47,65001.46,64999.46,65001.45,2.87983
2026-08-08 04:30:00+00:00,2026-08-08 04:33:00+00:00,65001.45,65047.54,65000.0,65033.4,21.76148
2026-08-08 04:33:00+00:00,2026-08-08 04:36:00+00:00,65033.41,65033.41,65018.46,65018.47,7.18582
2026-08-08 04:36:00+00:00,2026-08-08 04:39:00+00:00,65018.46,65028.99,65018.46,65028.98,2.6391
2026-08-08 04:39:00+00:00,2026-08-08 04:42:00+00:00,65028.99,65071.15,65028.98,65063.08,14.70243
2026-08-08 04:42:00+00:00,2026-08-08 04:45:00+00:00,65063.09,65063.09,65034.57,65038.66,17.40888
2026-08-08 04:45:00+00:00,2026-08-08 04:48:00+00:00,65038.67,65038.67,65038.66,65038.67,1.60187
2026-08-08 04:48:00+00:00,2026-08-08 04:51:00+00:00,65038.67,65038.67,65031.5,65031.5,5.69425
2026-08-08 04:51:00+00:00,2026-08-08 04:54:00+00:00,65031.51,65031.51,65011.68,65014.01,7.05317
2026-08-08 04:54:00+00:00,2026-08-08 04:57:00+00:00,65014.0,65014.01,65009.99,65009.99,1.57722
2026-08-08 04:57:00+00:00,2026-08-08 05:00:00+00:00,65009.99,65013.58,65000.52,65013.58,31.96742
2026-08-08 05:00:00+00:00,2026-08-08 05:03:00+00:00,65013.58,65013.58,65010.0,65010.0,2.25746
2026-08-08 05:03:00+00:00,2026-08-08 05:06:00+00:00,65010.01,65010.01,65009.21,65009.7,7.54455
2026-08-08 05:06:00+00:00,2026-08-08 05:09:00+00:00,65009.69,65013.58,65009.69,65013.58,15.15796
2026-08-08 05:09:00+00:00,2026-08-08 05:12:00+00:00,65013.58,65013.58,65000.0,65000.0,11.21985
2026-08-08 05:12:00+00:00,2026-08-08 05:15:00+00:00,65000.0,65000.01,64994.0,64994.01,3.44657
2026-08-08 05:15:00+00:00,2026-08-08 05:18:00+00:00,64994.01,65001.78,64994.0,65001.78,4.9514
2026-08-08 05:18:00+00:00,2026-08-08 05:21:00+00:00,65001.78,65001.78,65001.77,65001.77,1.57316
2026-08-08 05:21:00+00:00,2026-08-08 05:24:00+00:00,65001.78,65014.0,65001.77,65014.0,2.36943
2026-08-08 05:24:00+00:00,2026-08-08 05:27:00+00:00,65014.0,65017.05,65013.99,65017.04,2.51168
2026-08-08 05:27:00+00:00,2026-08-08 05:30:00+00:00,65017.04,65018.64,65012.29,65018.63,7.73778
2026-08-08 05:30:00+00:00,2026-08-08 05:33:00+00:00,65018.63,65018.64,65012.29,65012.29,3.73082
2026-08-08 05:33:00+00:00,2026-08-08 05:36:00+00:00,65012.3,65017.73,65012.29,65017.72,3.44401
2026-08-08 05:36:00+00:00,2026-08-08 05:39:00+00:00,65017.72,65017.74,65017.72,65017.73,4.80822
2026-08-08 05:39:00+00:00,2026-08-08 05:42:00+00:00,65017.74,65017.74,65017.72,65017.72,7.94125
2026-08-08 05:42:00+00:00,2026-08-08 05:45:00+00:00,65017.73,65017.73,65017.72,65017.72,1.9164
2026-08-08 05:45:00+00:00,2026-08-08 05:48:00+00:00,65017.72,65017.74,65003.85,65003.86,11.42824
2026-08-08 05:48:00+00:00,2026-08-08 05:51:00+00:00,65003.85,65003.86,64995.8,64995.81,5.46954
2026-08-08 05:51:00+00:00,2026-08-08 05:54:00+00:00,64995.81,64995.81,64976.0,64982.29,7.2078
2026-08-08 05:54:00+00:00,2026-08-08 05:57:00+00:00,64982.29,64990.86,64982.29,64990.86,5.14057
2026-08-08 05:57:00+00:00,2026-08-08 06:00:00+00:00,64990.86,64995.4,64990.85,64995.39,9.0566
2026-08-08 06:00:00+00:00,2026-08-08 06:03:00+00:00,64995.39,65000.49,64995.39,65000.01,6.47227
2026-08-08 06:03:00+00:00,2026-08-08 06:06:00+00:00,65000.01,65000.01,64989.24,64989.25,2.72142
2026-08-08 06:06:00+00:00,2026-08-08 06:09:00+00:00,64989.25,64989.25,64980.96,64980.96,2.69797
2026-08-08 06:09:00+00:00,2026-08-08 06:12:00+00:00,64980.97,64983.68,64980.96,64983.68,2.13778
2026-08-08 06:12:00+00:00,2026-08-08 06:15:00+00:00,64983.68,64983.68,64980.25,64980.26,3.78399
2026-08-08 06:15:00+00:00,2026-08-08 06:18:00+00:00,64980.25,64980.26,64980.25,64980.26,1.79001
2026-08-08 06:18:00+00:00,2026-08-08 06:21:00+00:00,64980.26,64980.26,64976.98,64976.98,5.98266
2026-08-08 06:21:00+00:00,2026-08-08 06:24:00+00:00,64976.98,64980.26,64976.98,64980.26,6.32427
2026-08-08 06:24:00+00:00,2026-08-08 06:27:00+00:00,64980.26,64980.26,64980.25,64980.25,8.04153
2026-08-08 06:27:00+00:00,2026-08-08 06:30:00+00:00,64980.25,64985.75,64967.67,64967.99,50.75161
2026-08-08 06:30:00+00:00,2026-08-08 06:33:00+00:00,64968.0,64975.06,64968.0,64968.57,9.48053
2026-08-08 06:33:00+00:00,2026-08-08 06:36:00+00:00,64968.57,64968.57,64968.39,64968.4,7.76847
2026-08-08 06:36:00+00:00,2026-08-08 06:39:00+00:00,64968.39,64968.4,64968.39,64968.4,3.50935
2026-08-08 06:39:00+00:00,2026-08-08 06:42:00+00:00,64968.39,64968.4,64968.39,64968.39,1.62406
2026-08-08 06:42:00+00:00,2026-08-08 06:45:00+00:00,64968.39,64990.02,64959.81,64990.02,90.2492
2026-08-08 06:45:00+00:00,2026-08-08 06:48:00+00:00,64990.01,65007.32,64990.01,65006.5,48.40271
2026-08-08 06:48:00+00:00,2026-08-08 06:51:00+00:00,65006.5,65014.0,65004.6,65013.99,13.11593
2026-08-08 06:51:00+00:00,2026-08-08 06:54:00+00:00,65014.0,65014.0,65008.06,65008.06,8.40419
2026-08-08 06:54:00+00:00,2026-08-08 06:57:00+00:00,65008.07,65008.07,65006.59,65007.04,22.54024
2026-08-08 06:57:00+00:00,2026-08-08 07:00:00+00:00,65007.05,65007.05,65006.6,65006.61,2.55855
2026-08-08 07:00:00+00:00,2026-08-08 07:03:00+00:00,65006.61,65006.61,65004.96,65004.97,21.39146
2026-08-08 07:03:00+00:00,2026-08-08 07:06:00+00:00,65004.97,65004.97,65004.95,65004.96,5.22398
2026-08-08 07:06:00+00:00,2026-08-08 07:09:00+00:00,65004.95,65004.96,65004.95,65004.95,6.75919
2026-08-08 07:09:00+00:00,2026-08-08 07:12:00+00:00,65004.96,65004.96,65004.95,65004.96,3.7387
2026-08-08 07:12:00+00:00,2026-08-08 07:15:00+00:00,65004.95,65004.96,64994.22,64994.23,12.33435
2026-08-08 07:15:00+00:00,2026-08-08 07:18:00+00:00,64994.23,64994.23,64989.57,64989.58,13.7417
2026-08-08 07:18:00+00:00,2026-08-08 07:21:00+00:00,64989.57,64989.58,64989.57,64989.57,1.59948
2026-08-08 07:21:00+00:00,2026-08-08 07:24:00+00:00,64989.57,64992.22,64989.57,64992.21,7.31131
2026-08-08 07:24:00+00:00,2026-08-08 07:27:00+00:00,64992.21,64995.03,64992.21,64995.03,7.73214
2026-08-08 07:27:00+00:00,2026-08-08 07:30:00+00:00,64995.02,64995.95,64995.02,64995.94,2.63613
2026-08-08 07:30:00+00:00,2026-08-08 07:33:00+00:00,64995.94,64995.95,64995.94,64995.94,2.90563
2026-08-08 07:33:00+00:00,2026-08-08 07:36:00+00:00,64995.94,64995.95,64995.94,64995.95,2.98906
2026-08-08 07:36:00+00:00,2026-08-08 07:39:00+00:00,64995.95,64995.95,64956.07,64956.07,12.40403
2026-08-08 07:39:00+00:00,2026-08-08 07:42:00+00:00,64956.08,64961.4,64951.34,64961.39,34.07671
2026-08-08 07:42:00+00:00,2026-08-08 07:45:00+00:00,64961.4,64961.4,64954.1,64954.1,14.45114
2026-08-08 07:45:00+00:00,2026-08-08 07:48:00+00:00,64954.11,64954.11,64952.69,64952.7,4.93666
2026-08-08 07:48:00+00:00,2026-08-08 07:51:00+00:00,64952.69,64954.02,64952.69,64954.01,4.63401
2026-08-08 07:51:00+00:00,2026-08-08 07:54:00+00:00,64954.01,64960.0,64954.01,64960.0,4.27015
2026-08-08 07:54:00+00:00,2026-08-08 07:57:00+00:00,64959.99,64960.0,64959.99,64960.0,2.05835
2026-08-08 07:57:00+00:00,2026-08-08 08:00:00+00:00,64959.99,64960.0,64959.99,64960.0,3.83961
2026-08-08 08:00:00+00:00,2026-08-08 08:03:00+00:00,64959.99,64960.0,64948.56,64958.45,15.93104
2026-08-08 08:03:00+00:00,2026-08-08 08:06:00+00:00,64958.45,64958.45,64958.44,64958.45,1.97472
2026-08-08 08:06:00+00:00,2026-08-08 08:09:00+00:00,64958.45,64958.45,64958.44,64958.45,2.7237
2026-08-08 08:09:00+00:00,2026-08-08 08:12:00+00:00,64958.45,64958.45,64958.44,64958.44,2.39178
2026-08-08 08:12:00+00:00,2026-08-08 08:15:00+00:00,64958.45,64966.0,64958.44,64965.99,7.63537
2026-08-08 08:15:00+00:00,2026-08-08 08:18:00+00:00,64966.0,64966.0,64963.07,64963.07,11.56968
2026-08-08 08:18:00+00:00,2026-08-08 08:21:00+00:00,64963.08,64963.08,64963.07,64963.08,4.73152
2026-08-08 08:21:00+00:00,2026-08-08 08:24:00+00:00,64963.08,64963.08,64963.07,64963.08,2.34375
2026-08-08 08:24:00+00:00,2026-08-08 08:27:00+00:00,64963.07,64963.1,64963.07,64963.09,1.19839
2026-08-08 08:27:00+00:00,2026-08-08 08:30:00+00:00,64963.1,64976.0,64963.09,64975.99,9.3403
2026-08-08 08:30:00+00:00,2026-08-08 08:33:00+00:00,64976.0,64980.0,64975.99,64979.99,4.23372
2026-08-08 08:33:00+00:00,2026-08-08 08:36:00+00:00,64979.99,65010.0,64979.99,65005.97,27.19357
2026-08-08 08:36:00+00:00,2026-08-08 08:39:00+00:00,65005.98,65005.98,65003.8,65003.8,6.38899
2026-08-08 08:39:00+00:00,2026-08-08 08:42:00+00:00,65003.8,65003.81,65003.8,65003.8,2.13749
2026-08-08 08:42:00+00:00,2026-08-08 08:45:00+00:00,65003.8,65020.5,65003.8,65015.54,19.38791
2026-08-08 08:45:00+00:00,2026-08-08 08:48:00+00:00,65015.53,65015.54,64991.68,64991.68,9.24992
2026-08-08 08:48:00+00:00,2026-08-08 08:51:00+00:00,64991.69,64992.54,64991.68,64992.53,1.21819
2026-08-08 08:51:00+00:00,2026-08-08 08:54:00+00:00,64992.53,64992.54,64992.53,64992.53,2.18635
2026-08-08 08:54:00+00:00,2026-08-08 08:57:00+00:00,64992.54,64992.54,64992.53,64992.54,5.5361
2026-08-08 08:57:00+00:00,2026-08-08 09:00:00+00:00,64992.53,64993.88,64992.53,64993.87,13.43188
2026-08-08 09:00:00+00:00,2026-08-08 09:03:00+00:00,64993.88,64997.81,64993.87,64997.81,2.20407
2026-08-08 09:03:00+00:00,2026-08-08 09:06:00+00:00,64997.81,65004.0,64996.0,64996.01,25.06697
2026-08-08 09:06:00+00:00,2026-08-08 09:09:00+00:00,64996.0,64996.01,64996.0,64996.0,3.67173
2026-08-08 09:09:00+00:00,2026-08-08 09:12:00+00:00,64996.0,64996.48,64996.0,64996.47,10.37992
2026-08-08 09:12:00+00:00,2026-08-08 09:15:00+00:00,64996.47,65007.42,64996.47,65007.42,24.54458
2026-08-08 09:15:00+00:00,2026-08-08 09:18:00+00:00,65007.41,65022.78,65007.41,65022.78,10.1246
2026-08-08 09:18:00+00:00,2026-08-08 09:21:00+00:00,65022.77,65022.88,65022.77,65022.87,10.18752
2026-08-08 09:21:00+00:00,2026-08-08 09:24:00+00:00,65022.87,65022.88,65019.0,65019.02,17.43666
2026-08-08 09:24:00+00:00,2026-08-08 09:27:00+00:00,65019.02,65020.3,65019.01,65020.3,10.92674
2026-08-08 09:27:00+00:00,2026-08-08 09:30:00+00:00,65020.29,65022.88,65020.29,65020.32,29.39176
2026-08-08 09:30:00+00:00,2026-08-08 09:33:00+00:00,65020.32,65050.0,65020.32,65026.79,23.26939
2026-08-08 09:33:00+00:00,2026-08-08 09:36:00+00:00,65026.79,65029.82,65007.62,65007.62,29.47049
2026-08-08 09:36:00+00:00,2026-08-08 09:39:00+00:00,65007.62,65012.47,65007.62,65012.47,18.56289
2026-08-08 09:39:00+00:00,2026-08-08 09:42:00+00:00,65012.47,65015.8,65012.46,65015.79,32.56129
2026-08-08 09:42:00+00:00,2026-08-08 09:45:00+00:00,65015.79,65015.8,65012.55,65012.55,12.42966
2026-08-08 09:45:00+00:00,2026-08-08 09:48:00+00:00,65012.56,65013.87,65012.55,65013.87,13.36475
2026-08-08 09:48:00+00:00,2026-08-08 09:51:00+00:00,65013.86,65013.88,64997.8,64997.81,10.49553
2026-08-08 09:51:00+00:00,2026-08-08 09:54:00+00:00,64997.81,64997.81,64992.98,64992.99,7.03208
2026-08-08 09:54:00+00:00,2026-08-08 09:57:00+00:00,64992.98,64994.32,64992.98,64994.31,8.9509
2026-08-08 09:57:00+00:00,2026-08-08 10:00:00+00:00,64994.31,64994.32,64994.31,64994.31,3.46423
2026-08-08 10:00:00+00:00,2026-08-08 10:03:00+00:00,64994.31,64994.32,64994.31,64994.31,1.56276
2026-08-08 10:03:00+00:00,2026-08-08 10:06:00+00:00,64994.31,64994.32,64994.31,64994.32,1.52226
2026-08-08 10:06:00+00:00,2026-08-08 10:09:00+00:00,64994.31,65000.82,64994.31,65000.82,10.09609
2026-08-08 10:09:00+00:00,2026-08-08 10:12:00+00:00,65000.83,65008.84,65000.83,65008.84,3.90581
2026-08-08 10:12:00+00:00,2026-08-08 10:15:00+00:00,65008.84,65008.93,64996.77,64996.77,16.68995
2026-08-08 10:15:00+00:00,2026-08-08 10:18:00+00:00,64996.78,64998.45,64996.77,64998.44,3.50194
2026-08-08 10:18:00+00:00,2026-08-08 10:21:00+00:00,64998.44,64998.45,64998.44,64998.45,1.14437
2026-08-08 10:21:00+00:00,2026-08-08 10:24:00+00:00,64998.45,64998.45,64998.44,64998.45,5.15574
2026-08-08 10:24:00+00:00,2026-08-08 10:27:00+00:00,64998.45,65008.92,64998.45,65008.91,5.4905
2026-08-08 10:27:00+00:00,2026-08-08 10:30:00+00:00,65008.92,65021.17,65008.91,65021.16,2.15285
2026-08-08 10:30:00+00:00,2026-08-08 10:33:00+00:00,65021.16,65021.19,65021.16,65021.18,1.53503
2026-08-08 10:33:00+00:00,2026-08-08 10:36:00+00:00,65021.18,65021.19,65021.18,65021.19,0.89967
2026-08-08 10:36:00+00:00,2026-08-08 10:39:00+00:00,65021.18,65021.19,65015.38,65015.38,10.5842
2026-08-08 10:39:00+00:00,2026-08-08 10:42:00+00:00,65015.39,65022.43,65010.0,65010.01,24.51944
2026-08-08 10:42:00+00:00,2026-08-08 10:45:00+00:00,65010.0,65010.01,65010.0,65010.01,3.44125
2026-08-08 10:45:00+00:00,2026-08-08 10:48:00+00:00,65010.01,65010.01,65010.0,65010.01,2.47588
2026-08-08 10:48:00+00:00,2026-08-08 10:51:00+00:00,65010.01,65010.01,65010.0,65010.01,5.751
2026-08-08 10:51:00+00:00,2026-08-08 10:54:00+00:00,65010.01,65012.12,65010.0,65012.12,5.63703
2026-08-08 10:54:00+00:00,2026-08-08 10:57:00+00:00,65012.11,65012.12,65010.04,65010.05,23.61942
2026-08-08 10:57:00+00:00,2026-08-08 11:00:00+00:00,65010.05,65010.05,65005.87,65005.87,14.62334
2026-08-08 11:00:00+00:00,2026-08-08 11:03:00+00:00,65005.88,65005.88,65005.87,65005.87,1.78695
2026-08-08 11:03:00+00:00,2026-08-08 11:06:00+00:00,65005.87,65005.88,65001.45,65001.46,23.9843
2026-08-08 11:06:00+00:00,2026-08-08 11:09:00+00:00,65001.46,65001.46,65001.45,65001.46,6.72246
2026-08-08 11:09:00+00:00,2026-08-08 11:12:00+00:00,65001.46,65024.1,65001.45,65024.1,21.9426
2026-08-08 11:12:00+00:00,2026-08-08 11:15:00+00:00,65024.09,65024.1,65018.79,65018.79,4.83448
2026-08-08 11:15:00+00:00,2026-08-08 11:18:00+00:00,65018.79,65018.8,65000.0,65000.0,5.67989
2026-08-08 11:18:00+00:00,2026-08-08 11:21:00+00:00,65000.0,65000.01,64989.28,64989.28,7.51582
2026-08-08 11:21:00+00:00,2026-08-08 11:24:00+00:00,64989.28,64989.29,64978.98,64978.98,5.75391
2026-08-08 11:24:00+00:00,2026-08-08 11:27:00+00:00,64978.98,64978.99,64973.98,64973.99,16.66923
2026-08-08 11:27:00+00:00,2026-08-08 11:30:00+00:00,64973.98,64973.99,64973.97,64973.98,9.3121
2026-08-08 11:30:00+00:00,2026-08-08 11:33:00+00:00,64973.98,64973.98,64970.47,64970.47,9.25804
2026-08-08 11:33:00+00:00,2026-08-08 11:36:00+00:00,64970.48,64971.0,64970.47,64970.99,7.13064
2026-08-08 11:36:00+00:00,2026-08-08 11:39:00+00:00,64970.99,64971.0,64970.98,64970.98,5.37993
2026-08-08 11:39:00+00:00,2026-08-08 11:42:00+00:00,64970.99,64970.99,64970.98,64970.99,1.69678
2026-08-08 11:42:00+00:00,2026-08-08 11:45:00+00:00,64970.98,64970.99,64970.0,64970.0,8.07187
2026-08-08 11:45:00+00:00,2026-08-08 11:48:00+00:00,64970.01,64970.01,64957.0,64957.0,12.43896
2026-08-08 11:48:00+00:00,2026-08-08 11:51:00+00:00,64957.0,64957.01,64957.0,64957.01,3.71532
2026-08-08 11:51:00+00:00,2026-08-08 11:54:00+00:00,64957.01,64964.62,64957.0,64964.61,16.12652
2026-08-08 11:54:00+00:00,2026-08-08 11:57:00+00:00,64964.62,64964.62,64964.61,64964.61,2.96702
2026-08-08 11:57:00+00:00,2026-08-08 12:00:00+00:00,64964.61,64967.36,64964.61,64967.35,7.17464
2026-08-08 12:00:00+00:00,2026-08-08 12:03:00+00:00,64967.36,64967.36,64962.87,64962.87,7.50702
2026-08-08 12:03:00+00:00,2026-08-08 12:06:00+00:00,64962.88,64962.88,64958.0,64958.0,4.10792
2026-08-08 12:06:00+00:00,2026-08-08 12:09:00+00:00,64958.01,64958.01,64925.35,64928.86,16.021
2026-08-08 12:09:00+00:00,2026-08-08 12:12:00+00:00,64928.87,64932.6,64924.0,64932.59,12.48469
2026-08-08 12:12:00+00:00,2026-08-08 12:15:00+00:00,64932.6,65007.72,64932.59,65007.72,30.99613
2026-08-08 12:15:00+00:00,2026-08-08 12:18:00+00:00,65007.72,65050.55,65007.71,65040.0,26.00828
2026-08-08 12:18:00+00:00,2026-08-08 12:21:00+00:00,65040.01,65040.01,65001.99,65002.0,14.05623
2026-08-08 12:21:00+00:00,2026-08-08 12:24:00+00:00,65002.0,65002.0,64987.28,64987.28,9.81549
2026-08-08 12:24:00+00:00,2026-08-08 12:27:00+00:00,64987.28,64987.29,64980.98,64980.99,8.81292
2026-08-08 12:27:00+00:00,2026-08-08 12:30:00+00:00,64980.98,64980.99,64974.09,64974.1,6.10461
2026-08-08 12:30:00+00:00,2026-08-08 12:33:00+00:00,64974.1,64986.87,64974.1,64986.86,10.35973
2026-08-08 12:33:00+00:00,2026-08-08 12:36:00+00:00,64986.87,65000.0,64986.86,65000.0,4.2175
2026-08-08 12:36:00+00:00,2026-08-08 12:39:00+00:00,64999.99,65006.79,64999.99,65006.79,6.4098
2026-08-08 12:39:00+00:00,2026-08-08 12:42:00+00:00,65006.79,65021.12,65006.79,65021.11,5.2863
2026-08-08 12:42:00+00:00,2026-08-08 12:45:00+00:00,65021.12,65023.06,65005.81,65005.82,18.95731
2026-08-08 12:45:00+00:00,2026-08-08 12:48:00+00:00,65005.82,65005.82,65005.81,65005.82,7.32412
2026-08-08 12:48:00+00:00,2026-08-08 12:51:00+00:00,65005.82,65026.0,65005.81,65025.99,26.00247
2026-08-08 12:51:00+00:00,2026-08-08 12:54:00+00:00,65026.0,65026.0,65025.99,65026.0,6.87154
2026-08-08 12:54:00+00:00,2026-08-08 12:57:00+00:00,65026.0,65026.0,65013.09,65013.09,9.54528
2026-08-08 12:57:00+00:00,2026-08-08 13:00:00+00:00,65013.1,65013.1,65008.33,65008.34,3.56243
2026-08-08 13:00:00+00:00,2026-08-08 13:03:00+00:00,65008.33,65008.34,65008.33,65008.34,3.50253
2026-08-08 13:03:00+00:00,2026-08-08 13:06:00+00:00,65008.34,65008.34,65001.07,65008.31,31.32546
2026-08-08 13:06:00+00:00,2026-08-08 13:09:00+00:00,65008.32,65017.85,65008.31,65015.99,8.9104
2026-08-08 13:09:00+00:00,2026-08-08 13:12:00+00:00,65016.0,65016.0,65002.0,65004.55,4.35694
2026-08-08 13:12:00+00:00,2026-08-08 13:15:00+00:00,65004.56,65005.63,65004.55,65005.45,14.78877
2026-08-08 13:15:00+00:00,2026-08-08 13:18:00+00:00,65005.45,65016.0,65005.45,65016.0,6.5932
2026-08-08 13:18:00+00:00,2026-08-08 13:21:00+00:00,65016.0,65016.0,65014.89,65014.89,4.20467
2026-08-08 13:21:00+00:00,2026-08-08 13:24:00+00:00,65014.9,65014.9,65014.89,65014.89,1.59354
2026-08-08 13:24:00+00:00,2026-08-08 13:27:00+00:00,65014.9,65014.9,65014.89,65014.89,3.11827
2026-08-08 13:27:00+00:00,2026-08-08 13:30:00+00:00,65014.9,65018.0,65014.89,65018.0,7.53465
2026-08-08 13:30:00+00:00,2026-08-08 13:33:00+00:00,65017.99,65018.0,65009.7,65009.71,6.35821
2026-08-08 13:33:00+00:00,2026-08-08 13:36:00+00:00,65009.71,65009.71,65006.0,65006.0,7.21913
2026-08-08 13:36:00+00:00,2026-08-08 13:39:00+00:00,65006.0,65006.01,65006.0,65006.01,3.92165
2026-08-08 13:39:00+00:00,2026-08-08 13:42:00+00:00,65006.01,65007.16,65006.0,65007.16,9.19989
2026-08-08 13:42:00+00:00,2026-08-08 13:45:00+00:00,65007.15,65008.3,65007.15,65008.3,13.51183
2026-08-08 13:45:00+00:00,2026-08-08 13:48:00+00:00,65008.29,65008.3,65000.0,65000.0,7.44272
2026-08-08 13:48:00+00:00,2026-08-08 13:51:00+00:00,65000.0,65010.39,65000.0,65010.38,27.1134
2026-08-08 13:51:00+00:00,2026-08-08 13:54:00+00:00,65010.38,65015.28,65010.38,65015.28,7.37609
2026-08-08 13:54:00+00:00,2026-08-08 13:57:00+00:00,65015.28,65015.28,65015.27,65015.28,6.6456
2026-08-08 13:57:00+00:00,2026-08-08 14:00:00+00:00,65015.27,65015.28,65015.27,65015.27,13.14054
2026-08-08 14:00:00+00:00,2026-08-08 14:03:00+00:00,65015.27,65015.28,65015.27,65015.27,0.8877
2026-08-08 14:03:00+00:00,2026-08-08 14:06:00+00:00,65015.27,65030.0,65015.27,65029.99,9.92656
2026-08-08 14:06:00+00:00,2026-08-08 14:09:00+00:00,65030.0,65030.0,65029.99,65029.99,8.12975
2026-08-08 14:09:00+00:00,2026-08-08 14:12:00+00:00,65030.0,65045.31,65029.99,65045.31,4.17247
2026-08-08 14:12:00+00:00,2026-08-08 14:15:00+00:00,65045.3,65058.69,65045.3,65058.69,5.54591
2026-08-08 14:15:00+00:00,2026-08-08 14:18:00+00:00,65058.69,65064.95,65045.3,65048.78,10.79431
2026-08-08 14:18:00+00:00,2026-08-08 14:21:00+00:00,65048.77,65060.1,65048.77,65060.09,15.67434
2026-08-08 14:21:00+00:00,2026-08-08 14:24:00+00:00,65060.09,65123.0,65060.09,65123.0,21.53875
2026-08-08 14:24:00+00:00,2026-08-08 14:27:00+00:00,65123.0,65123.0,65086.32,65118.0,19.20916
2026-08-08 14:27:00+00:00,2026-08-08 14:30:00+00:00,65118.0,65156.59,65111.39,65136.69,97.3292
2026-08-08 14:30:00+00:00,2026-08-08 14:33:00+00:00,65136.7,65190.99,65136.7,65161.35,41.45345
2026-08-08 14:33:00+00:00,2026-08-08 14:36:00+00:00,65161.35,65188.0,65161.28,65182.0,16.55395
2026-08-08 14:36:00+00:00,2026-08-08 14:39:00+00:00,65182.0,65192.54,65164.55,65164.56,21.11906
2026-08-08 14:39:00+00:00,2026-08-08 14:42:00+00:00,65164.55,65164.56,65118.94,65118.95,12.54928
2026-08-08 14:42:00+00:00,2026-08-08 14:45:00+00:00,65118.94,65118.95,65116.3,65116.3,7.84211
2026-08-08 14:45:00+00:00,2026-08-08 14:48:00+00:00,65116.31,65139.55,65116.3,65139.54,10.25478
2026-08-08 14:48:00+00:00,2026-08-08 14:51:00+00:00,65139.55,65156.0,65139.55,65155.99,6.91327
2026-08-08 14:51:00+00:00,2026-08-08 14:54:00+00:00,65155.99,65162.41,65155.9,65155.9,17.39396
2026-08-08 14:54:00+00:00,2026-08-08 14:57:00+00:00,65155.91,65174.0,65155.9,65174.0,10.42201
2026-08-08 14:57:00+00:00,2026-08-08 15:00:00+00:00,65174.0,65180.0,65129.01,65129.02,18.64927
2026-08-08 15:00:00+00:00,2026-08-08 15:03:00+00:00,65129.01,65149.57,65126.4,65126.41,16.76751
2026-08-08 15:03:00+00:00,2026-08-08 15:06:00+00:00,65126.41,65126.41,65116.0,65116.0,18.86384
2026-08-08 15:06:00+00:00,2026-08-08 15:09:00+00:00,65116.0,65116.01,65097.75,65102.72,9.65607
2026-08-08 15:09:00+00:00,2026-08-08 15:12:00+00:00,65102.73,65106.0,65102.72,65105.99,1.44743
2026-08-08 15:12:00+00:00,2026-08-08 15:15:00+00:00,65105.99,65106.0,65105.43,65105.44,15.02438
2026-08-08 15:15:00+00:00,2026-08-08 15:18:00+00:00,65105.43,65105.44,65089.12,65090.43,15.81008
2026-08-08 15:18:00+00:00,2026-08-08 15:21:00+00:00,65090.43,65090.44,65081.22,65081.22,5.80479
2026-08-08 15:21:00+00:00,2026-08-08 15:24:00+00:00,65081.22,65081.23,65078.08,65079.4,4.32988
2026-08-08 15:24:00+00:00,2026-08-08 15:27:00+00:00,65079.39,65099.19,65079.39,65098.46,23.01323
2026-08-08 15:27:00+00:00,2026-08-08 15:30:00+00:00,65098.47,65098.47,65092.72,65092.72,2.76115
2026-08-08 15:30:00+00:00,2026-08-08 15:33:00+00:00,65092.72,65092.73,65092.42,65092.42,5.84229
2026-08-08 15:33:00+00:00,2026-08-08 15:36:00+00:00,65092.43,65092.43,65077.72,65077.73,3.61989
2026-08-08 15:36:00+00:00,2026-08-08 15:39:00+00:00,65077.72,65077.73,65075.61,65075.61,4.17567
2026-08-08 15:39:00+00:00,2026-08-08 15:42:00+00:00,65075.62,65075.62,65067.51,65067.52,7.12595
2026-08-08 15:42:00+00:00,2026-08-08 15:45:00+00:00,65067.52,65067.62,65061.31,65061.31,5.37848
2026-08-08 15:45:00+00:00,2026-08-08 15:48:00+00:00,65061.32,65061.32,65061.31,65061.31,1.1779
2026-08-08 15:48:00+00:00,2026-08-08 15:51:00+00:00,65061.31,65072.0,65061.31,65072.0,17.83748
2026-08-08 15:51:00+00:00,2026-08-08 15:54:00+00:00,65072.0,65089.98,65071.99,65089.97,14.45997
2026-08-08 15:54:00+00:00,2026-08-08 15:57:00+00:00,65089.98,65093.82,65089.97,65093.81,3.71591
2026-08-08 15:57:00+00:00,2026-08-08 16:00:00+00:00,65093.82,65093.82,65080.82,65080.82,9.7729
2026-08-08 16:00:00+00:00,2026-08-08 16:03:00+00:00,65080.83,65090.0,65080.82,65089.99,2.94427
2026-08-08 16:03:00+00:00,2026-08-08 16:06:00+00:00,65089.99,65091.6,65089.99,65091.59,1.84225
2026-08-08 16:06:00+00:00,2026-08-08 16:09:00+00:00,65091.6,65116.82,65091.59,65116.81,6.74575
2026-08-08 16:09:00+00:00,2026-08-08 16:12:00+00:00,65116.82,65116.82,65091.04,65091.05,8.46595
2026-08-08 16:12:00+00:00,2026-08-08 16:15:00+00:00,65091.05,65091.05,65087.02,65087.02,3.60474
2026-08-08 16:15:00+00:00,2026-08-08 16:18:00+00:00,65087.03,65087.03,65087.02,65087.03,1.54119
2026-08-08 16:18:00+00:00,2026-08-08 16:21:00+00:00,65087.03,65088.01,65081.54,65088.01,16.75938
2026-08-08 16:21:00+00:00,2026-08-08 16:24:00+00:00,65088.01,65088.01,65088.0,65088.01,2.30443
2026-08-08 16:24:00+00:00,2026-08-08 16:27:00+00:00,65088.01,65088.01,65081.24,65081.24,4.866
2026-08-08 16:27:00+00:00,2026-08-08 16:30:00+00:00,65081.25,65081.25,65080.0,65080.01,8.06434
2026-08-08 16:30:00+00:00,2026-08-08 16:33:00+00:00,65080.01,65080.01,65052.07,65057.31,10.28194
2026-08-08 16:33:00+00:00,2026-08-08 16:36:00+00:00,65057.31,65057.31,65046.7,65046.7,4.66152
2026-08-08 16:36:00+00:00,2026-08-08 16:39:00+00:00,65046.7,65046.71,65039.0,65041.99,5.58844
2026-08-08 16:39:00+00:00,2026-08-08 16:42:00+00:00,65042.0,65060.86,65041.99,65060.85,14.8592
2026-08-08 16:42:00+00:00,2026-08-08 16:45:00+00:00,65060.86,65060.86,65060.85,65060.85,2.85007
2026-08-08 16:45:00+00:00,2026-08-08 16:48:00+00:00,65060.85,65060.86,65060.85,65060.85,7.62532
2026-08-08 16:48:00+00:00,2026-08-08 16:51:00+00:00,65060.86,65060.86,65060.85,65060.85,10.4872
2026-08-08 16:51:00+00:00,2026-08-08 16:54:00+00:00,65060.85,65060.86,65060.85,65060.86,3.00383
2026-08-08 16:54:00+00:00,2026-08-08 16:57:00+00:00,65060.86,65078.0,65060.85,65078.0,7.29068
2026-08-08 16:57:00+00:00,2026-08-08 17:00:00+00:00,65078.0,65087.75,65077.99,65086.45,5.04879
2026-08-08 17:00:00+00:00,2026-08-08 17:03:00+00:00,65086.46,65086.47,65086.45,65086.46,6.40285
2026-08-08 17:03:00+00:00,2026-08-08 17:06:00+00:00,65086.47,65086.47,65080.0,65080.0,26.66333
2026-08-08 17:06:00+00:00,2026-08-08 17:09:00+00:00,65080.0,65089.17,65075.46,65089.17,13.22693
2026-08-08 17:09:00+00:00,2026-08-08 17:12:00+00:00,65089.17,65108.0,65089.17,65108.0,7.61129
2026-08-08 17:12:00+00:00,2026-08-08 17:15:00+00:00,65108.0,65132.57,65100.0,65118.13,15.66013
2026-08-08 17:15:00+00:00,2026-08-08 17:18:00+00:00,65118.13,65122.0,65110.96,65110.97,9.16285
2026-08-08 17:18:00+00:00,2026-08-08 17:21:00+00:00,65110.97,65116.0,65110.53,65110.53,3.78817
2026-08-08 17:21:00+00:00,2026-08-08 17:24:00+00:00,65110.53,65110.54,65104.6,65104.6,7.68743
2026-08-08 17:24:00+00:00,2026-08-08 17:27:00+00:00,65104.61,65112.99,65104.6,65108.0,19.21683
2026-08-08 17:27:00+00:00,2026-08-08 17:30:00+00:00,65108.0,65108.01,65108.0,65108.01,6.99673
2026-08-08 17:30:00+00:00,2026-08-08 17:33:00+00:00,65108.01,65116.0,65108.0,65115.99,17.05485
2026-08-08 17:33:00+00:00,2026-08-08 17:36:00+00:00,65115.99,65150.0,65115.99,65136.0,11.54344
2026-08-08 17:36:00+00:00,2026-08-08 17:39:00+00:00,65136.0,65137.18,65136.0,65136.0,3.09522
2026-08-08 17:39:00+00:00,2026-08-08 17:42:00+00:00,65136.01,65136.01,65122.18,65122.18,3.49156
2026-08-08 17:42:00+00:00,2026-08-08 17:45:00+00:00,65122.19,65122.19,65122.18,65122.18,1.80145
2026-08-08 17:45:00+00:00,2026-08-08 17:48:00+00:00,65122.18,65122.2,65122.18,65122.19,4.06336
2026-08-08 17:48:00+00:00,2026-08-08 17:51:00+00:00,65122.19,65122.2,65122.19,65122.19,0.97014
2026-08-08 17:51:00+00:00,2026-08-08 17:54:00+00:00,65122.19,65122.2,65109.09,65112.2,14.15156
2026-08-08 17:54:00+00:00,2026-08-08 17:57:00+00:00,65112.2,65119.75,65112.19,65119.74,14.06087
2026-08-08 17:57:00+00:00,2026-08-08 18:00:00+00:00,65119.75,65119.75,65119.74,65119.75,1.07697
2026-08-08 18:00:00+00:00,2026-08-08 18:03:00+00:00,65119.75,65119.75,65119.74,65119.75,7.41135
2026-08-08 18:03:00+00:00,2026-08-08 18:06:00+00:00,65119.75,65119.75,65116.04,65116.04,10.21428
2026-08-08 18:06:00+00:00,2026-08-08 18:09:00+00:00,65116.05,65116.05,65116.04,65116.04,1.2578
2026-08-08 18:09:00+00:00,2026-08-08 18:12:00+00:00,65116.04,65116.05,65101.6,65101.6,7.79518
2026-08-08 18:12:00+00:00,2026-08-08 18:15:00+00:00,65101.61,65101.61,65101.6,65101.6,33.09318
2026-08-08 18:15:00+00:00,2026-08-08 18:18:00+00:00,65101.61,65101.61,65092.7,65092.7,10.27869
2026-08-08 18:18:00+00:00,2026-08-08 18:21:00+00:00,65092.71,65092.71,65072.66,65072.67,11.04347
2026-08-08 18:21:00+00:00,2026-08-08 18:24:00+00:00,65072.66,65072.67,65055.71,65055.71,10.30342
2026-08-08 18:24:00+00:00,2026-08-08 18:27:00+00:00,65055.72,65055.72,65025.54,65030.35,12.11266
2026-08-08 18:27:00+00:00,2026-08-08 18:30:00+00:00,65030.35,65044.69,65030.34,65038.2,13.57735
2026-08-08 18:30:00+00:00,2026-08-08 18:33:00+00:00,65038.2,65038.2,65038.19,65038.19,1.33245
2026-08-08 18:33:00+00:00,2026-08-08 18:36:00+00:00,65038.19,65057.07,65038.19,65053.9,7.44471
2026-08-08 18:36:00+00:00,2026-08-08 18:39:00+00:00,65053.9,65056.37,65053.9,65056.36,4.66687
2026-08-08 18:39:00+00:00,2026-08-08 18:42:00+00:00,65056.36,65056.37,65041.68,65048.17,7.86711
2026-08-08 18:42:00+00:00,2026-08-08 18:45:00+00:00,65048.17,65048.17,65048.16,65048.17,0.81956
2026-08-08 18:45:00+00:00,2026-08-08 18:48:00+00:00,65048.17,65048.17,65048.16,65048.16,2.28019
2026-08-08 18:48:00+00:00,2026-08-08 18:51:00+00:00,65048.16,65052.0,65048.16,65052.0,11.40176
2026-08-08 18:51:00+00:00,2026-08-08 18:54:00+00:00,65051.99,65052.0,65047.99,65048.0,4.00282
2026-08-08 18:54:00+00:00,2026-08-08 18:57:00+00:00,65047.99,65048.0,65047.98,65047.98,2.9373
2026-08-08 18:57:00+00:00,2026-08-08 19:00:00+00:00,65047.99,65047.99,65044.07,65044.07,8.67998
2026-08-08 19:00:00+00:00,2026-08-08 19:03:00+00:00,65044.08,65044.08,65044.07,65044.07,2.20668
2026-08-08 19:03:00+00:00,2026-08-08 19:06:00+00:00,65044.08,65044.08,65038.72,65038.72,11.71089
2026-08-08 19:06:00+00:00,2026-08-08 19:09:00+00:00,65038.73,65038.73,65038.72,65038.73,1.92146
2026-08-08 19:09:00+00:00,2026-08-08 19:12:00+00:00,65038.72,65038.73,65026.0,65026.0,5.87418
2026-08-08 19:12:00+00:00,2026-08-08 19:15:00+00:00,65026.01,65026.01,65021.0,65021.0,3.1416
2026-08-08 19:15:00+00:00,2026-08-08 19:18:00+00:00,65021.01,65021.01,65021.0,65021.01,6.70026
2026-08-08 19:18:00+00:00,2026-08-08 19:21:00+00:00,65021.0,65021.01,65020.13,65020.13,31.63582
2026-08-08 19:21:00+00:00,2026-08-08 19:24:00+00:00,65020.14,65020.14,65020.0,65020.01,1.99098
2026-08-08 19:24:00+00:00,2026-08-08 19:27:00+00:00,65020.0,65020.01,65019.0,65019.01,1.81364
2026-08-08 19:27:00+00:00,2026-08-08 19:30:00+00:00,65019.0,65019.01,65018.99,65019.0,2.54815
2026-08-08 19:30:00+00:00,2026-08-08 19:33:00+00:00,65018.99,65019.0,65017.39,65017.39,3.30149
2026-08-08 19:33:00+00:00,2026-08-08 19:36:00+00:00,65017.39,65027.63,65017.39,65027.62,10.82121
2026-08-08 19:36:00+00:00,2026-08-08 19:39:00+00:00,65027.62,65027.63,65027.61,65027.61,3.83546
2026-08-08 19:39:00+00:00,2026-08-08 19:42:00+00:00,65027.62,65033.6,65027.61,65033.6,12.1736
2026-08-08 19:42:00+00:00,2026-08-08 19:45:00+00:00,65033.59,65044.01,65033.59,65044.0,30.70851
2026-08-08 19:45:00+00:00,2026-08-08 19:48:00+00:00,65044.01,65044.01,65044.0,65044.0,29.39504
2026-08-08 19:48:00+00:00,2026-08-08 19:51:00+00:00,65044.01,65052.38,65044.0,65052.38,15.59551
2026-08-08 19:51:00+00:00,2026-08-08 19:54:00+00:00,65052.38,65062.0,65052.37,65062.0,7.17914
2026-08-08 19:54:00+00:00,2026-08-08 19:57:00+00:00,65061.99,65093.7,65061.99,65085.51,17.12164
2026-08-08 19:57:00+00:00,2026-08-08 20:00:00+00:00,65085.51,65085.51,65075.4,65075.41,5.72208
2026-08-08 20:00:00+00:00,2026-08-08 20:03:00+00:00,65075.4,65075.41,65068.64,65068.65,3.94686
2026-08-08 20:03:00+00:00,2026-08-08 20:06:00+00:00,65068.65,65076.0,65068.64,65075.99,7.38732
2026-08-08 20:06:00+00:00,2026-08-08 20:09:00+00:00,65075.98,65075.98,65075.44,65075.44,2.07505
2026-08-08 20:09:00+00:00,2026-08-08 20:12:00+00:00,65075.45,65075.45,65075.44,65075.45,2.1142
2026-08-08 20:12:00+00:00,2026-08-08 20:15:00+00:00,65075.45,65076.45,65075.44,65076.45,18.37048
2026-08-08 20:15:00+00:00,2026-08-08 20:18:00+00:00,65076.44,65082.28,65076.44,65082.28,1.4267
2026-08-08 20:18:00+00:00,2026-08-08 20:21:00+00:00,65082.27,65082.28,65071.13,65071.13,3.93199
2026-08-08 20:21:00+00:00,2026-08-08 20:24:00+00:00,65071.14,65071.14,65060.0,65060.01,6.32223
2026-08-08 20:24:00+00:00,2026-08-08 20:27:00+00:00,65060.0,65060.01,65060.0,65060.01,1.64421
2026-08-08 20:27:00+00:00,2026-08-08 20:30:00+00:00,65060.01,65060.01,65060.0,65060.0,1.3205
2026-08-08 20:30:00+00:00,2026-08-08 20:33:00+00:00,65060.0,65077.72,65060.0,65077.71,10.55934
2026-08-08 20:33:00+00:00,2026-08-08 20:36:00+00:00,65077.71,65078.0,65077.71,65077.99,5.48213
2026-08-08 20:36:00+00:00,2026-08-08 20:39:00+00:00,65078.0,65078.0,65068.18,65068.19,8.31946
2026-08-08 20:39:00+00:00,2026-08-08 20:42:00+00:00,65068.18,65068.18,65060.55,65060.56,3.35307
2026-08-08 20:42:00+00:00,2026-08-08 20:45:00+00:00,65060.55,65073.93,65060.55,65073.92,5.21365
2026-08-08 20:45:00+00:00,2026-08-08 20:48:00+00:00,65073.93,65080.0,65071.03,65079.99,4.68619
2026-08-08 20:48:00+00:00,2026-08-08 20:51:00+00:00,65080.0,65100.61,65060.72,65082.41,285.90939
2026-08-08 20:51:00+00:00,2026-08-08 20:54:00+00:00,65082.42,65082.42,65082.41,65082.42,1.92967
2026-08-08 20:54:00+00:00,2026-08-08 20:57:00+00:00,65082.42,65082.42,65082.41,65082.41,4.78396
2026-08-08 20:57:00+00:00,2026-08-08 21:00:00+00:00,65082.41,65082.42,65082.41,65082.41,3.54095
2026-08-08 21:00:00+00:00,2026-08-08 21:03:00+00:00,65082.42,65082.42,65082.41,65082.41,3.67282
2026-08-08 21:03:00+00:00,2026-08-08 21:06:00+00:00,65082.41,65082.42,65079.32,65079.33,5.00157
2026-08-08 21:06:00+00:00,2026-08-08 21:09:00+00:00,65079.32,65079.33,65068.61,65068.61,5.7654
2026-08-08 21:09:00+00:00,2026-08-08 21:12:00+00:00,65068.61,65068.62,65068.61,65068.61,2.66908
2026-08-08 21:12:00+00:00,2026-08-08 21:15:00+00:00,65068.61,65068.62,65046.5,65046.5,21.98257
2026-08-08 21:15:00+00:00,2026-08-08 21:18:00+00:00,65046.5,65046.51,65034.1,65035.42,19.26235
2026-08-08 21:18:00+00:00,2026-08-08 21:21:00+00:00,65035.42,65043.49,65035.41,65043.48,12.64707
2026-08-08 21:21:00+00:00,2026-08-08 21:24:00+00:00,65043.48,65043.49,65043.48,65043.48,2.13097
2026-08-08 21:24:00+00:00,2026-08-08 21:27:00+00:00,65043.48,65043.49,65042.5,65043.48,11.03223
2026-08-08 21:27:00+00:00,2026-08-08 21:30:00+00:00,65043.49,65049.12,65032.41,65032.41,34.0603
2026-08-08 21:30:00+00:00,2026-08-08 21:33:00+00:00,65032.41,65032.42,65032.41,65032.41,1.23393
2026-08-08 21:33:00+00:00,2026-08-08 21:36:00+00:00,65032.41,65048.52,65032.41,65048.52,9.30346
2026-08-08 21:36:00+00:00,2026-08-08 21:39:00+00:00,65048.51,65065.0,65048.51,65058.92,9.9046
2026-08-08 21:39:00+00:00,2026-08-08 21:42:00+00:00,65058.91,65058.92,65034.01,65034.02,34.91205
2026-08-08 21:42:00+00:00,2026-08-08 21:45:00+00:00,65034.02,65057.56,65034.0,65057.55,10.33233
2026-08-08 21:45:00+00:00,2026-08-08 21:48:00+00:00,65057.56,65058.0,65035.21,65035.21,11.96881
2026-08-08 21:48:00+00:00,2026-08-08 21:51:00+00:00,65035.2,65041.68,65034.06,65041.67,2.26548
2026-08-08 21:51:00+00:00,2026-08-08 21:54:00+00:00,65041.67,65041.68,65041.67,65041.67,2.83129
2026-08-08 21:54:00+00:00,2026-08-08 21:57:00+00:00,65041.67,65041.68,65030.26,65030.26,5.23441
2026-08-08 21:57:00+00:00,2026-08-08 22:00:00+00:00,65030.26,65030.27,65000.53,65012.96,10.32057
2026-08-08 22:00:00+00:00,2026-08-08 22:03:00+00:00,65012.95,65038.0,65012.95,65038.0,14.87314
2026-08-08 22:03:00+00:00,2026-08-08 22:06:00+00:00,65037.99,65037.99,65009.88,65009.88,12.15137
2026-08-08 22:06:00+00:00,2026-08-08 22:09:00+00:00,65009.88,65009.89,65004.52,65004.53,4.02236
2026-08-08 22:09:00+00:00,2026-08-08 22:12:00+00:00,65004.54,65029.98,65004.54,65010.28,65.72293
2026-08-08 22:12:00+00:00,2026-08-08 22:15:00+00:00,65010.28,65010.28,65000.0,65000.0,11.31995
2026-08-08 22:15:00+00:00,2026-08-08 22:18:00+00:00,65000.01,65000.01,65000.0,65000.0,8.27424
2026-08-08 22:18:00+00:00,2026-08-08 22:21:00+00:00,65000.0,65000.01,64997.88,64997.88,6.08511
2026-08-08 22:21:00+00:00,2026-08-08 22:24:00+00:00,64997.89,64997.89,64997.28,64997.29,2.94048
2026-08-08 22:24:00+00:00,2026-08-08 22:27:00+00:00,64997.29,65015.01,64993.5,65007.08,71.05799
2026-08-08 22:27:00+00:00,2026-08-08 22:30:00+00:00,65007.08,65007.09,64993.5,64993.51,20.87715
2026-08-08 22:30:00+00:00,2026-08-08 22:33:00+00:00,64993.5,64995.67,64963.85,64984.99,75.02291
2026-08-08 22:33:00+00:00,2026-08-08 22:36:00+00:00,64985.0,64999.29,64983.52,64983.53,59.60839
2026-08-08 22:36:00+00:00,2026-08-08 22:39:00+00:00,64983.54,64983.54,64983.52,64983.53,2.279
2026-08-08 22:39:00+00:00,2026-08-08 22:42:00+00:00,64983.52,64983.53,64978.31,64978.31,6.10162
2026-08-08 22:42:00+00:00,2026-08-08 22:45:00+00:00,64978.32,64978.32,64977.51,64977.51,1.64802
2026-08-08 22:45:00+00:00,2026-08-08 22:48:00+00:00,64977.51,64977.52,64977.45,64977.45,29.76493
2026-08-08 22:48:00+00:00,2026-08-08 22:51:00+00:00,64977.45,64977.46,64972.96,64972.96,14.19699
2026-08-08 22:51:00+00:00,2026-08-08 22:54:00+00:00,64972.96,64972.97,64958.8,64958.8,6.93086
2026-08-08 22:54:00+00:00,2026-08-08 22:57:00+00:00,64958.8,64958.81,64948.17,64948.17,5.70183
2026-08-08 22:57:00+00:00,2026-08-08 23:00:00+00:00,64948.17,64952.06,64948.17,64950.61,8.72455
2026-08-08 23:00:00+00:00,2026-08-08 23:03:00+00:00,64950.62,64950.62,64946.38,64946.38,5.36456
2026-08-08 23:03:00+00:00,2026-08-08 23:06:00+00:00,64946.38,64946.39,64944.81,64944.81,4.27628
2026-08-08 23:06:00+00:00,2026-08-08 23:09:00+00:00,64944.82,64944.82,64944.8,64944.81,2.25037
2026-08-08 23:09:00+00:00,2026-08-08 23:12:00+00:00,64944.8,64944.81,64940.39,64940.39,6.46152
2026-08-08 23:12:00+00:00,2026-08-08 23:15:00+00:00,64940.4,64940.4,64936.01,64936.01,14.14852
2026-08-08 23:15:00+00:00,2026-08-08 23:18:00+00:00,64936.01,64958.76,64936.01,64958.75,11.74851
2026-08-08 23:18:00+00:00,2026-08-08 23:21:00+00:00,64958.76,64958.76,64958.75,64958.75,1.42732
2026-08-08 23:21:00+00:00,2026-08-08 23:24:00+00:00,64958.76,64963.57,64958.75,64963.56,5.02758
2026-08-08 23:24:00+00:00,2026-08-08 23:27:00+00:00,64963.56,64967.99,64963.56,64967.99,33.27899
2026-08-08 23:27:00+00:00,2026-08-08 23:30:00+00:00,64967.98,64970.0,64938.0,64938.01,20.01116
2026-08-08 23:30:00+00:00,2026-08-08 23:33:00+00:00,64938.0,64938.01,64938.0,64938.01,4.16018
2026-08-08 23:33:00+00:00,2026-08-08 23:36:00+00:00,64938.01,64958.27,64938.0,64958.27,14.11506
2026-08-08 23:36:00+00:00,2026-08-08 23:39:00+00:00,64958.27,64975.99,64958.27,64975.98,9.9875
2026-08-08 23:39:00+00:00,2026-08-08 23:42:00+00:00,64975.99,64975.99,64975.98,64975.99,1.02147
2026-08-08 23:42:00+00:00,2026-08-08 23:45:00+00:00,64975.99,64975.99,64970.7,64970.7,11.71631
2026-08-08 23:45:00+00:00,2026-08-08 23:48:00+00:00,64970.71,64970.71,64970.7,64970.7,4.41979
2026-08-08 23:48:00+00:00,2026-08-08 23:51:00+00:00,64970.71,64974.76,64970.7,64974.76,12.13895
2026-08-08 23:51:00+00:00,2026-08-08 23:54:00+00:00,64974.75,64974.76,64960.77,64960.98,9.58365
2026-08-08 23:54:00+00:00,2026-08-08 23:57:00+00:00,64960.99,64965.29,64960.98,64965.28,2.12113
2026-08-08 23:57:00+00:00,2026-08-09 00:00:00+00:00,64965.29,64965.29,64951.25,64962.6,31.47926
2026-08-09 00:00:00+00:00,2026-08-09 00:03:00+00:00,64962.6,64962.6,64961.0,64961.01,8.92796
2026-08-09 00:03:00+00:00,2026-08-09 00:06:00+00:00,64961.0,64964.0,64961.0,64964.0,14.96468
2026-08-09 00:06:00+00:00,2026-08-09 00:09:00+00:00,64963.99,64964.0,64962.0,64962.01,5.66185
2026-08-09 00:09:00+00:00,2026-08-09 00:12:00+00:00,64962.0,64969.5,64962.0,64969.49,5.8762
2026-08-09 00:12:00+00:00,2026-08-09 00:15:00+00:00,64969.5,64969.5,64960.27,64960.27,29.63097
2026-08-09 00:15:00+00:00,2026-08-09 00:18:00+00:00,64960.27,64960.28,64958.17,64958.18,6.32984
2026-08-09 00:18:00+00:00,2026-08-09 00:21:00+00:00,64958.17,64967.0,64958.17,64966.99,9.63546
2026-08-09 00:21:00+00:00,2026-08-09 00:24:00+00:00,64966.99,64967.0,64966.98,64966.98,1.99008
2026-08-09 00:24:00+00:00,2026-08-09 00:27:00+00:00,64966.98,64969.49,64966.98,64969.48,15.48542
2026-08-09 00:27:00+00:00,2026-08-09 00:30:00+00:00,64969.49,64969.49,64969.48,64969.49,1.53063
2026-08-09 00:30:00+00:00,2026-08-09 00:33:00+00:00,64969.49,64969.49,64969.48,64969.48,1.32099
2026-08-09 00:33:00+00:00,2026-08-09 00:36:00+00:00,64969.49,64970.32,64969.48,64970.31,6.83164
2026-08-09 00:36:00+00:00,2026-08-09 00:39:00+00:00,64970.31,64991.93,64970.31,64991.93,13.77239
2026-08-09 00:39:00+00:00,2026-08-09 00:42:00+00:00,64991.93,64991.93,64988.44,64988.44,5.24944
2026-08-09 00:42:00+00:00,2026-08-09 00:45:00+00:00,64988.45,64988.45,64977.1,64977.1,3.05406
2026-08-09 00:45:00+00:00,2026-08-09 00:48:00+00:00,64977.11,64977.11,64977.1,64977.1,5.32148
2026-08-09 00:48:00+00:00,2026-08-09 00:51:00+00:00,64977.11,64977.11,64966.48,64966.49,15.25021
2026-08-09 00:51:00+00:00,2026-08-09 00:54:00+00:00,64966.49,64966.49,64965.67,64965.68,7.07531
2026-08-09 00:54:00+00:00,2026-08-09 00:57:00+00:00,64965.68,64972.0,64965.67,64972.0,13.39456
2026-08-09 00:57:00+00:00,2026-08-09 01:00:00+00:00,64972.0,64980.72,64971.99,64973.65,42.74936
2026-08-09 01:00:00+00:00,2026-08-09 01:03:00+00:00,64973.65,65001.26,64972.1,65001.25,16.27846
2026-08-09 01:03:00+00:00,2026-08-09 01:06:00+00:00,65001.26,65002.0,64995.62,64995.63,8.60842
2026-08-09 01:06:00+00:00,2026-08-09 01:09:00+00:00,64995.62,64995.63,64986.11,64986.11,4.63644
2026-08-09 01:09:00+00:00,2026-08-09 01:12:00+00:00,64986.11,64986.12,64983.46,64983.46,3.90447
2026-08-09 01:12:00+00:00,2026-08-09 01:15:00+00:00,64983.46,64989.37,64983.46,64983.49,9.3326
2026-08-09 01:15:00+00:00,2026-08-09 01:18:00+00:00,64983.49,64983.49,64983.48,64983.49,2.68844
2026-08-09 01:18:00+00:00,2026-08-09 01:21:00+00:00,64983.49,64985.29,64976.0,64976.01,21.9529
2026-08-09 01:21:00+00:00,2026-08-09 01:24:00+00:00,64976.0,64976.01,64936.0,64943.16,13.69474
2026-08-09 01:24:00+00:00,2026-08-09 01:27:00+00:00,64943.16,64943.17,64878.46,64878.47,33.15296
2026-08-09 01:27:00+00:00,2026-08-09 01:30:00+00:00,64878.47,64898.0,64863.03,64863.03,29.52519
2026-08-09 01:30:00+00:00,2026-08-09 01:33:00+00:00,64863.03,64881.54,64858.0,64881.54,16.64239
2026-08-09 01:33:00+00:00,2026-08-09 01:36:00+00:00,64881.54,64881.74,64881.53,64881.73,1.22949
2026-08-09 01:36:00+00:00,2026-08-09 01:39:00+00:00,64881.74,64891.39,64881.73,64889.35,6.03156
2026-08-09 01:39:00+00:00,2026-08-09 01:42:00+00:00,64889.35,64889.35,64880.0,64880.0,6.37134
2026-08-09 01:42:00+00:00,2026-08-09 01:45:00+00:00,64880.0,64889.68,64880.0,64889.67,7.94136
2026-08-09 01:45:00+00:00,2026-08-09 01:48:00+00:00,64889.68,64889.68,64889.67,64889.67,4.17536
2026-08-09 01:48:00+00:00,2026-08-09 01:51:00+00:00,64889.68,64889.68,64838.33,64858.3,104.78737
2026-08-09 01:51:00+00:00,2026-08-09 01:54:00+00:00,64858.3,64858.3,64848.14,64856.13,7.8377
2026-08-09 01:54:00+00:00,2026-08-09 01:57:00+00:00,64856.14,64866.99,64856.13,64866.99,9.28466
2026-08-09 01:57:00+00:00,2026-08-09 02:00:00+00:00,64866.99,64868.01,64861.45,64861.46,22.67008
2026-08-09 02:00:00+00:00,2026-08-09 02:03:00+00:00,64861.46,64861.46,64844.15,64849.88,5.58241
2026-08-09 02:03:00+00:00,2026-08-09 02:06:00+00:00,64849.88,64851.84,64849.87,64851.84,8.39502
2026-08-09 02:06:00+00:00,2026-08-09 02:09:00+00:00,64851.83,64851.84,64809.73,64828.14,23.88354
2026-08-09 02:09:00+00:00,2026-08-09 02:12:00+00:00,64828.14,64863.16,64828.14,64860.91,7.42449
2026-08-09 02:12:00+00:00,2026-08-09 02:15:00+00:00,64860.92,64860.92,64858.58,64858.58,10.06843
2026-08-09 02:15:00+00:00,2026-08-09 02:18:00+00:00,64858.58,64858.59,64840.69,64840.69,9.40066
2026-08-09 02:18:00+00:00,2026-08-09 02:21:00+00:00,64840.7,64840.7,64840.69,64840.69,5.41597
2026-08-09 02:21:00+00:00,2026-08-09 02:24:00+00:00,64840.69,64840.7,64840.69,64840.69,1.87226
2026-08-09 02:24:00+00:00,2026-08-09 02:27:00+00:00,64840.7,64843.99,64840.69,64843.99,13.695
2026-08-09 02:27:00+00:00,2026-08-09 02:30:00+00:00,64843.98,64848.97,64842.61,64842.61,27.62344
2026-08-09 02:30:00+00:00,2026-08-09 02:33:00+00:00,64842.61,64842.62,64827.32,64828.04,13.6291
2026-08-09 02:33:00+00:00,2026-08-09 02:36:00+00:00,64828.03,64845.23,64828.03,64838.97,47.38746
2026-08-09 02:36:00+00:00,2026-08-09 02:39:00+00:00,64838.96,64838.97,64838.96,64838.96,3.02466
2026-08-09 02:39:00+00:00,2026-08-09 02:42:00+00:00,64838.96,64838.96,64834.31,64834.31,13.1838
2026-08-09 02:42:00+00:00,2026-08-09 02:45:00+00:00,64834.32,64834.32,64777.99,64777.99,30.82889
2026-08-09 02:45:00+00:00,2026-08-09 02:48:00+00:00,64777.92,64791.02,64777.92,64784.71,7.83996
2026-08-09 02:48:00+00:00,2026-08-09 02:51:00+00:00,64784.72,64784.72,64782.15,64782.16,4.83114
2026-08-09 02:51:00+00:00,2026-08-09 02:54:00+00:00,64782.16,64798.87,64782.15,64798.87,9.39477
2026-08-09 02:54:00+00:00,2026-08-09 02:57:00+00:00,64798.87,64819.98,64798.86,64819.97,5.81372
2026-08-09 02:57:00+00:00,2026-08-09 03:00:00+00:00,64819.97,64820.01,64819.97,64820.01,6.1058
2026-08-09 03:00:00+00:00,2026-08-09 03:03:00+00:00,64820.01,64820.01,64813.2,64813.2,5.50556
2026-08-09 03:03:00+00:00,2026-08-09 03:06:00+00:00,64813.21,64813.21,64813.2,64813.2,0.87981
2026-08-09 03:06:00+00:00,2026-08-09 03:09:00+00:00,64813.21,64813.21,64813.2,64813.2,2.02888
2026-08-09 03:09:00+00:00,2026-08-09 03:12:00+00:00,64813.2,64813.21,64798.77,64798.78,6.43106
2026-08-09 03:12:00+00:00,2026-08-09 03:15:00+00:00,64798.77,64798.78,64732.01,64732.01,23.39989
2026-08-09 03:15:00+00:00,2026-08-09 03:18:00+00:00,64732.01,64741.58,64730.08,64741.57,12.58352
2026-08-09 03:18:00+00:00,2026-08-09 03:21:00+00:00,64741.58,64767.51,64741.57,64767.51,14.00241
2026-08-09 03:21:00+00:00,2026-08-09 03:24:00+00:00,64767.51,64782.0,64767.5,64782.0,11.06544
2026-08-09 03:24:00+00:00,2026-08-09 03:27:00+00:00,64781.99,64784.16,64779.99,64780.0,13.77968
2026-08-09 03:27:00+00:00,2026-08-09 03:30:00+00:00,64780.0,64780.0,64779.99,64780.0,3.08451
2026-08-09 03:30:00+00:00,2026-08-09 03:33:00+00:00,64779.99,64791.58,64779.99,64791.58,6.16942
2026-08-09 03:33:00+00:00,2026-08-09 03:36:00+00:00,64791.57,64791.58,64774.76,64774.76,8.49981
2026-08-09 03:36:00+00:00,2026-08-09 03:39:00+00:00,64774.76,64774.77,64774.76,64774.76,1.24089
2026-08-09 03:39:00+00:00,2026-08-09 03:42:00+00:00,64774.77,64799.41,64774.76,64799.41,17.65765
2026-08-09 03:42:00+00:00,2026-08-09 03:45:00+00:00,64799.41,64802.8,64797.72,64800.18,5.5494
2026-08-09 03:45:00+00:00,2026-08-09 03:48:00+00:00,64800.19,64800.19,64796.92,64796.93,7.15901
2026-08-09 03:48:00+00:00,2026-08-09 03:51:00+00:00,64796.92,64796.93,64793.22,64793.23,5.06693
2026-08-09 03:51:00+00:00,2026-08-09 03:54:00+00:00,64793.23,64793.23,64793.21,64793.21,3.96738
2026-08-09 03:54:00+00:00,2026-08-09 03:57:00+00:00,64793.21,64793.22,64788.79,64788.79,2.80024
2026-08-09 03:57:00+00:00,2026-08-09 04:00:00+00:00,64788.8,64788.8,64788.79,64788.8,2.88627
2026-08-09 04:00:00+00:00,2026-08-09 04:03:00+00:00,64788.8,64788.8,64788.79,64788.79,2.11715
2026-08-09 04:03:00+00:00,2026-08-09 04:06:00+00:00,64788.8,64788.8,64788.79,64788.79,1.4734
2026-08-09 04:06:00+00:00,2026-08-09 04:09:00+00:00,64788.8,64796.93,64788.79,64796.92,9.92316
2026-08-09 04:09:00+00:00,2026-08-09 04:12:00+00:00,64796.93,64814.58,64796.92,64814.56,9.41732
2026-08-09 04:12:00+00:00,2026-08-09 04:15:00+00:00,64814.57,64816.85,64814.56,64816.85,4.56458
2026-08-09 04:15:00+00:00,2026-08-09 04:18:00+00:00,64816.85,64825.93,64809.01,64809.01,12.3913
2026-08-09 04:18:00+00:00,2026-08-09 04:21:00+00:00,64809.01,64809.02,64809.01,64809.01,2.99072
2026-08-09 04:21:00+00:00,2026-08-09 04:24:00+00:00,64809.02,64809.02,64809.01,64809.01,1.90658
2026-08-09 04:24:00+00:00,2026-08-09 04:27:00+00:00,64809.02,64813.93,64809.01,64813.93,9.87252
2026-08-09 04:27:00+00:00,2026-08-09 04:30:00+00:00,64813.92,64826.13,64813.92,64826.01,26.68051
2026-08-09 04:30:00+00:00,2026-08-09 04:33:00+00:00,64826.0,64826.01,64817.82,64817.83,28.70649
2026-08-09 04:33:00+00:00,2026-08-09 04:36:00+00:00,64817.83,64817.83,64813.49,64813.5,5.79717
2026-08-09 04:36:00+00:00,2026-08-09 04:39:00+00:00,64813.49,64813.5,64813.49,64813.5,1.69904
2026-08-09 04:39:00+00:00,2026-08-09 04:42:00+00:00,64813.49,64813.5,64813.49,64813.5,1.52149
2026-08-09 04:42:00+00:00,2026-08-09 04:45:00+00:00,64813.5,64813.5,64809.95,64809.96,3.2732
2026-08-09 04:45:00+00:00,2026-08-09 04:48:00+00:00,64809.95,64809.96,64809.95,64809.96,1.37059
2026-08-09 04:48:00+00:00,2026-08-09 04:51:00+00:00,64809.96,64809.96,64785.0,64785.0,14.38518
2026-08-09 04:51:00+00:00,2026-08-09 04:54:00+00:00,64785.0,64785.01,64785.0,64785.0,4.19278
2026-08-09 04:54:00+00:00,2026-08-09 04:57:00+00:00,64785.01,64785.01,64785.0,64785.01,3.01305
2026-08-09 04:57:00+00:00,2026-08-09 05:00:00+00:00,64785.01,64785.01,64785.0,64785.0,11.02149
2026-08-09 05:00:00+00:00,2026-08-09 05:03:00+00:00,64785.01,64785.01,64785.0,64785.0,0.80228
2026-08-09 05:03:00+00:00,2026-08-09 05:06:00+00:00,64785.0,64785.01,64785.0,64785.01,12.51635
2026-08-09 05:06:00+00:00,2026-08-09 05:09:00+00:00,64785.0,64785.01,64785.0,64785.0,1.99537
2026-08-09 05:09:00+00:00,2026-08-09 05:12:00+00:00,64785.0,64785.01,64785.0,64785.0,26.01608
2026-08-09 05:12:00+00:00,2026-08-09 05:15:00+00:00,64785.01,64786.3,64785.0,64786.29,20.99782
2026-08-09 05:15:00+00:00,2026-08-09 05:18:00+00:00,64786.29,64790.19,64786.29,64790.18,8.34406
2026-08-09 05:18:00+00:00,2026-08-09 05:21:00+00:00,64790.19,64790.19,64786.0,64786.0,12.3414
2026-08-09 05:21:00+00:00,2026-08-09 05:24:00+00:00,64786.0,64786.01,64786.0,64786.0,2.51943
2026-08-09 05:24:00+00:00,2026-08-09 05:27:00+00:00,64786.01,64790.16,64786.0,64790.15,26.77833
2026-08-09 05:27:00+00:00,2026-08-09 05:30:00+00:00,64790.16,64793.01,64790.16,64790.84,12.89274
2026-08-09 05:30:00+00:00,2026-08-09 05:33:00+00:00,64790.85,64790.85,64790.0,64790.0,5.22869
2026-08-09 05:33:00+00:00,2026-08-09 05:36:00+00:00,64790.01,64790.01,64790.0,64790.01,14.87668
2026-08-09 05:36:00+00:00,2026-08-09 05:39:00+00:00,64790.0,64790.01,64790.0,64790.0,7.3536
2026-08-09 05:39:00+00:00,2026-08-09 05:42:00+00:00,64790.01,64790.01,64789.37,64789.37,7.80969
2026-08-09 05:42:00+00:00,2026-08-09 05:45:00+00:00,64789.38,64789.38,64786.0,64786.01,9.18908
2026-08-09 05:45:00+00:00,2026-08-09 05:48:00+00:00,64786.0,64786.01,64777.0,64777.0,3.45893
2026-08-09 05:48:00+00:00,2026-08-09 05:51:00+00:00,64777.01,64777.01,64777.0,64777.01,1.4941
2026-08-09 05:51:00+00:00,2026-08-09 05:54:00+00:00,64777.0,64780.31,64777.0,64780.3,9.33274
2026-08-09 05:54:00+00:00,2026-08-09 05:57:00+00:00,64780.31,64787.89,64780.31,64787.89,3.92663
2026-08-09 05:57:00+00:00,2026-08-09 06:00:00+00:00,64787.89,64801.58,64787.89,64801.58,6.51906
2026-08-09 06:00:00+00:00,2026-08-09 06:03:00+00:00,64801.57,64801.58,64801.57,64801.58,3.57202
2026-08-09 06:03:00+00:00,2026-08-09 06:06:00+00:00,64801.58,64810.13,64801.57,64802.19,26.33421
2026-08-09 06:06:00+00:00,2026-08-09 06:09:00+00:00,64802.18,64803.21,64802.18,64802.18,8.58629
2026-08-09 06:09:00+00:00,2026-08-09 06:12:00+00:00,64802.19,64809.94,64802.18,64809.92,20.6969
2026-08-09 06:12:00+00:00,2026-08-09 06:15:00+00:00,64809.92,64815.45,64804.44,64815.45,27.31671
2026-08-09 06:15:00+00:00,2026-08-09 06:18:00+00:00,64815.44,64821.08,64815.44,64821.08,4.28327
2026-08-09 06:18:00+00:00,2026-08-09 06:21:00+00:00,64821.08,64838.98,64821.07,64838.98,4.45324
2026-08-09 06:21:00+00:00,2026-08-09 06:24:00+00:00,64838.98,64841.43,64838.97,64841.42,1.83488
2026-08-09 06:24:00+00:00,2026-08-09 06:27:00+00:00,64841.43,64845.98,64841.19,64841.2,12.76066
2026-08-09 06:27:00+00:00,2026-08-09 06:30:00+00:00,64841.2,64841.2,64841.19,64841.2,2.20231
2026-08-09 06:30:00+00:00,2026-08-09 06:33:00+00:00,64841.19,64847.68,64841.19,64847.68,3.70666
2026-08-09 06:33:00+00:00,2026-08-09 06:36:00+00:00,64847.68,64860.01,64847.67,64860.01,6.49311
2026-08-09 06:36:00+00:00,2026-08-09 06:39:00+00:00,64860.0,64860.01,64860.0,64860.01,1.93336
2026-08-09 06:39:00+00:00,2026-08-09 06:42:00+00:00,64860.01,64862.75,64860.0,64862.73,4.4824
2026-08-09 06:42:00+00:00,2026-08-09 06:45:00+00:00,64862.74,64867.11,64859.69,64867.1,22.94051
2026-08-09 06:45:00+00:00,2026-08-09 06:48:00+00:00,64867.11,64867.11,64867.1,64867.11,5.84131
2026-08-09 06:48:00+00:00,2026-08-09 06:51:00+00:00,64867.1,64867.11,64860.43,64860.43,15.34002
2026-08-09 06:51:00+00:00,2026-08-09 06:54:00+00:00,64860.44,64860.44,64860.43,64860.44,2.5268
2026-08-09 06:54:00+00:00,2026-08-09 06:57:00+00:00,64860.43,64860.44,64857.98,64857.99,8.69871
2026-08-09 06:57:00+00:00,2026-08-09 07:00:00+00:00,64857.99,64860.0,64849.99,64849.99,32.36192
2026-08-09 07:00:00+00:00,2026-08-09 07:03:00+00:00,64850.0,64850.0,64849.99,64850.0,0.90251
2026-08-09 07:03:00+00:00,2026-08-09 07:06:00+00:00,64850.0,64860.01,64848.34,64848.35,31.96371
2026-08-09 07:06:00+00:00,2026-08-09 07:09:00+00:00,64848.34,64860.01,64848.34,64860.01,10.99489
2026-08-09 07:09:00+00:00,2026-08-09 07:12:00+00:00,64860.0,64860.01,64853.17,64853.17,41.69478
2026-08-09 07:12:00+00:00,2026-08-09 07:15:00+00:00,64853.18,64858.52,64853.17,64853.56,28.49107
2026-08-09 07:15:00+00:00,2026-08-09 07:18:00+00:00,64853.57,64856.0,64849.92,64849.92,18.23323
2026-08-09 07:18:00+00:00,2026-08-09 07:21:00+00:00,64849.93,64850.0,64849.92,64849.92,12.63167
2026-08-09 07:21:00+00:00,2026-08-09 07:24:00+00:00,64849.92,64849.93,64845.2,64845.2,10.62871
2026-08-09 07:24:00+00:00,2026-08-09 07:27:00+00:00,64845.21,64845.21,64840.85,64840.85,14.18708
2026-08-09 07:27:00+00:00,2026-08-09 07:30:00+00:00,64840.85,64840.86,64840.85,64840.85,9.10013
2026-08-09 07:30:00+00:00,2026-08-09 07:33:00+00:00,64840.86,64840.86,64840.85,64840.85,3.2273
2026-08-09 07:33:00+00:00,2026-08-09 07:36:00+00:00,64840.86,64842.7,64835.01,64835.02,29.03537
2026-08-09 07:36:00+00:00,2026-08-09 07:39:00+00:00,64835.02,64835.02,64835.01,64835.02,3.14901
2026-08-09 07:39:00+00:00,2026-08-09 07:42:00+00:00,64835.02,64835.02,64829.99,64835.02,30.68529
2026-08-09 07:42:00+00:00,2026-08-09 07:45:00+00:00,64835.02,64840.76,64835.01,64840.75,26.32597
2026-08-09 07:45:00+00:00,2026-08-09 07:48:00+00:00,64840.76,64840.76,64829.99,64830.01,30.00651
2026-08-09 07:48:00+00:00,2026-08-09 07:51:00+00:00,64830.01,64830.01,64830.0,64830.01,10.66209
2026-08-09 07:51:00+00:00,2026-08-09 07:54:00+00:00,64830.01,64830.01,64830.0,64830.0,3.72334
2026-08-09 07:54:00+00:00,2026-08-09 07:57:00+00:00,64830.0,64830.01,64826.14,64826.14,16.11552
2026-08-09 07:57:00+00:00,2026-08-09 08:00:00+00:00,64826.15,64826.15,64826.14,64826.14,6.63046
2026-08-09 08:00:00+00:00,2026-08-09 08:03:00+00:00,64826.15,64870.06,64826.14,64869.98,10.10145
2026-08-09 08:03:00+00:00,2026-08-09 08:06:00+00:00,64869.98,64960.06,64869.98,64919.25,117.1978
2026-08-09 08:06:00+00:00,2026-08-09 08:09:00+00:00,64919.26,64919.26,64913.33,64915.36,6.17689
2026-08-09 08:09:00+00:00,2026-08-09 08:12:00+00:00,64915.36,64926.69,64915.36,64926.69,6.17817
2026-08-09 08:12:00+00:00,2026-08-09 08:15:00+00:00,64926.69,64926.69,64922.66,64922.67,4.55221
2026-08-09 08:15:00+00:00,2026-08-09 08:18:00+00:00,64922.67,64933.7,64922.66,64933.69,14.4588
2026-08-09 08:18:00+00:00,2026-08-09 08:21:00+00:00,64933.7,64933.7,64923.47,64923.48,11.36118
2026-08-09 08:21:00+00:00,2026-08-09 08:24:00+00:00,64923.47,64923.48,64910.52,64910.52,11.8417
2026-08-09 08:24:00+00:00,2026-08-09 08:27:00+00:00,64910.53,64910.53,64901.01,64901.01,14.17304
2026-08-09 08:27:00+00:00,2026-08-09 08:30:00+00:00,64901.01,64901.02,64886.81,64886.82,18.70078
2026-08-09 08:30:00+00:00,2026-08-09 08:33:00+00:00,64886.82,64893.83,64886.81,64893.82,7.18337
2026-08-09 08:33:00+00:00,2026-08-09 08:36:00+00:00,64893.83,64893.83,64893.82,64893.83,1.24748
2026-08-09 08:36:00+00:00,2026-08-09 08:39:00+00:00,64893.83,64893.83,64893.82,64893.83,2.51332
2026-08-09 08:39:00+00:00,2026-08-09 08:42:00+00:00,64893.83,64893.83,64827.88,64828.82,22.24977
2026-08-09 08:42:00+00:00,2026-08-09 08:45:00+00:00,64828.81,64831.43,64792.1,64792.11,26.4839
2026-08-09 08:45:00+00:00,2026-08-09 08:48:00+00:00,64792.1,64816.0,64792.1,64808.93,19.28358
2026-08-09 08:48:00+00:00,2026-08-09 08:51:00+00:00,64808.92,64816.0,64808.92,64815.99,9.92545
2026-08-09 08:51:00+00:00,2026-08-09 08:54:00+00:00,64816.0,64816.0,64795.21,64807.43,13.49171
2026-08-09 08:54:00+00:00,2026-08-09 08:57:00+00:00,64807.43,64817.34,64807.43,64817.34,6.34219
2026-08-09 08:57:00+00:00,2026-08-09 09:00:00+00:00,64817.33,64824.17,64817.33,64824.16,5.47255
2026-08-09 09:00:00+00:00,2026-08-09 09:03:00+00:00,64824.17,64826.45,64824.16,64826.44,3.67822
2026-08-09 09:03:00+00:00,2026-08-09 09:06:00+00:00,64826.45,64830.69,64826.44,64830.68,2.50521
2026-08-09 09:06:00+00:00,2026-08-09 09:09:00+00:00,64830.69,64830.69,64830.22,64830.22,4.09569
2026-08-09 09:09:00+00:00,2026-08-09 09:12:00+00:00,64830.23,64830.23,64830.21,64830.22,2.84195
2026-08-09 09:12:00+00:00,2026-08-09 09:15:00+00:00,64830.22,64830.22,64824.17,64824.17,11.10508
2026-08-09 09:15:00+00:00,2026-08-09 09:18:00+00:00,64824.18,64830.2,64824.17,64830.19,14.41231
2026-08-09 09:18:00+00:00,2026-08-09 09:21:00+00:00,64830.2,64831.27,64830.19,64831.27,2.61713
2026-08-09 09:21:00+00:00,2026-08-09 09:24:00+00:00,64831.26,64831.27,64831.26,64831.27,1.41131
2026-08-09 09:24:00+00:00,2026-08-09 09:27:00+00:00,64831.26,64831.27,64824.17,64824.17,9.77069
2026-08-09 09:27:00+00:00,2026-08-09 09:30:00+00:00,64824.17,64824.18,64809.68,64809.69,11.17251
2026-08-09 09:30:00+00:00,2026-08-09 09:33:00+00:00,64809.69,64809.69,64809.68,64809.69,1.56325
2026-08-09 09:33:00+00:00,2026-08-09 09:36:00+00:00,64809.68,64809.7,64809.68,64809.7,10.41033
2026-08-09 09:36:00+00:00,2026-08-09 09:39:00+00:00,64809.7,64809.7,64809.69,64809.7,0.89957
2026-08-09 09:39:00+00:00,2026-08-09 09:42:00+00:00,64809.69,64814.56,64809.69,64814.55,3.90643
2026-08-09 09:42:00+00:00,2026-08-09 09:45:00+00:00,64814.56,64814.56,64814.55,64814.56,11.84595
2026-08-09 09:45:00+00:00,2026-08-09 09:48:00+00:00,64814.56,64814.56,64814.53,64814.54,4.94599
2026-08-09 09:48:00+00:00,2026-08-09 09:51:00+00:00,64814.54,64814.54,64814.53,64814.53,3.92864
2026-08-09 09:51:00+00:00,2026-08-09 09:54:00+00:00,64814.54,64833.12,64814.53,64833.12,32.13895
2026-08-09 09:54:00+00:00,2026-08-09 09:57:00+00:00,64833.54,64850.01,64833.54,64850.0,8.96886
2026-08-09 09:57:00+00:00,2026-08-09 10:00:00+00:00,64850.01,64877.86,64850.0,64877.85,7.00317
2026-08-09 10:00:00+00:00,2026-08-09 10:03:00+00:00,64877.86,64900.0,64877.85,64899.99,18.71568
2026-08-09 10:03:00+00:00,2026-08-09 10:06:00+00:00,64900.0,64900.0,64899.99,64900.0,4.06114
2026-08-09 10:06:00+00:00,2026-08-09 10:09:00+00:00,64900.0,64900.0,64899.99,64900.0,7.50569
2026-08-09 10:09:00+00:00,2026-08-09 10:12:00+00:00,64900.0,64921.86,64900.0,64921.86,7.35728
2026-08-09 10:12:00+00:00,2026-08-09 10:15:00+00:00,64921.85,64951.26,64921.85,64950.99,10.798
2026-08-09 10:15:00+00:00,2026-08-09 10:18:00+00:00,64951.0,64951.0,64950.99,64950.99,3.00434
2026-08-09 10:18:00+00:00,2026-08-09 10:21:00+00:00,64950.99,64994.07,64950.99,64976.0,21.84087
2026-08-09 10:21:00+00:00,2026-08-09 10:24:00+00:00,64976.01,64976.01,64970.66,64970.66,9.13481
2026-08-09 10:24:00+00:00,2026-08-09 10:27:00+00:00,64970.66,64970.67,64948.85,64948.85,14.8515
2026-08-09 10:27:00+00:00,2026-08-09 10:30:00+00:00,64948.85,64975.83,64944.45,64970.37,29.50755
2026-08-09 10:30:00+00:00,2026-08-09 10:33:00+00:00,64970.37,64973.93,64944.0,64944.0,14.49754
2026-08-09 10:33:00+00:00,2026-08-09 10:36:00+00:00,64944.0,64944.01,64942.0,64944.0,14.07336
2026-08-09 10:36:00+00:00,2026-08-09 10:39:00+00:00,64944.01,64944.01,64944.0,64944.0,8.27949
2026-08-09 10:39:00+00:00,2026-08-09 10:42:00+00:00,64944.0,64944.01,64944.0,64944.01,12.45208
2026-08-09 10:42:00+00:00,2026-08-09 10:45:00+00:00,64944.0,64944.01,64944.0,64944.0,5.40839
2026-08-09 10:45:00+00:00,2026-08-09 10:48:00+00:00,64944.01,64976.21,64944.0,64976.21,28.99572
2026-08-09 10:48:00+00:00,2026-08-09 10:51:00+00:00,64976.21,64977.22,64976.21,64977.21,14.65142
2026-08-09 10:51:00+00:00,2026-08-09 10:54:00+00:00,64977.21,64977.22,64974.0,64974.01,8.07258
2026-08-09 10:54:00+00:00,2026-08-09 10:57:00+00:00,64974.0,64974.01,64969.76,64969.76,4.5016
2026-08-09 10:57:00+00:00,2026-08-09 11:00:00+00:00,64969.76,64969.77,64959.86,64959.86,11.77994
2026-08-09 11:00:00+00:00,2026-08-09 11:03:00+00:00,64959.87,64959.87,64959.86,64959.86,2.03076
2026-08-09 11:03:00+00:00,2026-08-09 11:06:00+00:00,64959.87,64977.22,64959.86,64977.21,12.62646
2026-08-09 11:06:00+00:00,2026-08-09 11:09:00+00:00,64977.21,64978.01,64977.21,64978.0,2.15562
2026-08-09 11:09:00+00:00,2026-08-09 11:12:00+00:00,64978.01,64978.01,64971.99,64976.0,12.30729
2026-08-09 11:12:00+00:00,2026-08-09 11:15:00+00:00,64975.99,64976.0,64975.99,64975.99,1.17496
2026-08-09 11:15:00+00:00,2026-08-09 11:18:00+00:00,64975.99,64976.0,64975.99,64975.99,0.70765
2026-08-09 11:18:00+00:00,2026-08-09 11:21:00+00:00,64976.0,64976.0,64975.99,64975.99,1.49864
2026-08-09 11:21:00+00:00,2026-08-09 11:24:00+00:00,64976.0,64978.01,64975.99,64978.0,2.88893
2026-08-09 11:24:00+00:00,2026-08-09 11:27:00+00:00,64978.01,64978.01,64978.0,64978.01,4.61686
2026-08-09 11:27:00+00:00,2026-08-09 11:30:00+00:00,64978.0,64978.01,64978.0,64978.0,0.54438
2026-08-09 11:30:00+00:00,2026-08-09 11:33:00+00:00,64978.0,64978.01,64978.0,64978.0,4.93981
2026-08-09 11:33:00+00:00,2026-08-09 11:36:00+00:00,64978.0,64982.0,64978.0,64981.99,11.11206
2026-08-09 11:36:00+00:00,2026-08-09 11:39:00+00:00,64981.99,64994.92,64981.99,64994.91,8.96942
2026-08-09 11:39:00+00:00,2026-08-09 11:42:00+00:00,64994.91,64994.92,64990.45,64990.45,8.48939
2026-08-09 11:42:00+00:00,2026-08-09 11:45:00+00:00,64990.45,64990.46,64990.45,64990.46,3.41539
2026-08-09 11:45:00+00:00,2026-08-09 11:48:00+00:00,64990.46,64995.67,64990.45,64995.66,9.57756
2026-08-09 11:48:00+00:00,2026-08-09 11:51:00+00:00,64995.67,65000.0,64973.74,64975.95,44.19776
2026-08-09 11:51:00+00:00,2026-08-09 11:54:00+00:00,64975.94,64982.87,64975.94,64982.87,4.53347
2026-08-09 11:54:00+00:00,2026-08-09 11:57:00+00:00,64982.87,64982.87,64964.0,64964.01,5.93649
2026-08-09 11:57:00+00:00,2026-08-09 12:00:00+00:00,64964.01,64964.01,64950.0,64950.0,9.04931
2026-08-09 12:00:00+00:00,2026-08-09 12:03:00+00:00,64950.01,64950.01,64914.73,64919.93,28.23954
2026-08-09 12:03:00+00:00,2026-08-09 12:06:00+00:00,64919.93,64919.94,64919.93,64919.94,2.13386
2026-08-09 12:06:00+00:00,2026-08-09 12:09:00+00:00,64919.94,64919.94,64919.93,64919.94,5.29464
2026-08-09 12:09:00+00:00,2026-08-09 12:12:00+00:00,64919.93,64929.37,64919.93,64929.36,14.07314
2026-08-09 12:12:00+00:00,2026-08-09 12:15:00+00:00,64929.37,64937.59,64929.36,64937.58,3.19595
2026-08-09 12:15:00+00:00,2026-08-09 12:18:00+00:00,64937.59,64949.99,64937.58,64947.36,15.46889
2026-08-09 12:18:00+00:00,2026-08-09 12:21:00+00:00,64947.36,64947.36,64938.29,64938.3,21.72943
2026-08-09 12:21:00+00:00,2026-08-09 12:24:00+00:00,64938.3,64942.0,64938.29,64941.99,6.2694
2026-08-09 12:24:00+00:00,2026-08-09 12:27:00+00:00,64941.99,64942.0,64941.99,64941.99,2.41008
2026-08-09 12:27:00+00:00,2026-08-09 12:30:00+00:00,64942.0,64942.0,64941.99,64942.0,3.9375
2026-08-09 12:30:00+00:00,2026-08-09 12:33:00+00:00,64942.0,64942.0,64939.69,64939.69,3.28962
2026-08-09 12:33:00+00:00,2026-08-09 12:36:00+00:00,64939.7,64939.7,64938.52,64938.52,2.13728
2026-08-09 12:36:00+00:00,2026-08-09 12:39:00+00:00,64938.52,64938.53,64938.52,64938.52,1.03279
2026-08-09 12:39:00+00:00,2026-08-09 12:42:00+00:00,64938.52,64938.53,64938.5,64938.53,8.49473
2026-08-09 12:42:00+00:00,2026-08-09 12:45:00+00:00,64938.53,64938.53,64938.52,64938.52,0.77323
2026-08-09 12:45:00+00:00,2026-08-09 12:48:00+00:00,64938.52,64938.53,64938.52,64938.53,1.13024
2026-08-09 12:48:00+00:00,2026-08-09 12:51:00+00:00,64938.52,64942.0,64938.52,64942.0,9.71673
2026-08-09 12:51:00+00:00,2026-08-09 12:54:00+00:00,64942.0,64942.0,64938.52,64938.54,11.00425
2026-08-09 12:54:00+00:00,2026-08-09 12:57:00+00:00,64938.54,64948.0,64938.53,64948.0,8.22632
2026-08-09 12:57:00+00:00,2026-08-09 13:00:00+00:00,64948.0,64962.41,64947.99,64960.11,18.32813
2026-08-09 13:00:00+00:00,2026-08-09 13:03:00+00:00,64960.12,64984.39,64960.11,64984.38,6.1486
2026-08-09 13:03:00+00:00,2026-08-09 13:06:00+00:00,64984.39,65012.0,64984.38,65012.0,6.58705
2026-08-09 13:06:00+00:00,2026-08-09 13:09:00+00:00,65012.0,65032.51,65012.0,65017.89,20.62338
2026-08-09 13:09:00+00:00,2026-08-09 13:12:00+00:00,65017.89,65017.9,65017.89,65017.89,0.91822
2026-08-09 13:12:00+00:00,2026-08-09 13:15:00+00:00,65017.9,65017.9,65017.89,65017.89,1.66405
2026-08-09 13:15:00+00:00,2026-08-09 13:18:00+00:00,65017.9,65046.46,65017.89,65046.45,9.81222
2026-08-09 13:18:00+00:00,2026-08-09 13:21:00+00:00,65046.45,65055.95,65046.45,65055.94,7.75589
2026-08-09 13:21:00+00:00,2026-08-09 13:24:00+00:00,65055.94,65055.95,65039.05,65039.05,13.09303
2026-08-09 13:24:00+00:00,2026-08-09 13:27:00+00:00,65039.06,65051.91,65039.05,65051.9,16.81174
2026-08-09 13:27:00+00:00,2026-08-09 13:30:00+00:00,65051.9,65088.0,65051.9,65087.99,8.62622
2026-08-09 13:30:00+00:00,2026-08-09 13:33:00+00:00,65088.0,65164.99,65087.99,65133.46,61.22668
2026-08-09 13:33:00+00:00,2026-08-09 13:36:00+00:00,65133.46,65133.47,65130.0,65130.0,8.52488
2026-08-09 13:36:00+00:00,2026-08-09 13:39:00+00:00,65130.01,65130.01,65128.4,65128.4,8.97209
2026-08-09 13:39:00+00:00,2026-08-09 13:42:00+00:00,65128.4,65266.0,65112.12,65242.06,131.97385
2026-08-09 13:42:00+00:00,2026-08-09 13:45:00+00:00,65242.06,65242.06,65214.79,65219.79,43.91271
2026-08-09 13:45:00+00:00,2026-08-09 13:48:00+00:00,65219.8,65221.24,65219.79,65221.24,17.99622
2026-08-09 13:48:00+00:00,2026-08-09 13:51:00+00:00,65221.23,65222.0,65197.49,65197.49,17.67201
2026-08-09 13:51:00+00:00,2026-08-09 13:54:00+00:00,65197.49,65220.45,65197.48,65220.43,15.16423
2026-08-09 13:54:00+00:00,2026-08-09 13:57:00+00:00,65220.43,65220.44,65219.78,65219.79,5.86779
2026-08-09 13:57:00+00:00,2026-08-09 14:00:00+00:00,65219.79,65219.79,65219.78,65219.78,3.555
2026-08-09 14:00:00+00:00,2026-08-09 14:03:00+00:00,65219.78,65230.0,65198.0,65198.0,15.03546
2026-08-09 14:03:00+00:00,2026-08-09 14:06:00+00:00,65198.0,65222.0,65198.0,65221.99,11.21131
2026-08-09 14:06:00+00:00,2026-08-09 14:09:00+00:00,65221.99,65239.26,65221.99,65230.78,9.22761
2026-08-09 14:09:00+00:00,2026-08-09 14:12:00+00:00,65230.77,65230.78,65223.99,65223.99,17.03952
2026-08-09 14:12:00+00:00,2026-08-09 14:15:00+00:00,65223.99,65238.0,65223.99,65237.79,16.83555
2026-08-09 14:15:00+00:00,2026-08-09 14:18:00+00:00,65237.8,65237.8,65212.48,65212.48,10.34705
2026-08-09 14:18:00+00:00,2026-08-09 14:21:00+00:00,65212.48,65212.49,65200.0,65201.99,7.32917
2026-08-09 14:21:00+00:00,2026-08-09 14:24:00+00:00,65201.98,65205.52,65178.0,65178.0,15.61757
2026-08-09 14:24:00+00:00,2026-08-09 14:27:00+00:00,65178.01,65178.3,65160.49,65178.3,24.3468
2026-08-09 14:27:00+00:00,2026-08-09 14:30:00+00:00,65178.31,65185.0,65178.3,65184.99,3.20111
2026-08-09 14:30:00+00:00,2026-08-09 14:33:00+00:00,65184.99,65213.92,65184.99,65213.92,32.80723
2026-08-09 14:33:00+00:00,2026-08-09 14:36:00+00:00,65213.92,65222.0,65199.51,65201.08,20.7877
2026-08-09 14:36:00+00:00,2026-08-09 14:39:00+00:00,65201.08,65201.09,65184.27,65184.27,10.72366
2026-08-09 14:39:00+00:00,2026-08-09 14:42:00+00:00,65184.27,65184.28,65150.95,65150.95,9.95511
2026-08-09 14:42:00+00:00,2026-08-09 14:45:00+00:00,65150.96,65167.65,65150.95,65167.64,12.6429
2026-08-09 14:45:00+00:00,2026-08-09 14:48:00+00:00,65167.64,65167.67,65167.64,65167.67,4.39152
2026-08-09 14:48:00+00:00,2026-08-09 14:51:00+00:00,65167.67,65184.64,65167.66,65184.64,10.78242
2026-08-09 14:51:00+00:00,2026-08-09 14:54:00+00:00,65184.64,65187.21,65184.64,65187.21,5.24122
2026-08-09 14:54:00+00:00,2026-08-09 14:57:00+00:00,65187.21,65225.89,65187.2,65225.89,6.4906
2026-08-09 14:57:00+00:00,2026-08-09 15:00:00+00:00,65225.89,65300.0,65225.89,65260.01,36.79399
2026-08-09 15:00:00+00:00,2026-08-09 15:03:00+00:00,65260.01,65264.0,65214.0,65215.11,21.00267
2026-08-09 15:03:00+00:00,2026-08-09 15:06:00+00:00,65215.12,65260.0,65215.11,65260.0,21.15304
2026-08-09 15:06:00+00:00,2026-08-09 15:09:00+00:00,65259.99,65260.0,65244.18,65248.9,39.65596
2026-08-09 15:09:00+00:00,2026-08-09 15:12:00+00:00,65248.91,65261.99,65248.8,65258.01,45.41577
2026-08-09 15:12:00+00:00,2026-08-09 15:15:00+00:00,65258.0,65258.01,65248.8,65250.7,11.30151
2026-08-09 15:15:00+00:00,2026-08-09 15:18:00+00:00,65250.7,65250.7,65236.63,65236.64,49.79541
2026-08-09 15:18:00+00:00,2026-08-09 15:21:00+00:00,65236.64,65244.83,65229.39,65229.4,41.4208
2026-08-09 15:21:00+00:00,2026-08-09 15:24:00+00:00,65229.4,65229.4,65229.39,65229.4,12.03119
2026-08-09 15:24:00+00:00,2026-08-09 15:27:00+00:00,65229.39,65246.36,65229.39,65246.36,29.56152
2026-08-09 15:27:00+00:00,2026-08-09 15:30:00+00:00,65246.35,65246.36,65236.0,65236.0,15.51
2026-08-09 15:30:00+00:00,2026-08-09 15:33:00+00:00,65236.0,65236.01,65236.0,65236.01,7.80683
2026-08-09 15:33:00+00:00,2026-08-09 15:36:00+00:00,65236.01,65236.01,65232.39,65232.39,10.38471
2026-08-09 15:36:00+00:00,2026-08-09 15:39:00+00:00,65232.4,65234.62,65232.39,65234.61,5.34415
2026-08-09 15:39:00+00:00,2026-08-09 15:42:00+00:00,65234.62,65234.62,65234.61,65234.61,4.3802
2026-08-09 15:42:00+00:00,2026-08-09 15:45:00+00:00,65234.61,65234.62,65226.25,65226.26,9.48381
2026-08-09 15:45:00+00:00,2026-08-09 15:48:00+00:00,65226.25,65226.26,65226.25,65226.26,3.37946
2026-08-09 15:48:00+00:00,2026-08-09 15:51:00+00:00,65226.25,65228.67,65226.25,65228.66,6.49514
2026-08-09 15:51:00+00:00,2026-08-09 15:54:00+00:00,65228.67,65228.67,65228.66,65228.66,3.15744
2026-08-09 15:54:00+00:00,2026-08-09 15:57:00+00:00,65228.66,65228.67,65228.66,65228.66,1.98311
2026-08-09 15:57:00+00:00,2026-08-09 16:00:00+00:00,65228.67,65238.0,65228.66,65228.68,24.92368
2026-08-09 16:00:00+00:00,2026-08-09 16:03:00+00:00,65228.68,65237.9,65220.0,65220.0,17.27019
2026-08-09 16:03:00+00:00,2026-08-09 16:06:00+00:00,65220.0,65235.35,65220.0,65235.35,7.89385
2026-08-09 16:06:00+00:00,2026-08-09 16:09:00+00:00,65235.35,65263.31,65235.35,65263.3,13.17722
2026-08-09 16:09:00+00:00,2026-08-09 16:12:00+00:00,65263.31,65266.06,65263.31,65266.0,21.02838
2026-08-09 16:12:00+00:00,2026-08-09 16:15:00+00:00,65266.0,65266.01,65233.54,65233.54,15.14236
2026-08-09 16:15:00+00:00,2026-08-09 16:18:00+00:00,65233.55,65243.88,65233.54,65243.87,6.50109
2026-08-09 16:18:00+00:00,2026-08-09 16:21:00+00:00,65243.88,65243.88,65232.57,65232.58,7.66172
2026-08-09 16:21:00+00:00,2026-08-09 16:24:00+00:00,65232.58,65232.58,65222.16,65224.99,17.6192
2026-08-09 16:24:00+00:00,2026-08-09 16:27:00+00:00,65224.99,65225.0,65183.07,65184.39,13.11332
2026-08-09 16:27:00+00:00,2026-08-09 16:30:00+00:00,65184.39,65195.72,65182.36,65195.71,14.38883
2026-08-09 16:30:00+00:00,2026-08-09 16:33:00+00:00,65195.71,65228.0,65195.71,65220.26,15.43546
2026-08-09 16:33:00+00:00,2026-08-09 16:36:00+00:00,65220.27,65220.27,65220.26,65220.27,4.93543
2026-08-09 16:36:00+00:00,2026-08-09 16:39:00+00:00,65220.27,65258.68,65220.26,65258.67,9.13898
2026-08-09 16:39:00+00:00,2026-08-09 16:42:00+00:00,65258.66,65258.67,65246.6,65246.61,9.69107
2026-08-09 16:42:00+00:00,2026-08-09 16:45:00+00:00,65246.61,65256.0,65246.61,65255.99,35.05414
2026-08-09 16:45:00+00:00,2026-08-09 16:48:00+00:00,65255.98,65255.99,65255.96,65255.97,15.32507
2026-08-09 16:48:00+00:00,2026-08-09 16:51:00+00:00,65255.97,65255.97,65236.63,65241.91,26.63943
2026-08-09 16:51:00+00:00,2026-08-09 16:54:00+00:00,65241.91,65242.01,65241.9,65242.0,20.58597
2026-08-09 16:54:00+00:00,2026-08-09 16:57:00+00:00,65242.0,65242.01,65241.49,65241.5,8.00688
2026-08-09 16:57:00+00:00,2026-08-09 17:00:00+00:00,65241.49,65241.5,65232.14,65232.14,10.80423
2026-08-09 17:00:00+00:00,2026-08-09 17:03:00+00:00,65232.15,65232.16,65222.0,65222.01,18.75875
2026-08-09 17:03:00+00:00,2026-08-09 17:06:00+00:00,65222.01,65222.01,65222.0,65222.0,7.3032
2026-08-09 17:06:00+00:00,2026-08-09 17:09:00+00:00,65222.01,65222.01,65222.0,65222.01,12.56095
2026-08-09 17:09:00+00:00,2026-08-09 17:12:00+00:00,65222.01,65222.01,65222.0,65222.01,2.58796
2026-08-09 17:12:00+00:00,2026-08-09 17:15:00+00:00,65222.01,65222.01,65222.0,65222.0,3.74628
2026-08-09 17:15:00+00:00,2026-08-09 17:18:00+00:00,65222.0,65222.01,65222.0,65222.01,1.30602
2026-08-09 17:18:00+00:00,2026-08-09 17:21:00+00:00,65222.01,65226.75,65222.0,65226.75,12.15791
2026-08-09 17:21:00+00:00,2026-08-09 17:24:00+00:00,65226.75,65239.18,65224.53,65239.17,8.25416
2026-08-09 17:24:00+00:00,2026-08-09 17:27:00+00:00,65239.18,65239.18,65239.16,65239.16,8.58723
2026-08-09 17:27:00+00:00,2026-08-09 17:30:00+00:00,65239.16,65239.17,65239.15,65239.15,11.61428
2026-08-09 17:30:00+00:00,2026-08-09 17:33:00+00:00,65239.16,65239.16,65239.13,65239.13,9.61438
2026-08-09 17:33:00+00:00,2026-08-09 17:36:00+00:00,65239.13,65239.14,65229.22,65229.22,8.569
2026-08-09 17:36:00+00:00,2026-08-09 17:39:00+00:00,65229.22,65229.23,65229.22,65229.22,1.87844
2026-08-09 17:39:00+00:00,2026-08-09 17:42:00+00:00,65229.22,65229.23,65229.22,65229.23,1.90955
2026-08-09 17:42:00+00:00,2026-08-09 17:45:00+00:00,65229.22,65229.23,65229.22,65229.22,1.12498
2026-08-09 17:45:00+00:00,2026-08-09 17:48:00+00:00,65229.23,65229.23,65213.36,65213.36,3.5116
2026-08-09 17:48:00+00:00,2026-08-09 17:51:00+00:00,65213.36,65213.37,65213.36,65213.36,1.15787
2026-08-09 17:51:00+00:00,2026-08-09 17:54:00+00:00,65213.37,65213.37,65200.88,65200.89,5.68136
2026-08-09 17:54:00+00:00,2026-08-09 17:57:00+00:00,65200.89,65200.89,65200.88,65200.88,3.37934
2026-08-09 17:57:00+00:00,2026-08-09 18:00:00+00:00,65200.88,65200.89,65198.68,65198.68,6.34773
2026-08-09 18:00:00+00:00,2026-08-09 18:03:00+00:00,65198.68,65200.89,65198.68,65200.89,6.34798
2026-08-09 18:03:00+00:00,2026-08-09 18:06:00+00:00,65200.89,65200.89,65200.88,65200.88,2.52022
2026-08-09 18:06:00+00:00,2026-08-09 18:09:00+00:00,65200.88,65200.89,65200.88,65200.88,2.35561
2026-08-09 18:09:00+00:00,2026-08-09 18:12:00+00:00,65200.88,65203.51,65200.88,65203.5,9.95025
2026-08-09 18:12:00+00:00,2026-08-09 18:15:00+00:00,65203.51,65203.51,65203.5,65203.5,3.69273
2026-08-09 18:15:00+00:00,2026-08-09 18:18:00+00:00,65203.51,65203.51,65192.0,65192.01,8.08362
2026-08-09 18:18:00+00:00,2026-08-09 18:21:00+00:00,65192.01,65197.97,65192.0,65197.97,4.44159
2026-08-09 18:21:00+00:00,2026-08-09 18:24:00+00:00,65197.96,65197.97,65197.96,65197.97,0.78941
2026-08-09 18:24:00+00:00,2026-08-09 18:27:00+00:00,65197.97,65206.0,65197.96,65205.99,7.30413
2026-08-09 18:27:00+00:00,2026-08-09 18:30:00+00:00,65206.0,65213.78,65205.99,65213.78,3.79676
2026-08-09 18:30:00+00:00,2026-08-09 18:33:00+00:00,65213.78,65220.0,65213.78,65220.0,5.09245
2026-08-09 18:33:00+00:00,2026-08-09 18:36:00+00:00,65219.99,65220.0,65219.99,65219.99,1.2426
2026-08-09 18:36:00+00:00,2026-08-09 18:39:00+00:00,65219.99,65220.0,65219.99,65219.99,0.58015
2026-08-09 18:39:00+00:00,2026-08-09 18:42:00+00:00,65220.0,65220.0,65219.99,65220.0,1.15644
2026-08-09 18:42:00+00:00,2026-08-09 18:45:00+00:00,65220.0,65220.0,65219.99,65220.0,2.88266
2026-08-09 18:45:00+00:00,2026-08-09 18:48:00+00:00,65220.0,65220.0,65219.99,65219.99,4.66862
2026-08-09 18:48:00+00:00,2026-08-09 18:51:00+00:00,65220.0,65220.0,65210.0,65210.0,4.73428
2026-08-09 18:51:00+00:00,2026-08-09 18:54:00+00:00,65210.01,65210.01,65210.0,65210.0,2.6566
2026-08-09 18:54:00+00:00,2026-08-09 18:57:00+00:00,65210.01,65210.01,65199.68,65199.69,10.11418
2026-08-09 18:57:00+00:00,2026-08-09 19:00:00+00:00,65199.68,65199.69,65199.68,65199.68,0.80971
2026-08-09 19:00:00+00:00,2026-08-09 19:03:00+00:00,65199.69,65199.69,65199.68,65199.68,0.82823
2026-08-09 19:03:00+00:00,2026-08-09 19:06:00+00:00,65199.68,65199.69,65199.67,65199.67,3.84771
2026-08-09 19:06:00+00:00,2026-08-09 19:09:00+00:00,65199.68,65199.68,65199.24,65199.24,5.58284
2026-08-09 19:09:00+00:00,2026-08-09 19:12:00+00:00,65199.25,65199.25,65198.91,65198.92,5.62779
2026-08-09 19:12:00+00:00,2026-08-09 19:15:00+00:00,65198.91,65199.99,65190.26,65199.99,41.79425
2026-08-09 19:15:00+00:00,2026-08-09 19:18:00+00:00,65199.98,65199.99,65198.87,65198.87,18.40823
2026-08-09 19:18:00+00:00,2026-08-09 19:21:00+00:00,65198.88,65210.0,65198.87,65209.99,17.20341
2026-08-09 19:21:00+00:00,2026-08-09 19:24:00+00:00,65210.0,65210.0,65209.96,65209.97,9.36031
2026-08-09 19:24:00+00:00,2026-08-09 19:27:00+00:00,65209.96,65209.97,65209.93,65209.93,7.64533
2026-08-09 19:27:00+00:00,2026-08-09 19:30:00+00:00,65209.93,65209.94,65208.27,65208.28,16.57688
2026-08-09 19:30:00+00:00,2026-08-09 19:33:00+00:00,65208.27,65208.28,65202.92,65202.92,8.34382
2026-08-09 19:33:00+00:00,2026-08-09 19:36:00+00:00,65202.93,65202.93,65201.42,65201.42,7.09585
2026-08-09 19:36:00+00:00,2026-08-09 19:39:00+00:00,65201.43,65201.43,65199.98,65199.99,8.00009
2026-08-09 19:39:00+00:00,2026-08-09 19:42:00+00:00,65199.98,65199.99,65198.0,65198.0,9.33174
2026-08-09 19:42:00+00:00,2026-08-09 19:45:00+00:00,65198.0,65198.01,65197.94,65197.94,13.94014
2026-08-09 19:45:00+00:00,2026-08-09 19:48:00+00:00,65197.94,65197.94,65193.57,65193.58,11.36309
2026-08-09 19:48:00+00:00,2026-08-09 19:51:00+00:00,65193.57,65193.59,65179.88,65193.57,22.89511
2026-08-09 19:51:00+00:00,2026-08-09 19:54:00+00:00,65193.58,65193.58,65193.48,65193.48,7.84171
2026-08-09 19:54:00+00:00,2026-08-09 19:57:00+00:00,65193.48,65193.48,65179.72,65186.72,17.18515
2026-08-09 19:57:00+00:00,2026-08-09 20:00:00+00:00,65186.71,65186.71,65180.66,65180.66,24.75952
2026-08-09 20:00:00+00:00,2026-08-09 20:03:00+00:00,65180.66,65181.99,65179.64,65179.64,18.94799
2026-08-09 20:03:00+00:00,2026-08-09 20:06:00+00:00,65179.64,65179.65,65154.98,65154.98,13.88217
2026-08-09 20:06:00+00:00,2026-08-09 20:09:00+00:00,65154.98,65154.99,65150.08,65150.08,6.38717
2026-08-09 20:09:00+00:00,2026-08-09 20:12:00+00:00,65150.09,65150.09,65098.72,65109.31,21.41985
2026-08-09 20:12:00+00:00,2026-08-09 20:15:00+00:00,65109.31,65109.31,65046.25,65073.3,136.41453
2026-08-09 20:15:00+00:00,2026-08-09 20:18:00+00:00,65073.3,65122.0,65073.29,65122.0,19.35477
2026-08-09 20:18:00+00:00,2026-08-09 20:21:00+00:00,65122.0,65135.24,65100.0,65121.65,33.09921
2026-08-09 20:21:00+00:00,2026-08-09 20:24:00+00:00,65121.66,65149.34,65121.65,65121.96,26.93579
2026-08-09 20:24:00+00:00,2026-08-09 20:27:00+00:00,65121.97,65125.99,65090.99,65115.95,29.03013
2026-08-09 20:27:00+00:00,2026-08-09 20:30:00+00:00,65115.95,65136.0,65115.94,65127.73,15.23391
2026-08-09 20:30:00+00:00,2026-08-09 20:33:00+00:00,65127.73,65146.54,65127.73,65145.64,21.538
2026-08-09 20:33:00+00:00,2026-08-09 20:36:00+00:00,65145.63,65163.31,65145.63,65148.05,39.68923
2026-08-09 20:36:00+00:00,2026-08-09 20:39:00+00:00,65148.05,65148.06,65142.94,65142.95,13.27847
2026-08-09 20:39:00+00:00,2026-08-09 20:42:00+00:00,65142.94,65142.95,65140.0,65140.0,6.59054
2026-08-09 20:42:00+00:00,2026-08-09 20:45:00+00:00,65140.01,65140.01,65139.95,65139.96,5.67753
2026-08-09 20:45:00+00:00,2026-08-09 20:48:00+00:00,65139.96,65139.96,65136.94,65136.95,6.81194
2026-08-09 20:48:00+00:00,2026-08-09 20:51:00+00:00,65136.95,65136.95,65134.37,65134.37,7.82344
2026-08-09 20:51:00+00:00,2026-08-09 20:54:00+00:00,65134.38,65134.38,65127.53,65128.14,13.6806
2026-08-09 20:54:00+00:00,2026-08-09 20:57:00+00:00,65128.15,65138.0,65128.14,65137.98,23.79346
2026-08-09 20:57:00+00:00,2026-08-09 21:00:00+00:00,65137.99,65137.99,65137.96,65137.96,6.40881
2026-08-09 21:00:00+00:00,2026-08-09 21:03:00+00:00,65137.96,65137.97,65137.51,65137.51,8.34632
2026-08-09 21:03:00+00:00,2026-08-09 21:06:00+00:00,65137.52,65137.52,65127.05,65132.12,20.21065
2026-08-09 21:06:00+00:00,2026-08-09 21:09:00+00:00,65132.13,65132.13,65128.41,65128.42,11.47181
2026-08-09 21:09:00+00:00,2026-08-09 21:12:00+00:00,65128.42,65137.98,65128.42,65137.93,28.45109
2026-08-09 21:12:00+00:00,2026-08-09 21:15:00+00:00,65137.93,65137.93,65126.0,65126.0,18.65509
2026-08-09 21:15:00+00:00,2026-08-09 21:18:00+00:00,65126.0,65141.89,65125.99,65141.88,22.69
2026-08-09 21:18:00+00:00,2026-08-09 21:21:00+00:00,65141.88,65141.88,65126.12,65126.12,25.12078
2026-08-09 21:21:00+00:00,2026-08-09 21:24:00+00:00,65126.13,65126.13,65115.05,65118.24,12.39847
2026-08-09 21:24:00+00:00,2026-08-09 21:27:00+00:00,65118.25,65136.71,65118.24,65136.69,37.45033
2026-08-09 21:27:00+00:00,2026-08-09 21:30:00+00:00,65136.7,65136.7,65133.46,65133.46,29.7829
2026-08-09 21:30:00+00:00,2026-08-09 21:33:00+00:00,65133.47,65136.62,65133.46,65136.6,25.56509
2026-08-09 21:33:00+00:00,2026-08-09 21:36:00+00:00,65136.6,65150.0,65136.57,65149.99,46.0671
2026-08-09 21:36:00+00:00,2026-08-09 21:39:00+00:00,65150.0,65191.75,65150.0,65181.47,30.89466
2026-08-09 21:39:00+00:00,2026-08-09 21:42:00+00:00,65181.47,65250.0,65181.46,65199.17,71.9695
2026-08-09 21:42:00+00:00,2026-08-09 21:45:00+00:00,65199.16,65235.87,65198.83,65222.95,44.97003
2026-08-09 21:45:00+00:00,2026-08-09 21:48:00+00:00,65222.96,65223.76,65206.42,65206.43,15.5426
2026-08-09 21:48:00+00:00,2026-08-09 21:51:00+00:00,65206.43,65206.43,65192.0,65192.01,5.25496
2026-08-09 21:51:00+00:00,2026-08-09 21:54:00+00:00,65192.0,65192.01,65191.95,65191.95,4.73121
2026-08-09 21:54:00+00:00,2026-08-09 21:57:00+00:00,65191.96,65202.0,65184.38,65201.24,19.40671
2026-08-09 21:57:00+00:00,2026-08-09 22:00:00+00:00,65201.23,65201.24,65192.99,65192.99,6.34305
2026-08-09 22:00:00+00:00,2026-08-09 22:03:00+00:00,65192.99,65252.55,65192.99,65252.54,23.79329
2026-08-09 22:03:00+00:00,2026-08-09 22:06:00+00:00,65252.53,65252.54,65243.75,65246.96,18.77495
2026-08-09 22:06:00+00:00,2026-08-09 22:09:00+00:00,65246.96,65289.58,65246.96,65274.0,39.41516
2026-08-09 22:09:00+00:00,2026-08-09 22:12:00+00:00,65274.01,65277.71,65264.84,65265.5,28.54022
2026-08-09 22:12:00+00:00,2026-08-09 22:15:00+00:00,65265.5,65474.46,65265.09,65408.05,324.12039
2026-08-09 22:15:00+00:00,2026-08-09 22:18:00+00:00,65408.05,65443.27,65324.0,65340.01,70.34429
2026-08-09 22:18:00+00:00,2026-08-09 22:21:00+00:00,65340.0,65340.0,65288.82,65321.52,34.98583
2026-08-09 22:21:00+00:00,2026-08-09 22:24:00+00:00,65321.53,65329.99,65235.39,65236.71,30.2482
2026-08-09 22:24:00+00:00,2026-08-09 22:27:00+00:00,65236.71,65240.0,65212.15,65232.19,32.91862
2026-08-09 22:27:00+00:00,2026-08-09 22:30:00+00:00,65232.19,65235.88,65229.34,65230.62,17.57816
2026-08-09 22:30:00+00:00,2026-08-09 22:33:00+00:00,65230.62,65243.9,65139.35,65139.35,32.22503
2026-08-09 22:33:00+00:00,2026-08-09 22:36:00+00:00,65139.35,65139.35,65046.0,65064.0,49.96202
2026-08-09 22:36:00+00:00,2026-08-09 22:39:00+00:00,65064.0,65064.01,65008.82,65021.17,38.75066
2026-08-09 22:39:00+00:00,2026-08-09 22:42:00+00:00,65021.18,65024.7,64971.41,64999.8,112.88482
2026-08-09 22:42:00+00:00,2026-08-09 22:45:00+00:00,64999.81,65034.0,64995.67,65029.69,11.74144
2026-08-09 22:45:00+00:00,2026-08-09 22:48:00+00:00,65029.7,65029.7,64995.67,65021.63,12.31606
2026-08-09 22:48:00+00:00,2026-08-09 22:51:00+00:00,65021.64,65022.0,65011.99,65011.99,3.69158
2026-08-09 22:51:00+00:00,2026-08-09 22:54:00+00:00,65011.43,65042.64,64971.5,65042.64,23.13638
2026-08-09 22:54:00+00:00,2026-08-09 22:57:00+00:00,65042.63,65099.59,65041.18,65093.15,31.81524
2026-08-09 22:57:00+00:00,2026-08-09 23:00:00+00:00,65093.14,65093.78,65077.13,65077.13,4.31087
2026-08-09 23:00:00+00:00,2026-08-09 23:03:00+00:00,65077.13,65077.13,65030.0,65052.74,11.54906
2026-08-09 23:03:00+00:00,2026-08-09 23:06:00+00:00,65052.73,65108.0,65052.73,65097.57,25.68893
2026-08-09 23:06:00+00:00,2026-08-09 23:09:00+00:00,65097.57,65097.57,65030.01,65030.01,19.23281
2026-08-09 23:09:00+00:00,2026-08-09 23:12:00+00:00,65030.01,65032.28,64989.0,65032.28,18.42682
2026-08-09 23:12:00+00:00,2026-08-09 23:15:00+00:00,65032.28,65055.42,65022.0,65022.0,8.42093
2026-08-09 23:15:00+00:00,2026-08-09 23:18:00+00:00,65022.0,65052.0,65016.21,65051.99,9.51617
2026-08-09 23:18:00+00:00,2026-08-09 23:21:00+00:00,65052.0,65052.0,64986.04,64986.04,25.73926
2026-08-09 23:21:00+00:00,2026-08-09 23:24:00+00:00,64986.03,64986.03,64911.76,64963.93,29.99208
2026-08-09 23:24:00+00:00,2026-08-09 23:27:00+00:00,64963.93,64973.18,64946.0,64954.01,12.8316
2026-08-09 23:27:00+00:00,2026-08-09 23:30:00+00:00,64954.0,64954.0,64901.0,64915.85,16.40204
2026-08-09 23:30:00+00:00,2026-08-09 23:33:00+00:00,64915.84,64915.85,64851.01,64854.0,79.36963
2026-08-09 23:33:00+00:00,2026-08-09 23:36:00+00:00,64854.01,64891.49,64854.0,64891.49,28.03584
2026-08-09 23:36:00+00:00,2026-08-09 23:39:00+00:00,64891.49,64940.16,64888.0,64888.0,18.5202
2026-08-09 23:39:00+00:00,2026-08-09 23:42:00+00:00,64888.0,64899.93,64868.0,64876.72,30.79104
2026-08-09 23:42:00+00:00,2026-08-09 23:45:00+00:00,64876.72,64913.83,64876.72,64903.04,12.69727
2026-08-09 23:45:00+00:00,2026-08-09 23:48:00+00:00,64903.04,64930.0,64903.03,64914.01,10.67594
2026-08-09 23:48:00+00:00,2026-08-09 23:51:00+00:00,64914.01,64927.02,64898.0,64898.01,10.73408
2026-08-09 23:51:00+00:00,2026-08-09 23:54:00+00:00,64898.01,64913.73,64884.18,64884.19,11.727
2026-08-09 23:54:00+00:00,2026-08-09 23:57:00+00:00,64884.19,64895.96,64842.59,64867.82,22.99914
2026-08-09 23:57:00+00:00,2026-08-10 00:00:00+00:00,64867.81,64906.0,64844.52,64901.59,18.07339
2026-08-10 00:00:00+00:00,2026-08-10 00:03:00+00:00,64901.59,64901.59,64846.69,64897.89,22.0747
2026-08-10 00:03:00+00:00,2026-08-10 00:06:00+00:00,64897.89,64948.97,64892.0,64948.97,17.48751
2026-08-10 00:06:00+00:00,2026-08-10 00:09:00+00:00,64948.97,65034.15,64922.0,65034.14,39.46073
2026-08-10 00:09:00+00:00,2026-08-10 00:12:00+00:00,65034.14,65322.58,65034.14,65224.01,101.38404
2026-08-10 00:12:00+00:00,2026-08-10 00:15:00+00:00,65224.01,65240.2,65144.66,65144.67,40.82494
2026-08-10 00:15:00+00:00,2026-08-10 00:18:00+00:00,65144.66,65169.78,65112.0,65154.36,38.31997
2026-08-10 00:18:00+00:00,2026-08-10 00:21:00+00:00,65154.35,65154.35,65066.35,65066.36,23.27609
2026-08-10 00:21:00+00:00,2026-08-10 00:24:00+00:00,65066.35,65077.77,65034.21,65040.01,18.86787
2026-08-10 00:24:00+00:00,2026-08-10 00:27:00+00:00,65040.01,65040.01,64980.59,65030.96,20.77831
2026-08-10 00:27:00+00:00,2026-08-10 00:30:00+00:00,65030.97,65047.71,65006.0,65006.01,29.26412
2026-08-10 00:30:00+00:00,2026-08-10 00:33:00+00:00,65006.0,65045.65,64992.0,65045.64,9.90633
2026-08-10 00:33:00+00:00,2026-08-10 00:36:00+00:00,65045.65,65045.65,64987.34,64987.35,11.57567
2026-08-10 00:36:00+00:00,2026-08-10 00:39:00+00:00,64987.34,64987.34,64914.56,64950.0,24.16549
2026-08-10 00:39:00+00:00,2026-08-10 00:42:00+00:00,64950.01,64950.01,64868.31,64926.16,47.96801
2026-08-10 00:42:00+00:00,2026-08-10 00:45:00+00:00,64926.0,64926.0,64826.78,64838.0,36.97527
2026-08-10 00:45:00+00:00,2026-08-10 00:48:00+00:00,64838.0,64888.0,64838.0,64888.0,20.08691
2026-08-10 00:48:00+00:00,2026-08-10 00:51:00+00:00,64888.0,64982.54,64888.0,64974.01,15.92952
2026-08-10 00:51:00+00:00,2026-08-10 00:54:00+00:00,64974.01,65040.61,64974.0,64999.59,13.98036
2026-08-10 00:54:00+00:00,2026-08-10 00:57:00+00:00,64999.6,65026.88,64986.56,64992.0,13.04791
2026-08-10 00:57:00+00:00,2026-08-10 01:00:00+00:00,64992.0,65000.0,64956.0,64968.01,11.0755
2026-08-10 01:00:00+00:00,2026-08-10 01:03:00+00:00,64968.21,65030.0,64958.35,65017.49,13.40924
2026-08-10 01:03:00+00:00,2026-08-10 01:06:00+00:00,65017.48,65017.49,64964.6,64964.6,18.5899
2026-08-10 01:06:00+00:00,2026-08-10 01:09:00+00:00,64964.53,64978.06,64900.79,64965.9,16.58298
2026-08-10 01:09:00+00:00,2026-08-10 01:12:00+00:00,64965.89,65023.05,64965.89,64995.26,11.19694
2026-08-10 01:12:00+00:00,2026-08-10 01:15:00+00:00,64995.25,65001.39,64988.0,65001.38,9.20644
2026-08-10 01:15:00+00:00,2026-08-10 01:18:00+00:00,65001.39,65055.86,65001.38,65037.42,14.04498
2026-08-10 01:18:00+00:00,2026-08-10 01:21:00+00:00,65037.42,65046.32,65034.43,65036.0,6.00436
2026-08-10 01:21:00+00:00,2026-08-10 01:24:00+00:00,65036.01,65036.01,65004.01,65024.15,11.75599
2026-08-10 01:24:00+00:00,2026-08-10 01:27:00+00:00,65024.15,65070.0,65024.15,65065.99,9.47448
2026-08-10 01:27:00+00:00,2026-08-10 01:30:00+00:00,65065.99,65067.33,65008.0,65008.01,7.04276
2026-08-10 01:30:00+00:00,2026-08-10 01:33:00+00:00,65008.0,65013.74,64960.7,64985.1,17.78162
2026-08-10 01:33:00+00:00,2026-08-10 01:36:00+00:00,64985.09,64985.09,64950.0,64959.71,7.85215
2026-08-10 01:36:00+00:00,2026-08-10 01:39:00+00:00,64959.71,64959.72,64900.0,64922.73,14.47622
2026-08-10 01:39:00+00:00,2026-08-10 01:42:00+00:00,64922.73,64988.0,64904.0,64980.01,23.54875
2026-08-10 01:42:00+00:00,2026-08-10 01:45:00+00:00,64980.01,64980.01,64954.0,64970.71,6.24278
2026-08-10 01:45:00+00:00,2026-08-10 01:48:00+00:00,64970.7,65090.0,64970.7,65079.99,14.4889
2026-08-10 01:48:00+00:00,2026-08-10 01:51:00+00:00,65080.0,65391.14,65079.99,65268.01,108.45003
2026-08-10 01:51:00+00:00,2026-08-10 01:54:00+00:00,65268.0,65292.68,65215.49,65215.5,53.43205
2026-08-10 01:54:00+00:00,2026-08-10 01:57:00+00:00,65215.49,65218.29,65184.01,65194.91,27.27025
2026-08-10 01:57:00+00:00,2026-08-10 02:00:00+00:00,65194.92,65197.66,65188.92,65189.99,19.41066
2026-08-10 02:00:00+00:00,2026-08-10 02:03:00+00:00,65190.0,65205.84,65129.99,65129.99,54.52127
2026-08-10 02:03:00+00:00,2026-08-10 02:06:00+00:00,65129.99,65131.59,65095.63,65118.55,36.35072
2026-08-10 02:06:00+00:00,2026-08-10 02:09:00+00:00,65118.56,65138.75,65078.0,65078.0,30.69892
2026-08-10 02:09:00+00:00,2026-08-10 02:12:00+00:00,65078.0,65121.03,65078.0,65116.03,37.10888
2026-08-10 02:12:00+00:00,2026-08-10 02:15:00+00:00,65116.03,65128.0,65103.37,65103.37,14.64632
2026-08-10 02:15:00+00:00,2026-08-10 02:18:00+00:00,65103.38,65103.38,64996.2,64996.21,20.93699
2026-08-10 02:18:00+00:00,2026-08-10 02:21:00+00:00,64996.2,64996.2,64932.0,64942.13,30.89699
2026-08-10 02:21:00+00:00,2026-08-10 02:24:00+00:00,64942.14,64968.0,64929.99,64965.99,18.35277
2026-08-10 02:24:00+00:00,2026-08-10 02:27:00+00:00,64966.0,64966.0,64903.54,64945.5,19.31871
2026-08-10 02:27:00+00:00,2026-08-10 02:30:00+00:00,64945.49,64974.09,64927.04,64955.78,16.8322
2026-08-10 02:30:00+00:00,2026-08-10 02:33:00+00:00,64955.78,65000.0,64955.78,65000.0,6.53587
2026-08-10 02:33:00+00:00,2026-08-10 02:36:00+00:00,64999.99,65000.0,64967.4,64972.0,8.75085
2026-08-10 02:36:00+00:00,2026-08-10 02:39:00+00:00,64972.01,65000.0,64972.0,64994.0,7.27683
2026-08-10 02:39:00+00:00,2026-08-10 02:42:00+00:00,64994.01,65068.38,64994.0,65049.98,18.663
2026-08-10 02:42:00+00:00,2026-08-10 02:45:00+00:00,65049.99,65220.0,65049.98,65200.48,41.09328
2026-08-10 02:45:00+00:00,2026-08-10 02:48:00+00:00,65200.22,65200.22,65151.02,65151.03,12.21759
2026-08-10 02:48:00+00:00,2026-08-10 02:51:00+00:00,65151.02,65151.03,65099.99,65130.0,24.80917
2026-08-10 02:51:00+00:00,2026-08-10 02:54:00+00:00,65130.0,65134.0,65087.2,65087.21,12.42085
2026-08-10 02:54:00+00:00,2026-08-10 02:57:00+00:00,65087.21,65100.0,65078.01,65078.02,14.72235
2026-08-10 02:57:00+00:00,2026-08-10 03:00:00+00:00,65078.01,65100.0,65078.01,65099.99,6.55964
2026-08-10 03:00:00+00:00,2026-08-10 03:03:00+00:00,65099.99,65104.73,65078.17,65081.19,20.18794
2026-08-10 03:03:00+00:00,2026-08-10 03:06:00+00:00,65081.19,65081.19,65050.0,65064.62,11.091
2026-08-10 03:06:00+00:00,2026-08-10 03:09:00+00:00,65064.61,65080.0,65036.25,65052.01,16.57835
2026-08-10 03:09:00+00:00,2026-08-10 03:12:00+00:00,65052.01,65073.67,65022.0,65022.0,9.32286
2026-08-10 03:12:00+00:00,2026-08-10 03:15:00+00:00,65021.84,65021.85,64962.79,64962.8,32.70565
2026-08-10 03:15:00+00:00,2026-08-10 03:18:00+00:00,64962.8,65000.0,64904.99,65000.0,25.88472
2026-08-10 03:18:00+00:00,2026-08-10 03:21:00+00:00,65000.0,65087.39,64999.99,65087.39,19.45178
2026-08-10 03:21:00+00:00,2026-08-10 03:24:00+00:00,65087.38,65087.38,65064.0,65084.0,8.82209
2026-08-10 03:24:00+00:00,2026-08-10 03:27:00+00:00,65084.0,65172.0,65084.0,65110.0,35.37168
2026-08-10 03:27:00+00:00,2026-08-10 03:30:00+00:00,65110.01,65110.01,65028.94,65028.95,7.02355
2026-08-10 03:30:00+00:00,2026-08-10 03:33:00+00:00,65028.94,65033.22,65004.75,65006.06,10.42219
2026-08-10 03:33:00+00:00,2026-08-10 03:36:00+00:00,65006.07,65095.62,65006.06,65090.0,10.61425
2026-08-10 03:36:00+00:00,2026-08-10 03:39:00+00:00,65090.01,65094.0,65070.08,65075.42,6.65344
2026-08-10 03:39:00+00:00,2026-08-10 03:42:00+00:00,65075.42,65079.56,65063.76,65074.01,4.18135
2026-08-10 03:42:00+00:00,2026-08-10 03:45:00+00:00,65074.01,65079.39,65009.22,65024.81,35.80744
2026-08-10 03:45:00+00:00,2026-08-10 03:48:00+00:00,65024.82,65059.77,65024.82,65053.69,33.55193
2026-08-10 03:48:00+00:00,2026-08-10 03:51:00+00:00,65053.69,65053.69,65039.08,65044.53,4.18559
2026-08-10 03:51:00+00:00,2026-08-10 03:54:00+00:00,65044.53,65044.53,65000.53,65001.22,12.9571
2026-08-10 03:54:00+00:00,2026-08-10 03:57:00+00:00,65001.22,65001.22,64980.42,64983.12,9.59624
2026-08-10 03:57:00+00:00,2026-08-10 04:00:00+00:00,64983.12,64993.99,64957.01,64982.01,21.22134
2026-08-10 04:00:00+00:00,2026-08-10 04:03:00+00:00,64982.0,65015.57,64960.01,64999.65,22.72989
2026-08-10 04:03:00+00:00,2026-08-10 04:06:00+00:00,64999.66,65069.37,64999.66,65048.68,15.41573
2026-08-10 04:06:00+00:00,2026-08-10 04:09:00+00:00,65048.69,65048.69,65020.0,65046.76,6.89218
2026-08-10 04:09:00+00:00,2026-08-10 04:12:00+00:00,65046.76,65054.17,65036.0,65043.24,3.78183
2026-08-10 04:12:00+00:00,2026-08-10 04:15:00+00:00,65043.24,65072.0,65043.23,65071.99,3.6939
2026-08-10 04:15:00+00:00,2026-08-10 04:18:00+00:00,65071.99,65085.51,65067.31,65067.31,5.62523
2026-08-10 04:18:00+00:00,2026-08-10 04:21:00+00:00,65067.32,65100.0,65065.65,65066.01,8.42784
2026-08-10 04:21:00+00:00,2026-08-10 04:24:00+00:00,65066.01,65078.0,65066.0,65070.95,3.9637
2026-08-10 04:24:00+00:00,2026-08-10 04:27:00+00:00,65070.96,65070.96,65050.28,65065.84,5.67249
2026-08-10 04:27:00+00:00,2026-08-10 04:30:00+00:00,65065.84,65075.0,65025.53,65025.54,85.43238
2026-08-10 04:30:00+00:00,2026-08-10 04:33:00+00:00,65025.53,65037.03,65020.51,65037.03,11.7378
2026-08-10 04:33:00+00:00,2026-08-10 04:36:00+00:00,65037.03,65037.03,65002.78,65033.36,10.21886
2026-08-10 04:36:00+00:00,2026-08-10 04:39:00+00:00,65033.36,65036.0,65021.21,65036.0,4.77182
2026-08-10 04:39:00+00:00,2026-08-10 04:42:00+00:00,65036.0,65036.0,64924.0,64970.08,40.65605
2026-08-10 04:42:00+00:00,2026-08-10 04:45:00+00:00,64970.08,65009.34,64964.08,65009.33,72.46495
2026-08-10 04:45:00+00:00,2026-08-10 04:48:00+00:00,65009.34,65052.99,65009.33,65052.99,9.77613
2026-08-10 04:48:00+00:00,2026-08-10 04:51:00+00:00,65052.98,65052.99,65030.0,65032.61,4.40606
2026-08-10 04:51:00+00:00,2026-08-10 04:54:00+00:00,65032.62,65040.0,65030.0,65030.01,5.1149
2026-08-10 04:54:00+00:00,2026-08-10 04:57:00+00:00,65030.01,65030.01,64986.83,64989.56,5.84821
2026-08-10 04:57:00+00:00,2026-08-10 05:00:00+00:00,64989.56,65006.74,64982.25,65006.73,6.86318
2026-08-10 05:00:00+00:00,2026-08-10 05:03:00+00:00,65006.74,65013.38,64998.76,65006.25,3.71677
2026-08-10 05:03:00+00:00,2026-08-10 05:06:00+00:00,65006.25,65052.99,65004.69,65052.98,13.33565
2026-08-10 05:06:00+00:00,2026-08-10 05:09:00+00:00,65052.99,65052.99,65048.44,65048.45,1.16646
2026-08-10 05:09:00+00:00,2026-08-10 05:12:00+00:00,65048.45,65052.99,65019.99,65019.99,14.61054
2026-08-10 05:12:00+00:00,2026-08-10 05:15:00+00:00,65019.99,65020.0,64979.88,64987.59,49.9281
2026-08-10 05:15:00+00:00,2026-08-10 05:18:00+00:00,64987.6,65035.95,64987.6,65029.81,64.55491
2026-08-10 05:18:00+00:00,2026-08-10 05:21:00+00:00,65029.81,65029.82,65002.0,65015.02,9.12726
2026-08-10 05:21:00+00:00,2026-08-10 05:24:00+00:00,65015.02,65049.12,65015.02,65049.11,6.18583
2026-08-10 05:24:00+00:00,2026-08-10 05:27:00+00:00,65049.12,65064.0,65028.08,65038.0,10.43287
2026-08-10 05:27:00+00:00,2026-08-10 05:30:00+00:00,65038.0,65050.41,65038.0,65041.17,8.47227
2026-08-10 05:30:00+00:00,2026-08-10 05:33:00+00:00,65041.18,65042.55,65028.0,65028.05,6.64474
2026-08-10 05:33:00+00:00,2026-08-10 05:36:00+00:00,65028.05,65053.38,65028.04,65053.37,4.0966
2026-08-10 05:36:00+00:00,2026-08-10 05:39:00+00:00,65053.38,65083.8,65052.96,65062.91,7.7545
2026-08-10 05:39:00+00:00,2026-08-10 05:42:00+00:00,65062.91,65066.37,65060.96,65065.28,2.84886
2026-08-10 05:42:00+00:00,2026-08-10 05:45:00+00:00,65065.27,65083.6,65065.27,65083.59,3.12141
2026-08-10 05:45:00+00:00,2026-08-10 05:48:00+00:00,65083.6,65085.99,65074.8,65074.8,8.08394
2026-08-10 05:48:00+00:00,2026-08-10 05:51:00+00:00,65074.81,65074.81,65054.75,65061.35,9.76142
2026-08-10 05:51:00+00:00,2026-08-10 05:54:00+00:00,65061.36,65111.18,65054.75,65099.99,23.31235
2026-08-10 05:54:00+00:00,2026-08-10 05:57:00+00:00,65100.0,65159.25,65099.99,65137.91,34.68758
2026-08-10 05:57:00+00:00,2026-08-10 06:00:00+00:00,65137.91,65137.91,65130.0,65134.0,17.79397
2026-08-10 06:00:00+00:00,2026-08-10 06:03:00+00:00,65134.0,65176.0,65130.01,65176.0,32.48046
2026-08-10 06:03:00+00:00,2026-08-10 06:06:00+00:00,65176.0,65211.22,65175.99,65203.05,22.98921
2026-08-10 06:06:00+00:00,2026-08-10 06:09:00+00:00,65203.05,65281.54,65188.0,65200.37,32.26811
2026-08-10 06:09:00+00:00,2026-08-10 06:12:00+00:00,65200.37,65203.68,65169.38,65203.68,12.91068
2026-08-10 06:12:00+00:00,2026-08-10 06:15:00+00:00,65203.68,65211.26,65200.98,65200.99,14.31212
2026-08-10 06:15:00+00:00,2026-08-10 06:18:00+00:00,65200.98,65221.77,65185.05,65203.95,23.94826
2026-08-10 06:18:00+00:00,2026-08-10 06:21:00+00:00,65203.96,65237.94,65198.08,65207.53,17.11221
2026-08-10 06:21:00+00:00,2026-08-10 06:24:00+00:00,65207.53,65209.16,65192.0,65203.19,12.82584
2026-08-10 06:24:00+00:00,2026-08-10 06:27:00+00:00,65203.2,65207.48,65174.63,65174.63,14.10893
2026-08-10 06:27:00+00:00,2026-08-10 06:30:00+00:00,65174.64,65174.64,65150.0,65167.99,8.42466
2026-08-10 06:30:00+00:00,2026-08-10 06:33:00+00:00,65168.0,65191.37,65167.99,65191.36,4.19139
2026-08-10 06:33:00+00:00,2026-08-10 06:36:00+00:00,65191.37,65199.4,65191.36,65199.4,5.64772
2026-08-10 06:36:00+00:00,2026-08-10 06:39:00+00:00,65199.4,65199.4,65193.99,65199.4,5.78589
2026-08-10 06:39:00+00:00,2026-08-10 06:42:00+00:00,65199.4,65218.0,65193.99,65218.0,13.87997
2026-08-10 06:42:00+00:00,2026-08-10 06:45:00+00:00,65218.0,65270.0,65217.99,65245.64,101.35562
2026-08-10 06:45:00+00:00,2026-08-10 06:48:00+00:00,65245.65,65247.16,65244.0,65244.01,21.1652
2026-08-10 06:48:00+00:00,2026-08-10 06:51:00+00:00,65244.01,65284.44,65241.92,65274.39,17.28389
2026-08-10 06:51:00+00:00,2026-08-10 06:54:00+00:00,65274.38,65274.38,65244.0,65273.5,28.45146
2026-08-10 06:54:00+00:00,2026-08-10 06:57:00+00:00,65273.5,65303.71,65270.96,65303.71,18.18131
2026-08-10 06:57:00+00:00,2026-08-10 07:00:00+00:00,65303.71,65339.7,65284.08,65299.4,26.61368
2026-08-10 07:00:00+00:00,2026-08-10 07:03:00+00:00,65299.4,65307.28,65264.97,65277.0,16.22243
2026-08-10 07:03:00+00:00,2026-08-10 07:06:00+00:00,65277.0,65305.85,65271.33,65278.4,21.91943
2026-08-10 07:06:00+00:00,2026-08-10 07:09:00+00:00,65278.41,65278.41,65258.98,65266.0,7.36399
2026-08-10 07:09:00+00:00,2026-08-10 07:12:00+00:00,65265.99,65278.0,65265.99,65278.0,5.62399
2026-08-10 07:12:00+00:00,2026-08-10 07:15:00+00:00,65278.0,65280.8,65266.0,65266.01,6.36597
2026-08-10 07:15:00+00:00,2026-08-10 07:18:00+00:00,65266.0,65266.01,65232.58,65240.44,10.50214
2026-08-10 07:18:00+00:00,2026-08-10 07:21:00+00:00,65240.45,65276.0,65240.45,65270.67,11.35488
2026-08-10 07:21:00+00:00,2026-08-10 07:24:00+00:00,65270.67,65301.16,65270.66,65299.37,25.16325
2026-08-10 07:24:00+00:00,2026-08-10 07:27:00+00:00,65299.37,65318.0,65292.0,65292.0,16.02383
2026-08-10 07:27:00+00:00,2026-08-10 07:30:00+00:00,65292.0,65334.34,65292.0,65323.6,18.60275
2026-08-10 07:30:00+00:00,2026-08-10 07:33:00+00:00,65323.6,65332.83,65312.01,65325.07,54.17784
2026-08-10 07:33:00+00:00,2026-08-10 07:36:00+00:00,65325.07,65379.13,65325.07,65335.0,57.41868
2026-08-10 07:36:00+00:00,2026-08-10 07:39:00+00:00,65335.0,65370.17,65326.92,65360.76,62.34184
2026-08-10 07:39:00+00:00,2026-08-10 07:42:00+00:00,65360.76,65360.77,65326.05,65336.34,51.07195
2026-08-10 07:42:00+00:00,2026-08-10 07:45:00+00:00,65336.34,65336.35,65325.08,65326.46,30.36627
2026-08-10 07:45:00+00:00,2026-08-10 07:48:00+00:00,65326.45,65332.0,65299.09,65299.1,32.63833
2026-08-10 07:48:00+00:00,2026-08-10 07:51:00+00:00,65299.09,65303.25,65240.0,65251.43,40.53411
2026-08-10 07:51:00+00:00,2026-08-10 07:54:00+00:00,65251.43,65251.43,65207.85,65207.86,29.42915
2026-08-10 07:54:00+00:00,2026-08-10 07:57:00+00:00,65207.85,65207.85,65202.07,65204.09,27.03019
2026-08-10 07:57:00+00:00,2026-08-10 08:00:00+00:00,65204.09,65204.1,65196.53,65202.73,29.86085
2026-08-10 08:00:00+00:00,2026-08-10 08:03:00+00:00,65202.72,65287.85,65202.72,65287.85,34.49645
2026-08-10 08:03:00+00:00,2026-08-10 08:06:00+00:00,65287.85,65309.09,65286.0,65286.0,15.14881
2026-08-10 08:06:00+00:00,2026-08-10 08:09:00+00:00,65286.0,65286.01,65253.1,65253.1,13.07623
2026-08-10 08:09:00+00:00,2026-08-10 08:12:00+00:00,65253.1,65268.0,65250.0,65250.0,8.31111
2026-08-10 08:12:00+00:00,2026-08-10 08:15:00+00:00,65250.01,65262.16,65250.0,65262.15,12.90362
2026-08-10 08:15:00+00:00,2026-08-10 08:18:00+00:00,65262.16,65279.3,65230.0,65279.29,34.12463
2026-08-10 08:18:00+00:00,2026-08-10 08:21:00+00:00,65279.3,65279.3,65259.75,65259.75,12.03694
2026-08-10 08:21:00+00:00,2026-08-10 08:24:00+00:00,65259.75,65282.47,65253.49,65282.46,18.18571
2026-08-10 08:24:00+00:00,2026-08-10 08:27:00+00:00,65282.47,65328.73,65282.46,65328.72,12.9754
2026-08-10 08:27:00+00:00,2026-08-10 08:30:00+00:00,65328.73,65328.73,65281.55,65289.28,14.29022
2026-08-10 08:30:00+00:00,2026-08-10 08:33:00+00:00,65289.29,65300.0,65288.0,65288.0,10.4655
2026-08-10 08:33:00+00:00,2026-08-10 08:36:00+00:00,65288.01,65297.34,65284.0,65284.0,9.42332
2026-08-10 08:36:00+00:00,2026-08-10 08:39:00+00:00,65284.0,65284.01,65250.35,65250.36,13.9776
2026-08-10 08:39:00+00:00,2026-08-10 08:42:00+00:00,65250.35,65250.36,65211.59,65211.6,18.06031
2026-08-10 08:42:00+00:00,2026-08-10 08:45:00+00:00,65211.59,65224.8,65192.0,65224.79,37.83516
2026-08-10 08:45:00+00:00,2026-08-10 08:48:00+00:00,65224.8,65224.8,65212.0,65212.0,3.89211
2026-08-10 08:48:00+00:00,2026-08-10 08:51:00+00:00,65212.01,65212.01,65212.0,65212.0,1.62901
2026-08-10 08:51:00+00:00,2026-08-10 08:54:00+00:00,65212.0,65266.8,65212.0,65229.71,21.50904
2026-08-10 08:54:00+00:00,2026-08-10 08:57:00+00:00,65229.71,65239.69,65227.9,65239.68,9.89116
2026-08-10 08:57:00+00:00,2026-08-10 09:00:00+00:00,65239.68,65254.74,65239.68,65245.58,14.57923
2026-08-10 09:00:00+00:00,2026-08-10 09:03:00+00:00,65245.59,65245.59,65196.0,65196.0,20.2142
2026-08-10 09:03:00+00:00,2026-08-10 09:06:00+00:00,65196.0,65219.78,65186.0,65210.0,21.43869
2026-08-10 09:06:00+00:00,2026-08-10 09:09:00+00:00,65209.99,65222.0,65199.9,65200.46,7.69242
2026-08-10 09:09:00+00:00,2026-08-10 09:12:00+00:00,65200.47,65223.71,65196.99,65213.65,10.45226
2026-08-10 09:12:00+00:00,2026-08-10 09:15:00+00:00,65213.66,65233.13,65210.03,65224.01,5.3718
2026-08-10 09:15:00+00:00,2026-08-10 09:18:00+00:00,65224.0,65224.01,65216.89,65216.9,5.7344
2026-08-10 09:18:00+00:00,2026-08-10 09:21:00+00:00,65216.89,65216.9,65175.39,65175.39,14.648
2026-08-10 09:21:00+00:00,2026-08-10 09:24:00+00:00,65175.4,65200.0,65175.39,65196.08,11.07368
2026-08-10 09:24:00+00:00,2026-08-10 09:27:00+00:00,65196.08,65196.08,65183.8,65183.81,3.87353
2026-08-10 09:27:00+00:00,2026-08-10 09:30:00+00:00,65183.8,65183.8,65162.0,65164.62,13.16991
2026-08-10 09:30:00+00:00,2026-08-10 09:33:00+00:00,65164.61,65164.61,65100.51,65104.43,14.08492
2026-08-10 09:33:00+00:00,2026-08-10 09:36:00+00:00,65104.42,65130.4,65094.12,65120.3,23.49682
2026-08-10 09:36:00+00:00,2026-08-10 09:39:00+00:00,65120.3,65120.3,65080.22,65082.13,19.91089
2026-08-10 09:39:00+00:00,2026-08-10 09:42:00+00:00,65082.13,65093.5,65066.9,65066.91,17.29426
2026-08-10 09:42:00+00:00,2026-08-10 09:45:00+00:00,65066.91,65066.91,65040.43,65052.58,19.60129
2026-08-10 09:45:00+00:00,2026-08-10 09:48:00+00:00,65052.58,65052.58,64983.25,65003.34,63.91625
2026-08-10 09:48:00+00:00,2026-08-10 09:51:00+00:00,65003.33,65003.33,64958.87,64981.38,38.7246
2026-08-10 09:51:00+00:00,2026-08-10 09:54:00+00:00,64981.38,64993.69,64964.0,64964.01,28.07384
2026-08-10 09:54:00+00:00,2026-08-10 09:57:00+00:00,64964.0,64993.58,64960.0,64978.59,24.49284
2026-08-10 09:57:00+00:00,2026-08-10 10:00:00+00:00,64978.59,64979.93,64967.23,64967.24,26.08149
2026-08-10 10:00:00+00:00,2026-08-10 10:03:00+00:00,64967.25,65025.18,64967.24,65023.1,23.38377
2026-08-10 10:03:00+00:00,2026-08-10 10:06:00+00:00,65023.1,65064.95,65013.28,65064.95,13.90944
2026-08-10 10:06:00+00:00,2026-08-10 10:09:00+00:00,65064.95,65074.61,65032.49,65032.5,17.09819
2026-08-10 10:09:00+00:00,2026-08-10 10:12:00+00:00,65032.5,65055.45,65032.49,65038.5,8.97978
2026-08-10 10:12:00+00:00,2026-08-10 10:15:00+00:00,65038.5,65043.61,65038.5,65043.6,9.40419
2026-08-10 10:15:00+00:00,2026-08-10 10:18:00+00:00,65043.61,65043.61,65013.7,65020.01,11.83924
2026-08-10 10:18:00+00:00,2026-08-10 10:21:00+00:00,65020.01,65039.96,65001.04,65039.95,16.91331
2026-08-10 10:21:00+00:00,2026-08-10 10:24:00+00:00,65039.96,65064.9,65039.95,65053.11,14.28949
2026-08-10 10:24:00+00:00,2026-08-10 10:27:00+00:00,65053.1,65053.11,65053.06,65053.11,2.54302
2026-08-10 10:27:00+00:00,2026-08-10 10:30:00+00:00,65053.11,65064.0,65013.46,65017.08,62.07351
2026-08-10 10:30:00+00:00,2026-08-10 10:33:00+00:00,65017.08,65056.14,65017.08,65047.32,59.64539
2026-08-10 10:33:00+00:00,2026-08-10 10:36:00+00:00,65047.32,65047.32,65020.0,65020.01,6.16299
2026-08-10 10:36:00+00:00,2026-08-10 10:39:00+00:00,65020.01,65032.57,65020.0,65025.55,12.76198
2026-08-10 10:39:00+00:00,2026-08-10 10:42:00+00:00,65025.54,65025.55,65006.0,65019.99,21.20598
2026-08-10 10:42:00+00:00,2026-08-10 10:45:00+00:00,65020.0,65020.0,64999.97,65002.61,50.89494
2026-08-10 10:45:00+00:00,2026-08-10 10:48:00+00:00,65002.62,65038.0,65002.61,65037.99,71.25032
2026-08-10 10:48:00+00:00,2026-08-10 10:51:00+00:00,65038.0,65053.88,65037.99,65039.44,7.93149
2026-08-10 10:51:00+00:00,2026-08-10 10:54:00+00:00,65039.43,65039.43,65028.75,65028.76,5.10353
2026-08-10 10:54:00+00:00,2026-08-10 10:57:00+00:00,65028.76,65029.44,65017.26,65029.44,2.6515
2026-08-10 10:57:00+00:00,2026-08-10 11:00:00+00:00,65029.44,65029.44,65013.06,65013.06,10.45404
2026-08-10 11:00:00+00:00,2026-08-10 11:03:00+00:00,65013.07,65023.28,64991.57,64999.62,13.07264
2026-08-10 11:03:00+00:00,2026-08-10 11:06:00+00:00,64999.62,65013.04,64999.62,65013.04,5.73189
2026-08-10 11:06:00+00:00,2026-08-10 11:09:00+00:00,65013.04,65033.81,65013.03,65021.38,9.54116
2026-08-10 11:09:00+00:00,2026-08-10 11:12:00+00:00,65021.38,65022.0,65000.0,65000.0,11.30353
2026-08-10 11:12:00+00:00,2026-08-10 11:15:00+00:00,65000.0,65011.37,64977.93,65011.37,10.42681
2026-08-10 11:15:00+00:00,2026-08-10 11:18:00+00:00,65011.37,65053.37,65011.36,65045.75,6.99186
2026-08-10 11:18:00+00:00,2026-08-10 11:21:00+00:00,65045.75,65064.0,65042.38,65063.99,3.44216
2026-08-10 11:21:00+00:00,2026-08-10 11:24:00+00:00,65063.99,65090.0,65046.88,65046.88,13.25851
2026-08-10 11:24:00+00:00,2026-08-10 11:27:00+00:00,65046.88,65063.56,65046.87,65063.55,9.80768
2026-08-10 11:27:00+00:00,2026-08-10 11:30:00+00:00,65063.55,65086.32,65063.55,65079.72,7.08082
2026-08-10 11:30:00+00:00,2026-08-10 11:33:00+00:00,65079.72,65085.8,65079.72,65082.0,4.94524
2026-08-10 11:33:00+00:00,2026-08-10 11:36:00+00:00,65082.0,65099.09,65068.0,65090.85,9.29103
2026-08-10 11:36:00+00:00,2026-08-10 11:39:00+00:00,65090.85,65090.85,65059.12,65081.81,9.19486
2026-08-10 11:39:00+00:00,2026-08-10 11:42:00+00:00,65081.82,65081.82,65070.87,65070.87,8.25139
2026-08-10 11:42:00+00:00,2026-08-10 11:45:00+00:00,65070.87,65070.88,65061.6,65061.6,6.64427
2026-08-10 11:45:00+00:00,2026-08-10 11:48:00+00:00,65061.6,65076.46,65061.6,65076.46,5.8887
2026-08-10 11:48:00+00:00,2026-08-10 11:51:00+00:00,65076.45,65083.86,65069.21,65073.78,8.59
2026-08-10 11:51:00+00:00,2026-08-10 11:54:00+00:00,65073.77,65073.78,65073.77,65073.77,4.39904
2026-08-10 11:54:00+00:00,2026-08-10 11:57:00+00:00,65073.78,65130.16,65073.77,65118.0,10.4338
2026-08-10 11:57:00+00:00,2026-08-10 12:00:00+00:00,65118.01,65125.99,65117.54,65125.98,2.04191
2026-08-10 12:00:00+00:00,2026-08-10 12:03:00+00:00,65125.99,65237.8,65106.0,65230.9,42.41651
2026-08-10 12:03:00+00:00,2026-08-10 12:06:00+00:00,65230.89,65231.49,65155.07,65155.07,20.1444
2026-08-10 12:06:00+00:00,2026-08-10 12:09:00+00:00,65155.07,65190.17,65155.07,65164.92,8.43471
2026-08-10 12:09:00+00:00,2026-08-10 12:12:00+00:00,65164.93,65200.56,65164.92,65200.19,10.75537
2026-08-10 12:12:00+00:00,2026-08-10 12:15:00+00:00,65200.2,65200.2,65125.1,65126.0,31.74249
2026-08-10 12:15:00+00:00,2026-08-10 12:18:00+00:00,65126.01,65126.01,65096.0,65098.21,18.1117
2026-08-10 12:18:00+00:00,2026-08-10 12:21:00+00:00,65098.22,65098.22,65079.8,65088.0,25.2733
2026-08-10 12:21:00+00:00,2026-08-10 12:24:00+00:00,65088.0,65106.0,65086.0,65087.59,24.93689
2026-08-10 12:24:00+00:00,2026-08-10 12:27:00+00:00,65087.6,65087.6,65057.0,65063.6,22.2032
2026-08-10 12:27:00+00:00,2026-08-10 12:30:00+00:00,65063.6,65070.0,65041.45,65055.0,24.28107
2026-08-10 12:30:00+00:00,2026-08-10 12:33:00+00:00,65055.0,65056.8,65032.22,65035.39,24.09288
2026-08-10 12:33:00+00:00,2026-08-10 12:36:00+00:00,65035.37,65035.37,64968.93,64988.34,42.63192
2026-08-10 12:36:00+00:00,2026-08-10 12:39:00+00:00,64988.35,64988.35,64933.52,64933.52,34.44182
2026-08-10 12:39:00+00:00,2026-08-10 12:42:00+00:00,64933.53,64940.0,64911.18,64926.53,58.31987
2026-08-10 12:42:00+00:00,2026-08-10 12:45:00+00:00,64926.53,65018.0,64926.52,65018.0,29.42157
2026-08-10 12:45:00+00:00,2026-08-10 12:48:00+00:00,65018.0,65018.0,64990.08,65006.04,29.96377
2026-08-10 12:48:00+00:00,2026-08-10 12:51:00+00:00,65006.05,65007.08,64920.0,64937.04,38.06506
2026-08-10 12:51:00+00:00,2026-08-10 12:54:00+00:00,64937.04,64937.05,64912.0,64919.31,20.91498
2026-08-10 12:54:00+00:00,2026-08-10 12:57:00+00:00,64919.32,64929.83,64894.0,64894.0,45.19218
2026-08-10 12:57:00+00:00,2026-08-10 13:00:00+00:00,64894.01,64898.0,64850.0,64870.75,44.78018
2026-08-10 13:00:00+00:00,2026-08-10 13:03:00+00:00,64870.74,64912.32,64850.0,64904.0,35.33481
2026-08-10 13:03:00+00:00,2026-08-10 13:06:00+00:00,64904.01,64904.01,64848.38,64890.99,28.36547
2026-08-10 13:06:00+00:00,2026-08-10 13:09:00+00:00,64890.99,64905.29,64864.76,64867.93,31.03363
2026-08-10 13:09:00+00:00,2026-08-10 13:12:00+00:00,64867.93,64882.78,64867.92,64873.15,26.60777
2026-08-10 13:12:00+00:00,2026-08-10 13:15:00+00:00,64873.15,64884.16,64862.0,64884.16,19.01832
2026-08-10 13:15:00+00:00,2026-08-10 13:18:00+00:00,64884.15,64931.99,64883.52,64931.98,35.22712
2026-08-10 13:18:00+00:00,2026-08-10 13:21:00+00:00,64931.99,64956.0,64918.0,64918.01,34.23331
2026-08-10 13:21:00+00:00,2026-08-10 13:24:00+00:00,64918.0,64973.72,64906.23,64942.62,36.01613
2026-08-10 13:24:00+00:00,2026-08-10 13:27:00+00:00,64942.63,64954.67,64892.32,64922.05,39.53585
2026-08-10 13:27:00+00:00,2026-08-10 13:30:00+00:00,64922.06,64934.46,64895.41,64929.45,40.2032
2026-08-10 13:30:00+00:00,2026-08-10 13:33:00+00:00,64929.46,64940.31,64843.33,64875.14,99.55572
2026-08-10 13:33:00+00:00,2026-08-10 13:36:00+00:00,64875.13,64899.99,64656.0,64736.79,279.83445
2026-08-10 13:36:00+00:00,2026-08-10 13:39:00+00:00,64736.8,64854.0,64730.27,64730.27,89.28511
2026-08-10 13:39:00+00:00,2026-08-10 13:42:00+00:00,64730.27,64736.7,64635.99,64661.81,89.59238
2026-08-10 13:42:00+00:00,2026-08-10 13:45:00+00:00,64661.8,64681.24,64607.26,64646.01,89.86822
2026-08-10 13:45:00+00:00,2026-08-10 13:48:00+00:00,64646.0,64685.84,64620.96,64621.34,48.35663
2026-08-10 13:48:00+00:00,2026-08-10 13:51:00+00:00,64621.33,64622.0,64534.57,64590.52,100.77786
2026-08-10 13:51:00+00:00,2026-08-10 13:54:00+00:00,64590.52,64626.57,64522.0,64542.0,89.59023
2026-08-10 13:54:00+00:00,2026-08-10 13:57:00+00:00,64542.0,64562.0,64518.01,64543.29,39.31633
2026-08-10 13:57:00+00:00,2026-08-10 14:00:00+00:00,64543.29,64599.75,64543.29,64561.98,45.48985
2026-08-10 14:00:00+00:00,2026-08-10 14:03:00+00:00,64561.98,64702.33,64544.01,64678.81,95.44476
2026-08-10 14:03:00+00:00,2026-08-10 14:06:00+00:00,64678.81,64713.5,64678.81,64712.85,34.16964
2026-08-10 14:06:00+00:00,2026-08-10 14:09:00+00:00,64712.86,64716.49,64624.74,64625.41,67.21629
2026-08-10 14:09:00+00:00,2026-08-10 14:12:00+00:00,64625.41,64674.46,64604.0,64674.46,50.74553
2026-08-10 14:12:00+00:00,2026-08-10 14:15:00+00:00,64674.46,64753.6,64674.45,64752.0,38.36822
2026-08-10 14:15:00+00:00,2026-08-10 14:18:00+00:00,64752.0,64770.0,64715.7,64732.0,32.29582
2026-08-10 14:18:00+00:00,2026-08-10 14:21:00+00:00,64732.01,64793.91,64724.17,64770.0,36.44695
2026-08-10 14:21:00+00:00,2026-08-10 14:24:00+00:00,64770.01,64775.96,64724.17,64732.0,31.70914
2026-08-10 14:24:00+00:00,2026-08-10 14:27:00+00:00,64732.0,64769.99,64716.0,64769.99,9.54609
2026-08-10 14:27:00+00:00,2026-08-10 14:30:00+00:00,64769.99,64829.74,64769.99,64786.01,24.64998
2026-08-10 14:30:00+00:00,2026-08-10 14:33:00+00:00,64786.0,64802.0,64759.95,64780.01,23.22741
2026-08-10 14:33:00+00:00,2026-08-10 14:36:00+00:00,64780.01,64868.64,64766.0,64850.01,28.79704
2026-08-10 14:36:00+00:00,2026-08-10 14:39:00+00:00,64850.01,64850.01,64774.94,64775.38,11.96359
2026-08-10 14:39:00+00:00,2026-08-10 14:42:00+00:00,64775.38,64835.56,64766.3,64832.01,17.83652
2026-08-10 14:42:00+00:00,2026-08-10 14:45:00+00:00,64832.01,64888.32,64828.55,64828.55,26.64562
2026-08-10 14:45:00+00:00,2026-08-10 14:48:00+00:00,64828.56,64861.67,64789.38,64789.39,16.16733
2026-08-10 14:48:00+00:00,2026-08-10 14:51:00+00:00,64789.39,64812.0,64785.53,64796.31,15.99129
2026-08-10 14:51:00+00:00,2026-08-10 14:54:00+00:00,64796.31,64796.31,64681.88,64684.0,23.9418
2026-08-10 14:54:00+00:00,2026-08-10 14:57:00+00:00,64684.0,64684.0,64634.02,64667.23,40.78048
2026-08-10 14:57:00+00:00,2026-08-10 15:00:00+00:00,64667.23,64667.23,64608.0,64625.77,24.35464
2026-08-10 15:00:00+00:00,2026-08-10 15:03:00+00:00,64625.77,64670.0,64582.01,64670.0,25.27045
2026-08-10 15:03:00+00:00,2026-08-10 15:06:00+00:00,64670.0,64680.0,64662.0,64677.69,22.90203
2026-08-10 15:06:00+00:00,2026-08-10 15:09:00+00:00,64677.69,64700.0,64662.01,64662.01,24.22359
2026-08-10 15:09:00+00:00,2026-08-10 15:12:00+00:00,64662.01,64711.43,64647.59,64674.0,18.74602
2026-08-10 15:12:00+00:00,2026-08-10 15:15:00+00:00,64674.0,64698.72,64534.0,64562.0,68.8922
2026-08-10 15:15:00+00:00,2026-08-10 15:18:00+00:00,64562.0,64639.79,64538.54,64542.25,38.23312
2026-08-10 15:18:00+00:00,2026-08-10 15:21:00+00:00,64542.26,64556.74,64500.0,64521.88,85.0098
2026-08-10 15:21:00+00:00,2026-08-10 15:24:00+00:00,64521.88,64521.88,64477.0,64479.99,61.89918
2026-08-10 15:24:00+00:00,2026-08-10 15:27:00+00:00,64479.99,64482.34,64310.0,64342.77,169.15971
2026-08-10 15:27:00+00:00,2026-08-10 15:30:00+00:00,64342.77,64396.0,64335.76,64396.0,37.01225
2026-08-10 15:30:00+00:00,2026-08-10 15:33:00+00:00,64396.0,64413.46,64385.25,64409.97,27.9289
2026-08-10 15:33:00+00:00,2026-08-10 15:36:00+00:00,64409.97,64409.97,64310.0,64349.99,40.14595
2026-08-10 15:36:00+00:00,2026-08-10 15:39:00+00:00,64350.0,64350.0,64239.22,64286.95,97.30868
2026-08-10 15:39:00+00:00,2026-08-10 15:42:00+00:00,64286.95,64362.97,64278.0,64338.01,48.61648
2026-08-10 15:42:00+00:00,2026-08-10 15:45:00+00:00,64338.01,64369.8,64338.0,64338.64,36.56938
2026-08-10 15:45:00+00:00,2026-08-10 15:48:00+00:00,64338.65,64357.41,64314.08,64320.0,48.85514
2026-08-10 15:48:00+00:00,2026-08-10 15:51:00+00:00,64320.0,64320.0,64225.99,64275.69,96.81443
2026-08-10 15:51:00+00:00,2026-08-10 15:54:00+00:00,64275.69,64312.94,64203.15,64216.44,80.03551
2026-08-10 15:54:00+00:00,2026-08-10 15:57:00+00:00,64216.45,64250.54,64209.12,64250.54,45.11213
2026-08-10 15:57:00+00:00,2026-08-10 16:00:00+00:00,64250.55,64300.0,64250.55,64299.99,23.60496
2026-08-10 16:00:00+00:00,2026-08-10 16:03:00+00:00,64299.99,64313.87,64196.01,64313.87,94.85489
2026-08-10 16:03:00+00:00,2026-08-10 16:06:00+00:00,64313.87,64354.0,64306.0,64345.08,26.63028
2026-08-10 16:06:00+00:00,2026-08-10 16:09:00+00:00,64345.08,64354.0,64270.0,64272.59,35.13167
2026-08-10 16:09:00+00:00,2026-08-10 16:12:00+00:00,64272.59,64282.58,64216.29,64216.3,63.61933
2026-08-10 16:12:00+00:00,2026-08-10 16:15:00+00:00,64216.3,64264.0,64216.3,64218.01,75.76893
2026-08-10 16:15:00+00:00,2026-08-10 16:18:00+00:00,64218.0,64218.01,64146.21,64146.22,92.9446
2026-08-10 16:18:00+00:00,2026-08-10 16:21:00+00:00,64146.22,64146.22,64062.24,64090.63,105.95025
2026-08-10 16:21:00+00:00,2026-08-10 16:24:00+00:00,64090.62,64090.62,63988.0,64076.3,172.3115
2026-08-10 16:24:00+00:00,2026-08-10 16:27:00+00:00,64076.31,64135.8,64076.3,64126.48,96.77267
2026-08-10 16:27:00+00:00,2026-08-10 16:30:00+00:00,64126.48,64126.48,64119.13,64123.63,17.09487
2026-08-10 16:30:00+00:00,2026-08-10 16:33:00+00:00,64123.62,64124.0,64056.67,64104.64,64.36007
2026-08-10 16:33:00+00:00,2026-08-10 16:36:00+00:00,64104.64,64123.5,64080.0,64123.49,62.18104
2026-08-10 16:36:00+00:00,2026-08-10 16:39:00+00:00,64123.49,64137.12,64112.0,64137.12,29.22468
2026-08-10 16:39:00+00:00,2026-08-10 16:42:00+00:00,64137.12,64180.71,64130.0,64132.67,52.87705
2026-08-10 16:42:00+00:00,2026-08-10 16:45:00+00:00,64132.67,64167.11,63949.99,63966.0,103.54799
2026-08-10 16:45:00+00:00,2026-08-10 16:48:00+00:00,63966.0,63972.29,63907.16,63923.81,104.32445
2026-08-10 16:48:00+00:00,2026-08-10 16:51:00+00:00,63923.82,63939.99,63909.49,63924.73,61.64074
2026-08-10 16:51:00+00:00,2026-08-10 16:54:00+00:00,63924.72,63952.81,63885.01,63885.02,104.67957
2026-08-10 16:54:00+00:00,2026-08-10 16:57:00+00:00,63885.01,63885.02,63830.57,63851.99,77.06497
2026-08-10 16:57:00+00:00,2026-08-10 17:00:00+00:00,63851.99,63912.0,63851.99,63904.65,57.0897
2026-08-10 17:00:00+00:00,2026-08-10 17:03:00+00:00,63904.65,63941.03,63859.65,63864.76,98.8017
2026-08-10 17:03:00+00:00,2026-08-10 17:06:00+00:00,63864.75,63869.46,63832.0,63846.36,53.52614
2026-08-10 17:06:00+00:00,2026-08-10 17:09:00+00:00,63846.36,63948.94,63846.35,63944.0,79.26129
2026-08-10 17:09:00+00:00,2026-08-10 17:12:00+00:00,63944.0,63990.24,63935.87,63985.98,78.53897
2026-08-10 17:12:00+00:00,2026-08-10 17:15:00+00:00,63985.98,64014.0,63985.97,63996.0,55.44749
2026-08-10 17:15:00+00:00,2026-08-10 17:18:00+00:00,63996.01,63996.01,63930.52,63940.85,49.30558
2026-08-10 17:18:00+00:00,2026-08-10 17:21:00+00:00,63940.85,63944.7,63928.04,63944.7,67.28762
2026-08-10 17:21:00+00:00,2026-08-10 17:24:00+00:00,63944.7,63958.22,63927.72,63958.22,45.35514
2026-08-10 17:24:00+00:00,2026-08-10 17:27:00+00:00,63958.22,63990.0,63929.69,63990.0,53.77151
2026-08-10 17:27:00+00:00,2026-08-10 17:30:00+00:00,63990.0,64004.87,63923.07,63923.08,59.31666
2026-08-10 17:30:00+00:00,2026-08-10 17:33:00+00:00,63923.07,63970.82,63903.98,63934.91,74.79785
2026-08-10 17:33:00+00:00,2026-08-10 17:36:00+00:00,63934.92,63994.95,63934.91,63972.0,41.78425
2026-08-10 17:36:00+00:00,2026-08-10 17:39:00+00:00,63972.0,63972.0,63950.05,63960.01,49.59945
2026-08-10 17:39:00+00:00,2026-08-10 17:42:00+00:00,63960.01,64012.92,63938.85,64009.94,56.13998
2026-08-10 17:42:00+00:00,2026-08-10 17:45:00+00:00,64009.93,64027.12,63949.61,63949.62,70.14709
2026-08-10 17:45:00+00:00,2026-08-10 17:48:00+00:00,63949.61,63949.61,63876.0,63912.0,166.78057
2026-08-10 17:48:00+00:00,2026-08-10 17:51:00+00:00,63912.0,63976.0,63908.0,63955.4,41.30999
2026-08-10 17:51:00+00:00,2026-08-10 17:54:00+00:00,63955.4,63963.43,63906.96,63912.42,48.40771
2026-08-10 17:54:00+00:00,2026-08-10 17:57:00+00:00,63912.42,63928.0,63890.0,63928.0,55.94027
2026-08-10 17:57:00+00:00,2026-08-10 18:00:00+00:00,63928.0,63953.04,63927.99,63953.04,45.03492
2026-08-10 18:00:00+00:00,2026-08-10 18:03:00+00:00,63953.04,64009.73,63940.0,63940.01,72.62227
2026-08-10 18:03:00+00:00,2026-08-10 18:06:00+00:00,63940.0,63956.68,63895.49,63923.21,79.45759
2026-08-10 18:06:00+00:00,2026-08-10 18:09:00+00:00,63923.21,63974.0,63908.83,63974.0,36.70674
2026-08-10 18:09:00+00:00,2026-08-10 18:12:00+00:00,63974.0,64011.97,63964.43,64011.96,33.77636
2026-08-10 18:12:00+00:00,2026-08-10 18:15:00+00:00,64011.96,64020.64,63931.64,63938.06,55.70407
2026-08-10 18:15:00+00:00,2026-08-10 18:18:00+00:00,63938.05,63938.06,63881.75,63918.0,75.36758
2026-08-10 18:18:00+00:00,2026-08-10 18:21:00+00:00,63917.99,63945.9,63917.99,63932.16,25.36457
2026-08-10 18:21:00+00:00,2026-08-10 18:24:00+00:00,63932.17,63983.66,63932.17,63983.65,38.61676
2026-08-10 18:24:00+00:00,2026-08-10 18:27:00+00:00,63983.66,64003.8,63973.34,63973.34,25.9701
2026-08-10 18:27:00+00:00,2026-08-10 18:30:00+00:00,63973.35,63973.35,63900.13,63900.13,49.98581
2026-08-10 18:30:00+00:00,2026-08-10 18:33:00+00:00,63900.13,63931.18,63888.88,63912.0,62.75989
2026-08-10 18:33:00+00:00,2026-08-10 18:36:00+00:00,63912.01,63926.0,63901.8,63905.96,33.71653
2026-08-10 18:36:00+00:00,2026-08-10 18:39:00+00:00,63905.96,63905.96,63806.27,63827.84,140.55012
2026-08-10 18:39:00+00:00,2026-08-10 18:42:00+00:00,63827.84,63841.06,63824.14,63824.15,39.22886
2026-08-10 18:42:00+00:00,2026-08-10 18:45:00+00:00,63824.15,63888.0,63824.15,63888.0,31.40836
2026-08-10 18:45:00+00:00,2026-08-10 18:48:00+00:00,63888.0,63888.0,63843.98,63867.84,32.93554
2026-08-10 18:48:00+00:00,2026-08-10 18:51:00+00:00,63867.84,63922.0,63867.83,63905.43,26.40763
2026-08-10 18:51:00+00:00,2026-08-10 18:54:00+00:00,63905.43,63928.0,63898.99,63899.65,31.24558
2026-08-10 18:54:00+00:00,2026-08-10 18:57:00+00:00,63899.66,63914.0,63898.25,63914.0,17.49984
2026-08-10 18:57:00+00:00,2026-08-10 19:00:00+00:00,63913.99,63919.74,63886.04,63889.39,34.74118
2026-08-10 19:00:00+00:00,2026-08-10 19:03:00+00:00,63889.39,63922.01,63888.01,63903.99,31.94327
2026-08-10 19:03:00+00:00,2026-08-10 19:06:00+00:00,63904.0,63932.0,63900.54,63900.6,28.02974
2026-08-10 19:06:00+00:00,2026-08-10 19:09:00+00:00,63900.6,63925.57,63900.6,63925.57,27.23065
2026-08-10 19:09:00+00:00,2026-08-10 19:12:00+00:00,63925.57,63927.65,63922.98,63922.98,16.54244
2026-08-10 19:12:00+00:00,2026-08-10 19:15:00+00:00,63922.99,63927.28,63916.8,63927.28,28.25641
2026-08-10 19:15:00+00:00,2026-08-10 19:18:00+00:00,63927.27,63936.94,63906.15,63935.11,32.82763
2026-08-10 19:18:00+00:00,2026-08-10 19:21:00+00:00,63935.11,63956.67,63935.11,63956.67,20.03903
2026-08-10 19:21:00+00:00,2026-08-10 19:24:00+00:00,63956.67,63995.45,63956.66,63989.59,25.37705
2026-08-10 19:24:00+00:00,2026-08-10 19:27:00+00:00,63989.58,64012.45,63989.58,64002.68,36.46511
2026-08-10 19:27:00+00:00,2026-08-10 19:30:00+00:00,64002.69,64025.88,63998.23,64025.87,19.33958
2026-08-10 19:30:00+00:00,2026-08-10 19:33:00+00:00,64025.88,64096.01,64025.88,64074.19,36.91061
2026-08-10 19:33:00+00:00,2026-08-10 19:36:00+00:00,64074.2,64101.34,64043.83,64052.09,33.61747
2026-08-10 19:36:00+00:00,2026-08-10 19:39:00+00:00,64052.09,64052.1,63931.07,63968.41,47.17033
2026-08-10 19:39:00+00:00,2026-08-10 19:42:00+00:00,63968.41,63974.0,63938.5,63938.5,21.90679
2026-08-10 19:42:00+00:00,2026-08-10 19:45:00+00:00,63938.51,64042.0,63934.14,64031.35,37.08237
2026-08-10 19:45:00+00:00,2026-08-10 19:48:00+00:00,64031.36,64049.15,64020.53,64020.53,15.08514
2026-08-10 19:48:00+00:00,2026-08-10 19:51:00+00:00,64020.53,64048.0,64008.0,64040.93,19.47204
2026-08-10 19:51:00+00:00,2026-08-10 19:54:00+00:00,64040.93,64049.15,63986.23,64035.99,28.8417
2026-08-10 19:54:00+00:00,2026-08-10 19:57:00+00:00,64035.99,64041.72,64012.0,64026.0,22.83018
2026-08-10 19:57:00+00:00,2026-08-10 20:00:00+00:00,64025.99,64045.7,64020.0,64045.7,14.2953
2026-08-10 20:00:00+00:00,2026-08-10 20:03:00+00:00,64045.7,64073.77,64023.06,64073.77,16.51279
2026-08-10 20:03:00+00:00,2026-08-10 20:06:00+00:00,64073.77,64081.93,64050.0,64078.87,19.16736
2026-08-10 20:06:00+00:00,2026-08-10 20:09:00+00:00,64078.86,64078.86,64057.58,64073.99,9.17672
2026-08-10 20:09:00+00:00,2026-08-10 20:12:00+00:00,64074.0,64074.97,64065.58,64072.6,9.08326
2026-08-10 20:12:00+00:00,2026-08-10 20:15:00+00:00,64072.6,64089.97,64034.49,64051.99,20.18545
2026-08-10 20:15:00+00:00,2026-08-10 20:18:00+00:00,64051.99,64093.61,64046.76,64093.61,27.88307
2026-08-10 20:18:00+00:00,2026-08-10 20:21:00+00:00,64093.61,64104.0,64093.6,64095.95,17.47204
2026-08-10 20:21:00+00:00,2026-08-10 20:24:00+00:00,64095.95,64095.95,64084.64,64084.65,4.84329
2026-08-10 20:24:00+00:00,2026-08-10 20:27:00+00:00,64084.65,64097.5,64084.64,64097.5,14.72144
2026-08-10 20:27:00+00:00,2026-08-10 20:30:00+00:00,64097.5,64122.75,64097.49,64122.75,22.3036
2026-08-10 20:30:00+00:00,2026-08-10 20:33:00+00:00,64122.75,64124.0,64106.0,64123.99,13.68331
2026-08-10 20:33:00+00:00,2026-08-10 20:36:00+00:00,64124.0,64124.0,64112.13,64117.26,15.78422
2026-08-10 20:36:00+00:00,2026-08-10 20:39:00+00:00,64117.26,64145.65,64117.25,64133.24,15.18358
2026-08-10 20:39:00+00:00,2026-08-10 20:42:00+00:00,64133.25,64143.68,64119.68,64143.67,8.95564
2026-08-10 20:42:00+00:00,2026-08-10 20:45:00+00:00,64143.68,64215.21,64143.67,64176.35,24.09702
2026-08-10 20:45:00+00:00,2026-08-10 20:48:00+00:00,64176.34,64176.35,64150.04,64160.0,11.52009
2026-08-10 20:48:00+00:00,2026-08-10 20:51:00+00:00,64160.0,64160.0,64140.59,64146.39,8.13937
2026-08-10 20:51:00+00:00,2026-08-10 20:54:00+00:00,64146.39,64175.73,64146.38,64158.88,14.3432
2026-08-10 20:54:00+00:00,2026-08-10 20:57:00+00:00,64158.88,64158.88,64148.1,64153.12,9.24072
2026-08-10 20:57:00+00:00,2026-08-10 21:00:00+00:00,64153.12,64158.5,64150.45,64158.5,4.04618
2026-08-10 21:00:00+00:00,2026-08-10 21:03:00+00:00,64158.49,64158.5,64094.0,64101.61,13.67181
2026-08-10 21:03:00+00:00,2026-08-10 21:06:00+00:00,64101.6,64119.56,64101.6,64119.56,6.26785
2026-08-10 21:06:00+00:00,2026-08-10 21:09:00+00:00,64119.56,64147.83,64119.55,64147.82,3.31903
2026-08-10 21:09:00+00:00,2026-08-10 21:12:00+00:00,64147.83,64147.83,64110.0,64121.79,12.17998
2026-08-10 21:12:00+00:00,2026-08-10 21:15:00+00:00,64121.79,64123.31,64097.19,64113.83,17.42684
2026-08-10 21:15:00+00:00,2026-08-10 21:18:00+00:00,64113.83,64114.08,64098.0,64108.74,13.34988
2026-08-10 21:18:00+00:00,2026-08-10 21:21:00+00:00,64108.73,64119.03,64108.0,64109.56,6.18508
2026-08-10 21:21:00+00:00,2026-08-10 21:24:00+00:00,64109.55,64114.27,64109.55,64114.26,4.32389
2026-08-10 21:24:00+00:00,2026-08-10 21:27:00+00:00,64114.27,64114.27,64072.72,64103.94,22.33669
2026-08-10 21:27:00+00:00,2026-08-10 21:30:00+00:00,64103.93,64117.17,64103.93,64117.16,6.72951
2026-08-10 21:30:00+00:00,2026-08-10 21:33:00+00:00,64117.17,64119.03,64112.7,64112.71,9.46213
2026-08-10 21:33:00+00:00,2026-08-10 21:36:00+00:00,64112.71,64112.71,64110.24,64110.25,5.72249
2026-08-10 21:36:00+00:00,2026-08-10 21:39:00+00:00,64110.25,64114.0,64094.29,64094.29,11.33335
2026-08-10 21:39:00+00:00,2026-08-10 21:42:00+00:00,64094.3,64094.3,64046.01,64046.01,14.31105
2026-08-10 21:42:00+00:00,2026-08-10 21:45:00+00:00,64046.0,64055.75,64033.25,64040.81,24.70182
2026-08-10 21:45:00+00:00,2026-08-10 21:48:00+00:00,64040.81,64045.86,63987.42,63996.02,30.37124
2026-08-10 21:48:00+00:00,2026-08-10 21:51:00+00:00,63996.01,64000.0,63987.42,63993.12,13.66279
2026-08-10 21:51:00+00:00,2026-08-10 21:54:00+00:00,63993.12,63993.12,63993.11,63993.12,1.44836
2026-08-10 21:54:00+00:00,2026-08-10 21:57:00+00:00,63993.12,64002.0,63993.11,64001.99,10.48925
2026-08-10 21:57:00+00:00,2026-08-10 22:00:00+00:00,64002.0,64002.0,63987.0,63987.0,12.39083
2026-08-10 22:00:00+00:00,2026-08-10 22:03:00+00:00,63987.0,64011.32,63960.0,64009.17,26.5986
2026-08-10 22:03:00+00:00,2026-08-10 22:06:00+00:00,64009.18,64023.37,63960.89,63961.45,24.17127
2026-08-10 22:06:00+00:00,2026-08-10 22:09:00+00:00,63961.45,64005.17,63961.44,64005.16,23.18821
2026-08-10 22:09:00+00:00,2026-08-10 22:12:00+00:00,64005.17,64030.99,64005.16,64021.88,14.72067
2026-08-10 22:12:00+00:00,2026-08-10 22:15:00+00:00,64021.88,64045.42,64021.87,64040.65,12.00719
2026-08-10 22:15:00+00:00,2026-08-10 22:18:00+00:00,64040.66,64055.75,64040.65,64044.93,8.41246
2026-08-10 22:18:00+00:00,2026-08-10 22:21:00+00:00,64044.93,64055.95,64038.0,64038.01,10.12312
2026-08-10 22:21:00+00:00,2026-08-10 22:24:00+00:00,64038.01,64038.01,64012.54,64012.55,11.12112
2026-08-10 22:24:00+00:00,2026-08-10 22:27:00+00:00,64012.54,64016.0,64010.0,64015.99,5.25529
2026-08-10 22:27:00+00:00,2026-08-10 22:30:00+00:00,64016.0,64016.0,64014.51,64014.51,4.68911
2026-08-10 22:30:00+00:00,2026-08-10 22:33:00+00:00,64014.51,64014.52,63984.0,63984.0,7.71036
2026-08-10 22:33:00+00:00,2026-08-10 22:36:00+00:00,63984.01,63984.01,63944.0,63957.99,15.62468
2026-08-10 22:36:00+00:00,2026-08-10 22:39:00+00:00,63957.99,63979.72,63956.0,63956.0,20.12277
2026-08-10 22:39:00+00:00,2026-08-10 22:42:00+00:00,63956.01,63976.65,63948.04,63976.64,11.16392
2026-08-10 22:42:00+00:00,2026-08-10 22:45:00+00:00,63976.65,63986.0,63976.64,63986.0,2.86339
2026-08-10 22:45:00+00:00,2026-08-10 22:48:00+00:00,63986.0,63992.0,63985.99,63991.99,3.51185
2026-08-10 22:48:00+00:00,2026-08-10 22:51:00+00:00,63992.0,63998.0,63991.99,63997.99,5.04663
2026-08-10 22:51:00+00:00,2026-08-10 22:54:00+00:00,63998.0,63998.0,63997.99,63998.0,2.49037
2026-08-10 22:54:00+00:00,2026-08-10 22:57:00+00:00,63998.0,64001.6,63997.99,64001.6,3.97478
2026-08-10 22:57:00+00:00,2026-08-10 23:00:00+00:00,64001.6,64016.0,64001.59,64016.0,4.17148
2026-08-10 23:00:00+00:00,2026-08-10 23:03:00+00:00,64015.99,64020.0,63995.2,63995.2,43.92883
2026-08-10 23:03:00+00:00,2026-08-10 23:06:00+00:00,63995.21,63995.21,63995.2,63995.2,3.38817
2026-08-10 23:06:00+00:00,2026-08-10 23:09:00+00:00,63995.2,63995.21,63985.99,63991.06,7.34235
2026-08-10 23:09:00+00:00,2026-08-10 23:12:00+00:00,63991.06,63991.07,63980.69,63986.88,9.74727
2026-08-10 23:12:00+00:00,2026-08-10 23:15:00+00:00,63986.89,63986.89,63984.0,63984.0,2.60086
2026-08-10 23:15:00+00:00,2026-08-10 23:18:00+00:00,63984.01,63998.45,63984.0,63998.45,4.75501
2026-08-10 23:18:00+00:00,2026-08-10 23:21:00+00:00,63998.44,63998.45,63978.79,63978.8,8.83164
2026-08-10 23:21:00+00:00,2026-08-10 23:24:00+00:00,63978.8,63978.8,63948.54,63951.4,11.19035
2026-08-10 23:24:00+00:00,2026-08-10 23:27:00+00:00,63951.41,63985.25,63951.41,63980.69,13.804
2026-08-10 23:27:00+00:00,2026-08-10 23:30:00+00:00,63980.69,63993.01,63957.09,63993.01,59.34387
2026-08-10 23:30:00+00:00,2026-08-10 23:33:00+00:00,63993.01,63993.01,63964.15,63972.28,58.63986
2026-08-10 23:33:00+00:00,2026-08-10 23:36:00+00:00,63972.27,63972.28,63938.74,63953.41,13.6315
2026-08-10 23:36:00+00:00,2026-08-10 23:39:00+00:00,63953.4,63956.0,63953.4,63956.0,3.51095
2026-08-10 23:39:00+00:00,2026-08-10 23:42:00+00:00,63956.0,63965.87,63920.69,63965.87,11.75939
2026-08-10 23:42:00+00:00,2026-08-10 23:45:00+00:00,63965.87,63972.0,63962.05,63968.0,7.75681
2026-08-10 23:45:00+00:00,2026-08-10 23:48:00+00:00,63968.0,63968.0,63966.95,63966.96,7.82959
2026-08-10 23:48:00+00:00,2026-08-10 23:51:00+00:00,63966.96,63967.45,63947.25,63967.44,18.60156
2026-08-10 23:51:00+00:00,2026-08-10 23:54:00+00:00,63967.45,63984.86,63967.44,63984.85,17.06892
2026-08-10 23:54:00+00:00,2026-08-10 23:57:00+00:00,63984.85,63984.85,63948.0,63975.61,16.72299
2026-08-10 23:57:00+00:00,2026-08-11 00:00:00+00:00,63975.61,63982.44,63970.0,63970.01,7.88229
2026-08-11 00:00:00+00:00,2026-08-11 00:03:00+00:00,63970.01,63970.01,63919.97,63928.0,22.72992
2026-08-11 00:03:00+00:00,2026-08-11 00:06:00+00:00,63928.0,63947.69,63927.99,63939.93,10.65789
2026-08-11 00:06:00+00:00,2026-08-11 00:09:00+00:00,63939.93,63939.94,63895.64,63933.66,27.23244
2026-08-11 00:09:00+00:00,2026-08-11 00:12:00+00:00,63933.66,63946.0,63933.65,63939.75,14.95539
2026-08-11 00:12:00+00:00,2026-08-11 00:15:00+00:00,63939.74,63995.01,63937.42,63995.01,192.36804
2026-08-11 00:15:00+00:00,2026-08-11 00:18:00+00:00,63995.0,63995.01,63931.29,63946.13,26.68415
2026-08-11 00:18:00+00:00,2026-08-11 00:21:00+00:00,63946.12,63946.13,63926.0,63926.01,16.34914
2026-08-11 00:21:00+00:00,2026-08-11 00:24:00+00:00,63926.01,63991.6,63926.0,63967.53,30.12604
2026-08-11 00:24:00+00:00,2026-08-11 00:27:00+00:00,63967.52,63999.99,63967.52,63996.0,10.21404
2026-08-11 00:27:00+00:00,2026-08-11 00:30:00+00:00,63996.0,63996.01,63964.93,63986.18,129.08071
2026-08-11 00:30:00+00:00,2026-08-11 00:33:00+00:00,63986.19,64006.03,63986.19,63990.9,17.99784
2026-08-11 00:33:00+00:00,2026-08-11 00:36:00+00:00,63990.9,64002.06,63990.89,63993.81,4.06336
2026-08-11 00:36:00+00:00,2026-08-11 00:39:00+00:00,63994.1,63998.0,63947.8,63979.85,22.23654
2026-08-11 00:39:00+00:00,2026-08-11 00:42:00+00:00,63979.86,63988.0,63976.0,63976.01,9.96235
2026-08-11 00:42:00+00:00,2026-08-11 00:45:00+00:00,63976.01,63985.46,63959.99,63973.99,62.83109
2026-08-11 00:45:00+00:00,2026-08-11 00:48:00+00:00,63974.0,64004.0,63974.0,64003.99,15.62888
2026-08-11 00:48:00+00:00,2026-08-11 00:51:00+00:00,64004.0,64014.39,64002.0,64014.39,17.50687
2026-08-11 00:51:00+00:00,2026-08-11 00:54:00+00:00,64014.39,64021.22,64002.99,64008.71,11.84812
2026-08-11 00:54:00+00:00,2026-08-11 00:57:00+00:00,64008.71,64049.61,64008.7,64039.43,39.70331
2026-08-11 00:57:00+00:00,2026-08-11 01:00:00+00:00,64039.43,64058.0,64039.42,64040.0,8.09214
2026-08-11 01:00:00+00:00,2026-08-11 01:03:00+00:00,64040.01,64040.01,63988.0,63988.01,11.32239
2026-08-11 01:03:00+00:00,2026-08-11 01:06:00+00:00,63988.01,64012.01,63988.0,64012.0,8.63738
2026-08-11 01:06:00+00:00,2026-08-11 01:09:00+00:00,64012.01,64012.01,63988.82,63988.83,15.28521
2026-08-11 01:09:00+00:00,2026-08-11 01:12:00+00:00,63988.83,64059.69,63986.0,64059.69,15.13453
2026-08-11 01:12:00+00:00,2026-08-11 01:15:00+00:00,64059.69,64079.88,64059.68,64061.88,14.42157
2026-08-11 01:15:00+00:00,2026-08-11 01:18:00+00:00,64061.89,64061.89,64011.52,64018.93,16.02513
2026-08-11 01:18:00+00:00,2026-08-11 01:21:00+00:00,64018.92,64021.99,63980.51,64021.99,15.58581
2026-08-11 01:21:00+00:00,2026-08-11 01:24:00+00:00,64021.99,64048.47,64021.98,64048.47,17.28154
2026-08-11 01:24:00+00:00,2026-08-11 01:27:00+00:00,64048.47,64062.0,64042.0,64047.46,13.5861
2026-08-11 01:27:00+00:00,2026-08-11 01:30:00+00:00,64047.46,64080.1,64043.57,64076.23,127.90762
2026-08-11 01:30:00+00:00,2026-08-11 01:33:00+00:00,64076.23,64076.23,64046.67,64047.96,8.63224
2026-08-11 01:33:00+00:00,2026-08-11 01:36:00+00:00,64047.97,64057.53,64046.68,64046.68,4.45574
2026-08-11 01:36:00+00:00,2026-08-11 01:39:00+00:00,64046.69,64046.7,64046.68,64046.68,4.1231
2026-08-11 01:39:00+00:00,2026-08-11 01:42:00+00:00,64046.69,64046.69,63997.36,63997.37,11.59197
2026-08-11 01:42:00+00:00,2026-08-11 01:45:00+00:00,63997.36,63997.37,63958.2,63991.26,17.98348
2026-08-11 01:45:00+00:00,2026-08-11 01:48:00+00:00,63991.27,64010.01,63987.02,64005.27,11.10922
2026-08-11 01:48:00+00:00,2026-08-11 01:51:00+00:00,64005.28,64064.0,64005.27,64063.99,8.77447
2026-08-11 01:51:00+00:00,2026-08-11 01:54:00+00:00,64064.0,64073.32,64051.18,64073.32,16.58062
2026-08-11 01:54:00+00:00,2026-08-11 01:57:00+00:00,64073.32,64073.32,64060.05,64060.73,7.70566
2026-08-11 01:57:00+00:00,2026-08-11 02:00:00+00:00,64060.73,64073.32,64060.73,64060.8,8.93134
2026-08-11 02:00:00+00:00,2026-08-11 02:03:00+00:00,64060.8,64086.0,64060.73,64077.98,13.3198
2026-08-11 02:03:00+00:00,2026-08-11 02:06:00+00:00,64077.98,64083.43,64077.97,64083.43,5.02598
2026-08-11 02:06:00+00:00,2026-08-11 02:09:00+00:00,64083.43,64085.48,64060.73,64072.0,9.98941
2026-08-11 02:09:00+00:00,2026-08-11 02:12:00+00:00,64072.01,64077.99,64072.0,64077.99,5.31179
2026-08-11 02:12:00+00:00,2026-08-11 02:15:00+00:00,64077.99,64082.0,64030.0,64030.0,132.17201
2026-08-11 02:15:00+00:00,2026-08-11 02:18:00+00:00,64030.0,64056.0,64030.0,64056.0,9.50089
2026-08-11 02:18:00+00:00,2026-08-11 02:21:00+00:00,64056.0,64065.89,64056.0,64063.59,2.44057
2026-08-11 02:21:00+00:00,2026-08-11 02:24:00+00:00,64063.59,64063.59,64055.99,64056.0,2.07607
2026-08-11 02:24:00+00:00,2026-08-11 02:27:00+00:00,64056.0,64059.68,64056.0,64058.4,8.95936
2026-08-11 02:27:00+00:00,2026-08-11 02:30:00+00:00,64058.39,64070.0,64054.53,64054.54,8.56552
2026-08-11 02:30:00+00:00,2026-08-11 02:33:00+00:00,64054.53,64055.72,64054.21,64054.21,4.4822
2026-08-11 02:33:00+00:00,2026-08-11 02:36:00+00:00,64054.22,64054.22,64034.43,64034.44,12.78312
2026-08-11 02:36:00+00:00,2026-08-11 02:39:00+00:00,64034.43,64034.44,64032.02,64032.03,4.08418
2026-08-11 02:39:00+00:00,2026-08-11 02:42:00+00:00,64032.03,64045.96,64032.02,64039.13,8.40226
2026-08-11 02:42:00+00:00,2026-08-11 02:45:00+00:00,64039.13,64045.04,64039.12,64045.04,2.62581
2026-08-11 02:45:00+00:00,2026-08-11 02:48:00+00:00,64045.04,64052.96,64045.03,64052.18,4.60633
2026-08-11 02:48:00+00:00,2026-08-11 02:51:00+00:00,64052.17,64052.18,64036.84,64036.84,8.55048
2026-08-11 02:51:00+00:00,2026-08-11 02:54:00+00:00,64036.85,64036.85,64035.28,64035.3,11.99586
2026-08-11 02:54:00+00:00,2026-08-11 02:57:00+00:00,64035.29,64046.0,64035.29,64045.99,6.38243
2026-08-11 02:57:00+00:00,2026-08-11 03:00:00+00:00,64046.0,64046.0,64044.59,64044.59,1.97062
2026-08-11 03:00:00+00:00,2026-08-11 03:03:00+00:00,64044.6,64065.0,64044.59,64064.99,8.21652
2026-08-11 03:03:00+00:00,2026-08-11 03:06:00+00:00,64065.0,64074.06,64064.99,64065.49,9.72017
2026-08-11 03:06:00+00:00,2026-08-11 03:09:00+00:00,64065.49,64080.0,64059.45,64080.0,14.97749
2026-08-11 03:09:00+00:00,2026-08-11 03:12:00+00:00,64080.0,64080.0,64079.99,64080.0,2.0575
2026-08-11 03:12:00+00:00,2026-08-11 03:15:00+00:00,64080.0,64102.0,64079.99,64100.8,22.97706
2026-08-11 03:15:00+00:00,2026-08-11 03:18:00+00:00,64100.8,64136.49,64100.79,64136.48,14.79064
2026-08-11 03:18:00+00:00,2026-08-11 03:21:00+00:00,64136.48,64146.95,64136.0,64137.64,9.51825
2026-08-11 03:21:00+00:00,2026-08-11 03:24:00+00:00,64137.63,64153.94,64136.0,64153.93,7.23999
2026-08-11 03:24:00+00:00,2026-08-11 03:27:00+00:00,64153.94,64176.0,64151.34,64175.99,28.75331
2026-08-11 03:27:00+00:00,2026-08-11 03:30:00+00:00,64175.99,64176.0,64138.0,64138.0,18.07185
2026-08-11 03:30:00+00:00,2026-08-11 03:33:00+00:00,64138.01,64138.01,64133.58,64134.32,4.64391
2026-08-11 03:33:00+00:00,2026-08-11 03:36:00+00:00,64134.32,64134.33,64134.32,64134.33,1.15086
2026-08-11 03:36:00+00:00,2026-08-11 03:39:00+00:00,64134.33,64138.22,64134.32,64138.22,5.7685
2026-08-11 03:39:00+00:00,2026-08-11 03:42:00+00:00,64138.22,64160.01,64138.22,64153.36,8.71064
2026-08-11 03:42:00+00:00,2026-08-11 03:45:00+00:00,64153.37,64153.37,64129.91,64129.92,31.21409
2026-08-11 03:45:00+00:00,2026-08-11 03:48:00+00:00,64129.93,64129.94,64129.92,64129.94,5.53737
2026-08-11 03:48:00+00:00,2026-08-11 03:51:00+00:00,64129.94,64140.94,64129.92,64139.13,50.80874
2026-08-11 03:51:00+00:00,2026-08-11 03:54:00+00:00,64139.14,64139.14,64121.09,64121.09,17.614
2026-08-11 03:54:00+00:00,2026-08-11 03:57:00+00:00,64121.1,64127.11,64119.96,64119.97,29.18205
2026-08-11 03:57:00+00:00,2026-08-11 04:00:00+00:00,64119.97,64155.01,64119.96,64155.01,233.18219
2026-08-11 04:00:00+00:00,2026-08-11 04:03:00+00:00,64155.0,64159.65,64151.34,64159.65,10.72776
2026-08-11 04:03:00+00:00,2026-08-11 04:06:00+00:00,64159.65,64159.65,64138.54,64138.55,30.50176
2026-08-11 04:06:00+00:00,2026-08-11 04:09:00+00:00,64138.54,64138.55,64138.0,64138.01,5.92671
2026-08-11 04:09:00+00:00,2026-08-11 04:12:00+00:00,64138.01,64140.61,64128.08,64128.09,46.23629
2026-08-11 04:12:00+00:00,2026-08-11 04:15:00+00:00,64128.09,64133.17,64119.99,64120.0,33.237
2026-08-11 04:15:00+00:00,2026-08-11 04:18:00+00:00,64119.99,64122.84,64119.99,64120.01,25.67247
2026-08-11 04:18:00+00:00,2026-08-11 04:21:00+00:00,64120.01,64120.02,64119.96,64119.97,9.50194
2026-08-11 04:21:00+00:00,2026-08-11 04:24:00+00:00,64119.97,64132.0,64113.36,64113.37,27.97166
2026-08-11 04:24:00+00:00,2026-08-11 04:27:00+00:00,64113.37,64113.37,64113.36,64113.36,3.09587
2026-08-11 04:27:00+00:00,2026-08-11 04:30:00+00:00,64113.36,64113.36,64106.0,64108.57,10.16887
2026-08-11 04:30:00+00:00,2026-08-11 04:33:00+00:00,64108.58,64110.19,64108.57,64110.19,5.53491
2026-08-11 04:33:00+00:00,2026-08-11 04:36:00+00:00,64110.19,64110.19,64100.34,64100.35,3.69286
2026-08-11 04:36:00+00:00,2026-08-11 04:39:00+00:00,64100.35,64100.35,64100.34,64100.34,4.85343
2026-08-11 04:39:00+00:00,2026-08-11 04:42:00+00:00,64100.35,64100.35,64100.34,64100.35,1.89493
2026-08-11 04:42:00+00:00,2026-08-11 04:45:00+00:00,64100.34,64100.35,64100.34,64100.34,2.45611
2026-08-11 04:45:00+00:00,2026-08-11 04:48:00+00:00,64100.35,64102.45,64097.15,64097.16,11.87949
2026-08-11 04:48:00+00:00,2026-08-11 04:51:00+00:00,64097.15,64097.16,64044.07,64044.08,19.30377
2026-08-11 04:51:00+00:00,2026-08-11 04:54:00+00:00,64044.07,64049.21,64044.07,64044.08,4.99561
2026-08-11 04:54:00+00:00,2026-08-11 04:57:00+00:00,64044.07,64044.07,64033.08,64037.99,10.62524
2026-08-11 04:57:00+00:00,2026-08-11 05:00:00+00:00,64038.0,64038.0,64021.02,64023.51,91.89581
2026-08-11 05:00:00+00:00,2026-08-11 05:03:00+00:00,64023.51,64023.51,64002.0,64023.09,19.5483
2026-08-11 05:03:00+00:00,2026-08-11 05:06:00+00:00,64023.1,64034.97,64023.1,64034.97,4.63313
2026-08-11 05:06:00+00:00,2026-08-11 05:09:00+00:00,64034.96,64045.52,64034.96,64045.51,4.05606
2026-08-11 05:09:00+00:00,2026-08-11 05:12:00+00:00,64045.52,64051.93,64045.51,64051.92,2.11041
2026-08-11 05:12:00+00:00,2026-08-11 05:15:00+00:00,64051.93,64051.93,64046.8,64046.81,7.98804
2026-08-11 05:15:00+00:00,2026-08-11 05:18:00+00:00,64046.8,64051.59,64046.8,64048.67,8.36588
2026-08-11 05:18:00+00:00,2026-08-11 05:21:00+00:00,64048.68,64048.68,63974.0,63974.01,32.39473
2026-08-11 05:21:00+00:00,2026-08-11 05:24:00+00:00,63974.0,63974.01,63964.0,63970.01,13.77062
2026-08-11 05:24:00+00:00,2026-08-11 05:27:00+00:00,63970.0,63970.01,63970.0,63970.01,12.61923
2026-08-11 05:27:00+00:00,2026-08-11 05:30:00+00:00,63970.0,63972.87,63970.0,63972.86,5.27558
2026-08-11 05:30:00+00:00,2026-08-11 05:33:00+00:00,63972.87,63972.87,63972.85,63972.87,8.24039
2026-08-11 05:33:00+00:00,2026-08-11 05:36:00+00:00,63972.87,64038.1,63972.86,64038.1,15.46433
2026-08-11 05:36:00+00:00,2026-08-11 05:39:00+00:00,64038.09,64041.88,64035.99,64036.0,4.32777
2026-08-11 05:39:00+00:00,2026-08-11 05:42:00+00:00,64035.99,64036.0,64035.99,64036.0,4.79764
2026-08-11 05:42:00+00:00,2026-08-11 05:45:00+00:00,64036.0,64036.0,64035.99,64036.0,5.95505
2026-08-11 05:45:00+00:00,2026-08-11 05:48:00+00:00,64036.0,64042.26,64035.99,64036.01,15.14461
2026-08-11 05:48:00+00:00,2026-08-11 05:51:00+00:00,64036.01,64036.01,64036.0,64036.0,8.73657
2026-08-11 05:51:00+00:00,2026-08-11 05:54:00+00:00,64036.01,64036.01,64024.76,64024.76,21.75848
2026-08-11 05:54:00+00:00,2026-08-11 05:57:00+00:00,64024.75,64024.75,64002.24,64012.0,14.09062
2026-08-11 05:57:00+00:00,2026-08-11 06:00:00+00:00,64012.0,64012.0,64000.0,64000.0,8.03503
2026-08-11 06:00:00+00:00,2026-08-11 06:03:00+00:00,64000.0,64000.0,63975.0,63975.01,8.11204
2026-08-11 06:03:00+00:00,2026-08-11 06:06:00+00:00,63975.01,63999.26,63975.01,63995.97,17.95899
2026-08-11 06:06:00+00:00,2026-08-11 06:09:00+00:00,63995.98,64033.36,63995.97,64033.36,9.79253
2026-08-11 06:09:00+00:00,2026-08-11 06:12:00+00:00,64033.35,64050.43,64033.35,64050.42,8.66054
2026-08-11 06:12:00+00:00,2026-08-11 06:15:00+00:00,64050.42,64050.43,64034.72,64034.72,12.98544
2026-08-11 06:15:00+00:00,2026-08-11 06:18:00+00:00,64034.72,64034.72,64015.82,64022.1,10.43413
2026-08-11 06:18:00+00:00,2026-08-11 06:21:00+00:00,64022.11,64024.0,64011.94,64011.94,12.2958
2026-08-11 06:21:00+00:00,2026-08-11 06:24:00+00:00,64011.95,64011.95,63998.72,63998.73,10.42139
2026-08-11 06:24:00+00:00,2026-08-11 06:27:00+00:00,63998.73,63998.73,63968.52,63968.52,13.12064
2026-08-11 06:27:00+00:00,2026-08-11 06:30:00+00:00,63968.52,63968.53,63936.0,63936.0,19.15027
2026-08-11 06:30:00+00:00,2026-08-11 06:33:00+00:00,63936.0,63936.01,63912.59,63912.6,12.58317
2026-08-11 06:33:00+00:00,2026-08-11 06:36:00+00:00,63912.59,63912.78,63910.0,63912.78,6.87475
2026-08-11 06:36:00+00:00,2026-08-11 06:39:00+00:00,63912.78,63926.0,63910.0,63926.0,14.42159
2026-08-11 06:39:00+00:00,2026-08-11 06:42:00+00:00,63926.0,63968.41,63926.0,63959.53,31.9564
2026-08-11 06:42:00+00:00,2026-08-11 06:45:00+00:00,63959.54,63959.54,63919.99,63920.0,212.34976
2026-08-11 06:45:00+00:00,2026-08-11 06:48:00+00:00,63919.99,63934.78,63919.99,63931.61,13.04514
2026-08-11 06:48:00+00:00,2026-08-11 06:51:00+00:00,63931.61,63934.78,63929.6,63929.61,7.09086
2026-08-11 06:51:00+00:00,2026-08-11 06:54:00+00:00,63929.6,63929.61,63880.5,63880.5,53.37173
2026-08-11 06:54:00+00:00,2026-08-11 06:57:00+00:00,63880.51,63940.01,63852.0,63940.0,123.15375
2026-08-11 06:57:00+00:00,2026-08-11 07:00:00+00:00,63940.01,63969.29,63934.86,63969.28,84.09822
2026-08-11 07:00:00+00:00,2026-08-11 07:03:00+00:00,63969.29,63994.0,63969.28,63994.0,7.75726
2026-08-11 07:03:00+00:00,2026-08-11 07:06:00+00:00,63993.99,64010.73,63981.84,64010.72,15.04372
2026-08-11 07:06:00+00:00,2026-08-11 07:09:00+00:00,64010.73,64010.73,63982.38,63982.4,9.63382
2026-08-11 07:09:00+00:00,2026-08-11 07:12:00+00:00,63982.4,63984.01,63970.92,63971.84,16.70351
2026-08-11 07:12:00+00:00,2026-08-11 07:15:00+00:00,63971.85,63971.85,63970.22,63970.22,9.96438
2026-08-11 07:15:00+00:00,2026-08-11 07:18:00+00:00,63970.22,63970.23,63942.03,63946.19,21.32537
2026-08-11 07:18:00+00:00,2026-08-11 07:21:00+00:00,63946.2,63946.2,63911.09,63911.09,12.90443
2026-08-11 07:21:00+00:00,2026-08-11 07:24:00+00:00,63911.1,63923.69,63911.09,63923.69,11.9678
2026-08-11 07:24:00+00:00,2026-08-11 07:27:00+00:00,63923.69,63923.69,63923.68,63923.68,8.51604
2026-08-11 07:27:00+00:00,2026-08-11 07:30:00+00:00,63923.69,63932.0,63913.09,63913.1,17.89433
2026-08-11 07:30:00+00:00,2026-08-11 07:33:00+00:00,63913.1,63980.0,63913.09,63978.71,50.74895
2026-08-11 07:33:00+00:00,2026-08-11 07:36:00+00:00,63978.72,64036.0,63978.71,64034.75,30.96024
2026-08-11 07:36:00+00:00,2026-08-11 07:39:00+00:00,64034.75,64087.7,64034.75,64084.91,27.42019
2026-08-11 07:39:00+00:00,2026-08-11 07:42:00+00:00,64084.91,64084.91,64070.0,64070.0,12.16795
2026-08-11 07:42:00+00:00,2026-08-11 07:45:00+00:00,64070.01,64075.3,64070.0,64073.26,9.03986
2026-08-11 07:45:00+00:00,2026-08-11 07:48:00+00:00,64073.26,64093.31,64073.25,64091.7,26.96547
2026-08-11 07:48:00+00:00,2026-08-11 07:51:00+00:00,64091.7,64094.89,64079.64,64080.02,16.88059
2026-08-11 07:51:00+00:00,2026-08-11 07:54:00+00:00,64080.03,64108.0,64080.02,64080.47,37.34486
2026-08-11 07:54:00+00:00,2026-08-11 07:57:00+00:00,64080.48,64080.48,64047.99,64047.99,24.56561
2026-08-11 07:57:00+00:00,2026-08-11 08:00:00+00:00,64048.0,64066.0,64047.99,64065.99,13.02605
2026-08-11 08:00:00+00:00,2026-08-11 08:03:00+00:00,64066.0,64100.0,64066.0,64100.0,14.70376
2026-08-11 08:03:00+00:00,2026-08-11 08:06:00+00:00,64099.99,64100.0,64087.91,64087.91,4.59485
2026-08-11 08:06:00+00:00,2026-08-11 08:09:00+00:00,64087.92,64110.82,64080.0,64080.01,9.65454
2026-08-11 08:09:00+00:00,2026-08-11 08:12:00+00:00,64080.01,64080.01,64069.91,64077.99,7.60186
2026-08-11 08:12:00+00:00,2026-08-11 08:15:00+00:00,64078.0,64078.0,64048.99,64048.99,13.66696
2026-08-11 08:15:00+00:00,2026-08-11 08:18:00+00:00,64049.0,64066.0,64044.72,64054.1,10.67114
2026-08-11 08:18:00+00:00,2026-08-11 08:21:00+00:00,64054.1,64054.11,64049.69,64053.57,6.52783
2026-08-11 08:21:00+00:00,2026-08-11 08:24:00+00:00,64053.58,64060.6,64053.57,64060.59,5.89814
2026-08-11 08:24:00+00:00,2026-08-11 08:27:00+00:00,64060.59,64085.19,64060.59,64074.02,5.80835
2026-08-11 08:27:00+00:00,2026-08-11 08:30:00+00:00,64074.02,64074.02,64060.0,64060.01,5.58935
2026-08-11 08:30:00+00:00,2026-08-11 08:33:00+00:00,64060.01,64061.63,64060.0,64061.62,8.99911
2026-08-11 08:33:00+00:00,2026-08-11 08:36:00+00:00,64061.62,64061.63,64061.62,64061.63,2.11035
2026-08-11 08:36:00+00:00,2026-08-11 08:39:00+00:00,64061.62,64080.34,64061.62,64080.34,10.09507
2026-08-11 08:39:00+00:00,2026-08-11 08:42:00+00:00,64080.34,64114.0,64080.33,64114.0,11.10441
2026-08-11 08:42:00+00:00,2026-08-11 08:45:00+00:00,64114.0,64118.0,64113.99,64117.99,9.93144
2026-08-11 08:45:00+00:00,2026-08-11 08:48:00+00:00,64117.99,64118.0,64096.19,64096.19,9.20289
2026-08-11 08:48:00+00:00,2026-08-11 08:51:00+00:00,64096.2,64108.46,64096.01,64108.45,7.36852
2026-08-11 08:51:00+00:00,2026-08-11 08:54:00+00:00,64108.46,64118.0,64108.45,64117.99,3.53723
2026-08-11 08:54:00+00:00,2026-08-11 08:57:00+00:00,64118.0,64148.78,64118.0,64136.26,11.83327
2026-08-11 08:57:00+00:00,2026-08-11 09:00:00+00:00,64136.26,64140.0,64136.25,64136.41,9.76132
2026-08-11 09:00:00+00:00,2026-08-11 09:03:00+00:00,64136.41,64136.41,64136.4,64136.4,8.38308
2026-08-11 09:03:00+00:00,2026-08-11 09:06:00+00:00,64136.41,64150.0,64136.4,64149.99,4.74977
2026-08-11 09:06:00+00:00,2026-08-11 09:09:00+00:00,64150.0,64160.0,64148.65,64148.66,51.81518
2026-08-11 09:09:00+00:00,2026-08-11 09:12:00+00:00,64148.65,64148.66,64121.51,64125.38,44.09219
2026-08-11 09:12:00+00:00,2026-08-11 09:15:00+00:00,64125.38,64130.0,64125.37,64129.98,21.07714
2026-08-11 09:15:00+00:00,2026-08-11 09:18:00+00:00,64129.98,64139.43,64129.98,64139.43,8.75916
2026-08-11 09:18:00+00:00,2026-08-11 09:21:00+00:00,64139.44,64200.0,64139.44,64177.46,45.69542
2026-08-11 09:21:00+00:00,2026-08-11 09:24:00+00:00,64177.45,64193.67,64165.69,64191.99,12.27046
2026-08-11 09:24:00+00:00,2026-08-11 09:27:00+00:00,64191.99,64199.99,64189.95,64193.6,16.8236
2026-08-11 09:27:00+00:00,2026-08-11 09:30:00+00:00,64193.6,64193.6,64190.0,64190.0,1.97449
2026-08-11 09:30:00+00:00,2026-08-11 09:33:00+00:00,64190.01,64238.88,64190.0,64193.08,58.18044
2026-08-11 09:33:00+00:00,2026-08-11 09:36:00+00:00,64193.08,64193.08,64180.6,64185.56,18.74382
2026-08-11 09:36:00+00:00,2026-08-11 09:39:00+00:00,64185.57,64185.57,64185.54,64185.55,5.67987
2026-08-11 09:39:00+00:00,2026-08-11 09:42:00+00:00,64185.54,64238.64,64185.54,64235.57,24.943
2026-08-11 09:42:00+00:00,2026-08-11 09:45:00+00:00,64235.56,64246.97,64234.66,64243.13,16.67366
2026-08-11 09:45:00+00:00,2026-08-11 09:48:00+00:00,64243.13,64268.0,64243.13,64268.0,23.86357
2026-08-11 09:48:00+00:00,2026-08-11 09:51:00+00:00,64268.0,64270.0,64261.35,64261.36,13.84979
2026-08-11 09:51:00+00:00,2026-08-11 09:54:00+00:00,64261.36,64279.82,64245.23,64260.0,27.73183
2026-08-11 09:54:00+00:00,2026-08-11 09:57:00+00:00,64260.0,64261.16,64244.0,64261.16,15.07085
2026-08-11 09:57:00+00:00,2026-08-11 10:00:00+00:00,64261.16,64300.0,64261.15,64300.0,32.86271
2026-08-11 10:00:00+00:00,2026-08-11 10:03:00+00:00,64300.0,64300.0,64274.13,64300.0,20.89823
2026-08-11 10:03:00+00:00,2026-08-11 10:06:00+00:00,64300.0,64312.7,64289.5,64312.69,29.10351
2026-08-11 10:06:00+00:00,2026-08-11 10:09:00+00:00,64312.69,64312.7,64280.78,64284.0,26.8886
2026-08-11 10:09:00+00:00,2026-08-11 10:12:00+00:00,64284.01,64284.01,64258.61,64264.0,14.11524
2026-08-11 10:12:00+00:00,2026-08-11 10:15:00+00:00,64264.0,64264.0,64244.0,64244.0,21.07423
2026-08-11 10:15:00+00:00,2026-08-11 10:18:00+00:00,64244.0,64244.01,64221.27,64234.66,29.34721
2026-08-11 10:18:00+00:00,2026-08-11 10:21:00+00:00,64234.66,64234.67,64232.04,64232.04,9.14692
2026-08-11 10:21:00+00:00,2026-08-11 10:24:00+00:00,64232.05,64240.24,64200.0,64225.0,25.44964
2026-08-11 10:24:00+00:00,2026-08-11 10:27:00+00:00,64225.01,64255.0,64225.0,64252.61,9.51939
2026-08-11 10:27:00+00:00,2026-08-11 10:30:00+00:00,64252.61,64312.46,64252.6,64307.23,15.4599
2026-08-11 10:30:00+00:00,2026-08-11 10:33:00+00:00,64307.23,64312.0,64258.61,64258.62,28.29341
2026-08-11 10:33:00+00:00,2026-08-11 10:36:00+00:00,64258.62,64265.86,64258.61,64258.62,12.52374
2026-08-11 10:36:00+00:00,2026-08-11 10:39:00+00:00,64258.61,64283.56,64258.61,64281.21,25.89169
2026-08-11 10:39:00+00:00,2026-08-11 10:42:00+00:00,64281.21,64281.21,64274.81,64275.99,26.24148
2026-08-11 10:42:00+00:00,2026-08-11 10:45:00+00:00,64275.99,64275.99,64275.98,64275.98,11.37995
2026-08-11 10:45:00+00:00,2026-08-11 10:48:00+00:00,64275.99,64275.99,64230.98,64247.99,43.81762
2026-08-11 10:48:00+00:00,2026-08-11 10:51:00+00:00,64248.0,64260.0,64245.62,64260.0,15.60462
2026-08-11 10:51:00+00:00,2026-08-11 10:54:00+00:00,64260.0,64267.76,64244.92,64244.93,18.8346
2026-08-11 10:54:00+00:00,2026-08-11 10:57:00+00:00,64244.92,64244.93,64219.62,64235.62,16.76016
2026-08-11 10:57:00+00:00,2026-08-11 11:00:00+00:00,64235.62,64235.63,64233.23,64233.23,7.77022
2026-08-11 11:00:00+00:00,2026-08-11 11:03:00+00:00,64233.23,64373.46,64233.23,64373.46,106.19367
2026-08-11 11:03:00+00:00,2026-08-11 11:06:00+00:00,64373.45,64385.58,64358.66,64365.89,33.0043
2026-08-11 11:06:00+00:00,2026-08-11 11:09:00+00:00,64365.89,64365.89,64352.03,64352.03,20.25707
2026-08-11 11:09:00+00:00,2026-08-11 11:12:00+00:00,64352.03,64390.48,64316.78,64384.9,35.18538
2026-08-11 11:12:00+00:00,2026-08-11 11:15:00+00:00,64384.91,64384.91,64358.47,64358.48,33.86261
2026-08-11 11:15:00+00:00,2026-08-11 11:18:00+00:00,64358.48,64358.48,64339.99,64339.99,11.61137
2026-08-11 11:18:00+00:00,2026-08-11 11:21:00+00:00,64339.99,64340.0,64339.99,64340.0,4.45283
2026-08-11 11:21:00+00:00,2026-08-11 11:24:00+00:00,64340.0,64364.68,64339.99,64340.33,16.24135
2026-08-11 11:24:00+00:00,2026-08-11 11:27:00+00:00,64340.32,64340.33,64340.32,64340.32,3.72838
2026-08-11 11:27:00+00:00,2026-08-11 11:30:00+00:00,64340.33,64347.23,64340.32,64340.32,16.75738
2026-08-11 11:30:00+00:00,2026-08-11 11:33:00+00:00,64340.33,64343.88,64340.32,64342.47,10.82327
2026-08-11 11:33:00+00:00,2026-08-11 11:36:00+00:00,64342.46,64344.93,64338.53,64344.93,11.78759
2026-08-11 11:36:00+00:00,2026-08-11 11:39:00+00:00,64344.93,64347.22,64333.46,64333.47,7.76066
2026-08-11 11:39:00+00:00,2026-08-11 11:42:00+00:00,64333.47,64349.51,64333.46,64348.21,11.34248
2026-08-11 11:42:00+00:00,2026-08-11 11:45:00+00:00,64348.21,64348.22,64339.99,64340.0,10.61262
2026-08-11 11:45:00+00:00,2026-08-11 11:48:00+00:00,64340.0,64340.0,64339.99,64340.0,10.01283
2026-08-11 11:48:00+00:00,2026-08-11 11:51:00+00:00,64340.0,64361.63,64330.0,64361.63,131.01432
2026-08-11 11:51:00+00:00,2026-08-11 11:54:00+00:00,64361.63,64377.73,64361.63,64367.49,28.83531
2026-08-11 11:54:00+00:00,2026-08-11 11:57:00+00:00,64367.5,64400.0,64367.49,64399.99,25.88647
2026-08-11 11:57:00+00:00,2026-08-11 12:00:00+00:00,64400.0,64400.0,64389.55,64389.57,8.72793
2026-08-11 12:00:00+00:00,2026-08-11 12:03:00+00:00,64389.58,64436.0,64380.0,64435.29,31.24334
2026-08-11 12:03:00+00:00,2026-08-11 12:06:00+00:00,64435.3,64439.34,64404.0,64429.6,32.81908
2026-08-11 12:06:00+00:00,2026-08-11 12:09:00+00:00,64429.6,64455.0,64429.59,64452.24,17.45756
2026-08-11 12:09:00+00:00,2026-08-11 12:12:00+00:00,64452.23,64515.43,64444.58,64460.17,133.24241
2026-08-11 12:12:00+00:00,2026-08-11 12:15:00+00:00,64460.18,64475.59,64458.0,64475.58,17.12363
2026-08-11 12:15:00+00:00,2026-08-11 12:18:00+00:00,64475.59,64475.59,64442.0,64442.0,30.21788
2026-08-11 12:18:00+00:00,2026-08-11 12:21:00+00:00,64442.01,64442.01,64383.59,64383.59,10.75979
2026-08-11 12:21:00+00:00,2026-08-11 12:24:00+00:00,64383.6,64389.87,64323.33,64323.33,47.78918
2026-08-11 12:24:00+00:00,2026-08-11 12:27:00+00:00,64323.33,64323.33,64294.07,64309.01,54.64413
2026-08-11 12:27:00+00:00,2026-08-11 12:30:00+00:00,64309.01,64330.01,64309.0,64324.7,51.35642
2026-08-11 12:30:00+00:00,2026-08-11 12:33:00+00:00,64324.69,64347.99,64319.08,64329.97,36.22067
2026-08-11 12:33:00+00:00,2026-08-11 12:36:00+00:00,64329.97,64383.87,64329.96,64365.88,27.93619
2026-08-11 12:36:00+00:00,2026-08-11 12:39:00+00:00,64365.88,64365.89,64339.26,64365.56,41.16822
2026-08-11 12:39:00+00:00,2026-08-11 12:42:00+00:00,64365.57,64365.57,64352.0,64352.01,9.39989
2026-08-11 12:42:00+00:00,2026-08-11 12:45:00+00:00,64352.01,64352.01,64328.88,64328.89,6.80344
2026-08-11 12:45:00+00:00,2026-08-11 12:48:00+00:00,64328.88,64333.61,64274.57,64329.2,116.83394
2026-08-11 12:48:00+00:00,2026-08-11 12:51:00+00:00,64329.2,64338.6,64329.19,64338.6,16.45726
2026-08-11 12:51:00+00:00,2026-08-11 12:54:00+00:00,64338.6,64338.6,64331.67,64331.67,9.59361
2026-08-11 12:54:00+00:00,2026-08-11 12:57:00+00:00,64331.67,64331.68,64330.59,64330.59,6.94082
2026-08-11 12:57:00+00:00,2026-08-11 13:00:00+00:00,64330.59,64330.61,64330.0,64330.01,16.42819
2026-08-11 13:00:00+00:00,2026-08-11 13:03:00+00:00,64330.0,64330.0,64325.84,64325.84,17.20139
2026-08-11 13:03:00+00:00,2026-08-11 13:06:00+00:00,64325.85,64325.85,64278.61,64290.2,45.4609
2026-08-11 13:06:00+00:00,2026-08-11 13:09:00+00:00,64290.2,64367.46,64290.2,64367.45,24.42159
2026-08-11 13:09:00+00:00,2026-08-11 13:12:00+00:00,64367.45,64368.42,64332.0,64332.01,18.80435
2026-08-11 13:12:00+00:00,2026-08-11 13:15:00+00:00,64332.01,64332.01,64305.08,64319.62,15.56289
2026-08-11 13:15:00+00:00,2026-08-11 13:18:00+00:00,64319.61,64327.41,64300.0,64300.01,21.72635
2026-08-11 13:18:00+00:00,2026-08-11 13:21:00+00:00,64300.0,64300.01,64256.18,64258.62,35.76764
2026-08-11 13:21:00+00:00,2026-08-11 13:24:00+00:00,64258.62,64263.93,64225.78,64225.78,22.82482
2026-08-11 13:24:00+00:00,2026-08-11 13:27:00+00:00,64225.78,64225.79,64174.0,64174.01,55.04343
2026-08-11 13:27:00+00:00,2026-08-11 13:30:00+00:00,64174.0,64199.57,64174.0,64199.57,40.0479
2026-08-11 13:30:00+00:00,2026-08-11 13:33:00+00:00,64199.57,64240.0,64144.0,64202.99,56.01353
2026-08-11 13:33:00+00:00,2026-08-11 13:36:00+00:00,64203.0,64217.43,64097.02,64100.96,46.71809
2026-08-11 13:36:00+00:00,2026-08-11 13:39:00+00:00,64100.95,64158.0,64050.0,64107.99,85.71599
2026-08-11 13:39:00+00:00,2026-08-11 13:42:00+00:00,64108.0,64188.0,64068.35,64172.47,156.60015
2026-08-11 13:42:00+00:00,2026-08-11 13:45:00+00:00,64172.47,64230.57,64161.23,64169.73,194.25197
2026-08-11 13:45:00+00:00,2026-08-11 13:48:00+00:00,64169.73,64216.0,64098.37,64163.87,199.17334
2026-08-11 13:48:00+00:00,2026-08-11 13:51:00+00:00,64163.87,64200.0,64100.29,64101.07,190.54039
2026-08-11 13:51:00+00:00,2026-08-11 13:54:00+00:00,64101.07,64139.56,64051.0,64139.56,113.35857
2026-08-11 13:54:00+00:00,2026-08-11 13:57:00+00:00,64139.56,64176.0,64092.4,64175.79,31.3661
2026-08-11 13:57:00+00:00,2026-08-11 14:00:00+00:00,64175.8,64211.54,64165.06,64200.28,20.14851
2026-08-11 14:00:00+00:00,2026-08-11 14:03:00+00:00,64200.29,64218.72,64151.34,64155.12,20.58233
2026-08-11 14:03:00+00:00,2026-08-11 14:06:00+00:00,64155.12,64210.3,64155.11,64203.51,21.03324
2026-08-11 14:06:00+00:00,2026-08-11 14:09:00+00:00,64203.51,64226.89,64116.0,64209.99,51.6707
2026-08-11 14:09:00+00:00,2026-08-11 14:12:00+00:00,64210.0,64214.88,64176.54,64192.01,26.18612
2026-08-11 14:12:00+00:00,2026-08-11 14:15:00+00:00,64192.0,64230.0,64175.68,64219.62,22.06017
2026-08-11 14:15:00+00:00,2026-08-11 14:18:00+00:00,64219.63,64263.83,64182.94,64182.94,35.32325
2026-08-11 14:18:00+00:00,2026-08-11 14:21:00+00:00,64182.94,64192.0,64137.56,64160.05,18.2173
2026-08-11 14:21:00+00:00,2026-08-11 14:24:00+00:00,64160.05,64160.06,64061.0,64072.38,28.22208
2026-08-11 14:24:00+00:00,2026-08-11 14:27:00+00:00,64072.37,64083.61,63918.01,64038.6,99.16318
2026-08-11 14:27:00+00:00,2026-08-11 14:30:00+00:00,64038.59,64056.0,63984.0,64026.67,26.33424
2026-08-11 14:30:00+00:00,2026-08-11 14:33:00+00:00,64026.66,64026.67,63956.0,63993.21,41.43232
2026-08-11 14:33:00+00:00,2026-08-11 14:36:00+00:00,63993.21,64062.0,63980.0,64062.0,16.63504
2026-08-11 14:36:00+00:00,2026-08-11 14:39:00+00:00,64062.0,64062.0,63899.1,63932.83,129.27428
2026-08-11 14:39:00+00:00,2026-08-11 14:42:00+00:00,63932.83,63954.18,63898.29,63954.17,36.41099
2026-08-11 14:42:00+00:00,2026-08-11 14:45:00+00:00,63954.17,63978.0,63946.53,63957.64,19.55924
2026-08-11 14:45:00+00:00,2026-08-11 14:48:00+00:00,63958.0,64005.29,63958.0,63980.0,42.01279
2026-08-11 14:48:00+00:00,2026-08-11 14:51:00+00:00,63980.0,63984.43,63860.26,63866.99,45.15705
2026-08-11 14:51:00+00:00,2026-08-11 14:54:00+00:00,63866.98,63876.51,63736.0,63795.86,180.43075
2026-08-11 14:54:00+00:00,2026-08-11 14:57:00+00:00,63795.86,63795.86,63741.48,63770.03,63.2224
2026-08-11 14:57:00+00:00,2026-08-11 15:00:00+00:00,63770.02,63782.76,63714.75,63770.03,62.09566
2026-08-11 15:00:00+00:00,2026-08-11 15:03:00+00:00,63770.03,63840.48,63756.07,63840.48,63.1907
2026-08-11 15:03:00+00:00,2026-08-11 15:06:00+00:00,63840.47,63858.0,63828.25,63841.82,57.42178
2026-08-11 15:06:00+00:00,2026-08-11 15:09:00+00:00,63841.82,63864.36,63800.0,63824.0,42.0221
2026-08-11 15:09:00+00:00,2026-08-11 15:12:00+00:00,63824.0,63824.0,63730.0,63736.07,43.57691
2026-08-11 15:12:00+00:00,2026-08-11 15:15:00+00:00,63736.08,63807.29,63736.07,63782.0,43.21094
2026-08-11 15:15:00+00:00,2026-08-11 15:18:00+00:00,63782.0,63782.0,63735.85,63735.85,54.7021
2026-08-11 15:18:00+00:00,2026-08-11 15:21:00+00:00,63735.85,63780.67,63710.01,63776.0,80.20266
2026-08-11 15:21:00+00:00,2026-08-11 15:24:00+00:00,63775.99,63839.17,63764.43,63796.02,44.29374
2026-08-11 15:24:00+00:00,2026-08-11 15:27:00+00:00,63796.01,63844.51,63788.8,63844.51,63.11263
2026-08-11 15:27:00+00:00,2026-08-11 15:30:00+00:00,63844.51,63868.0,63819.43,63866.53,52.88148
2026-08-11 15:30:00+00:00,2026-08-11 15:33:00+00:00,63866.52,63866.52,63816.0,63816.64,29.21864
2026-08-11 15:33:00+00:00,2026-08-11 15:36:00+00:00,63816.65,63816.65,63688.0,63695.16,65.36599
2026-08-11 15:36:00+00:00,2026-08-11 15:39:00+00:00,63695.16,63695.16,63508.5,63527.71,221.3828
2026-08-11 15:39:00+00:00,2026-08-11 15:42:00+00:00,63527.71,63546.0,63466.0,63467.5,169.60161
2026-08-11 15:42:00+00:00,2026-08-11 15:45:00+00:00,63467.5,63564.0,63451.0,63564.0,63.20097
2026-08-11 15:45:00+00:00,2026-08-11 15:48:00+00:00,63564.0,63635.1,63544.0,63581.11,66.85032
2026-08-11 15:48:00+00:00,2026-08-11 15:51:00+00:00,63581.1,63581.11,63528.0,63575.12,33.37221
2026-08-11 15:51:00+00:00,2026-08-11 15:54:00+00:00,63575.11,63575.12,63500.0,63500.0,21.5058
2026-08-11 15:54:00+00:00,2026-08-11 15:57:00+00:00,63500.01,63548.0,63475.0,63547.99,34.86122
2026-08-11 15:57:00+00:00,2026-08-11 16:00:00+00:00,63548.0,63620.0,63544.0,63609.87,36.59777
2026-08-11 16:00:00+00:00,2026-08-11 16:03:00+00:00,63609.86,63616.0,63542.22,63616.0,86.13055
2026-08-11 16:03:00+00:00,2026-08-11 16:06:00+00:00,63616.0,63642.97,63608.01,63637.14,64.01009
2026-08-11 16:06:00+00:00,2026-08-11 16:09:00+00:00,63637.14,63645.99,63565.28,63591.77,41.70415
2026-08-11 16:09:00+00:00,2026-08-11 16:12:00+00:00,63591.78,63660.0,63591.78,63616.71,31.06831
2026-08-11 16:12:00+00:00,2026-08-11 16:15:00+00:00,63616.72,63616.72,63580.9,63602.0,22.1654
2026-08-11 16:15:00+00:00,2026-08-11 16:18:00+00:00,63602.01,63617.04,63579.97,63614.25,71.2339
2026-08-11 16:18:00+00:00,2026-08-11 16:21:00+00:00,63614.25,63648.0,63614.24,63638.09,22.00487
2026-08-11 16:21:00+00:00,2026-08-11 16:24:00+00:00,63638.09,63644.61,63621.09,63621.1,42.49358
2026-08-11 16:24:00+00:00,2026-08-11 16:27:00+00:00,63621.09,63640.23,63612.47,63613.32,39.69908
2026-08-11 16:27:00+00:00,2026-08-11 16:30:00+00:00,63613.33,63615.54,63590.0,63594.05,31.96777
2026-08-11 16:30:00+00:00,2026-08-11 16:33:00+00:00,63594.05,63619.15,63559.53,63559.53,29.52813
2026-08-11 16:33:00+00:00,2026-08-11 16:36:00+00:00,63559.53,63561.29,63516.79,63516.79,42.65714
2026-08-11 16:36:00+00:00,2026-08-11 16:39:00+00:00,63516.8,63584.0,63510.0,63570.0,25.26666
2026-08-11 16:39:00+00:00,2026-08-11 16:42:00+00:00,63570.01,63570.01,63530.0,63540.74,18.33716
2026-08-11 16:42:00+00:00,2026-08-11 16:45:00+00:00,63540.73,63540.74,63491.83,63493.14,22.5461
2026-08-11 16:45:00+00:00,2026-08-11 16:48:00+00:00,63493.15,63512.0,63459.54,63492.18,59.43071
2026-08-11 16:48:00+00:00,2026-08-11 16:51:00+00:00,63492.19,63545.29,63492.19,63545.29,37.87075
2026-08-11 16:51:00+00:00,2026-08-11 16:54:00+00:00,63545.28,63545.29,63502.0,63503.29,19.62184
2026-08-11 16:54:00+00:00,2026-08-11 16:57:00+00:00,63503.29,63514.19,63503.28,63514.18,15.68943
2026-08-11 16:57:00+00:00,2026-08-11 17:00:00+00:00,63514.19,63521.36,63512.59,63512.59,17.40187
2026-08-11 17:00:00+00:00,2026-08-11 17:03:00+00:00,63512.59,63536.85,63508.52,63514.6,21.69437
2026-08-11 17:03:00+00:00,2026-08-11 17:06:00+00:00,63514.61,63520.8,63484.46,63488.95,16.28016
2026-08-11 17:06:00+00:00,2026-08-11 17:09:00+00:00,63488.95,63494.27,63480.01,63480.01,19.74294
2026-08-11 17:09:00+00:00,2026-08-11 17:12:00+00:00,63480.0,63502.96,63461.88,63502.96,18.43331
2026-08-11 17:12:00+00:00,2026-08-11 17:15:00+00:00,63502.96,63536.84,63502.95,63508.01,30.30539
2026-08-11 17:15:00+00:00,2026-08-11 17:18:00+00:00,63508.01,63541.37,63492.0,63541.36,26.73524
2026-08-11 17:18:00+00:00,2026-08-11 17:21:00+00:00,63541.37,63541.37,63512.24,63512.24,15.81337
2026-08-11 17:21:00+00:00,2026-08-11 17:24:00+00:00,63512.25,63550.59,63504.68,63549.99,18.19175
2026-08-11 17:24:00+00:00,2026-08-11 17:27:00+00:00,63549.99,63606.39,63546.44,63579.33,47.04743
2026-08-11 17:27:00+00:00,2026-08-11 17:30:00+00:00,63579.33,63579.33,63535.18,63575.51,19.51088
2026-08-11 17:30:00+00:00,2026-08-11 17:33:00+00:00,63575.51,63588.51,63555.01,63555.02,14.91388
2026-08-11 17:33:00+00:00,2026-08-11 17:36:00+00:00,63555.02,63582.0,63539.24,63561.47,24.59725
2026-08-11 17:36:00+00:00,2026-08-11 17:39:00+00:00,63561.48,63561.48,63524.0,63524.0,32.29678
2026-08-11 17:39:00+00:00,2026-08-11 17:42:00+00:00,63524.01,63559.92,63522.3,63559.92,31.60601
2026-08-11 17:42:00+00:00,2026-08-11 17:45:00+00:00,63559.92,63581.99,63554.0,63554.0,25.54334
2026-08-11 17:45:00+00:00,2026-08-11 17:48:00+00:00,63554.0,63590.66,63538.01,63580.01,51.44545
2026-08-11 17:48:00+00:00,2026-08-11 17:51:00+00:00,63580.01,63580.01,63536.01,63557.26,19.72046
2026-08-11 17:51:00+00:00,2026-08-11 17:54:00+00:00,63557.26,63576.0,63557.25,63576.0,6.13265
2026-08-11 17:54:00+00:00,2026-08-11 17:57:00+00:00,63575.99,63632.94,63575.99,63616.88,17.7381
2026-08-11 17:57:00+00:00,2026-08-11 18:00:00+00:00,63616.87,63616.87,63600.15,63607.88,25.09362
2026-08-11 18:00:00+00:00,2026-08-11 18:03:00+00:00,63607.87,63626.03,63590.0,63621.02,36.58815
2026-08-11 18:03:00+00:00,2026-08-11 18:06:00+00:00,63621.03,63621.03,63588.0,63598.89,10.80725
2026-08-11 18:06:00+00:00,2026-08-11 18:09:00+00:00,63598.89,63598.89,63550.0,63550.01,17.90114
2026-08-11 18:09:00+00:00,2026-08-11 18:12:00+00:00,63550.0,63564.16,63550.0,63560.8,27.39882
2026-08-11 18:12:00+00:00,2026-08-11 18:15:00+00:00,63560.8,63590.0,63560.79,63589.98,22.6628
2026-08-11 18:15:00+00:00,2026-08-11 18:18:00+00:00,63589.98,63603.47,63580.72,63598.73,11.63724
2026-08-11 18:18:00+00:00,2026-08-11 18:21:00+00:00,63598.73,63599.76,63590.0,63599.76,7.44935
2026-08-11 18:21:00+00:00,2026-08-11 18:24:00+00:00,63599.76,63599.76,63577.32,63589.35,11.62065
2026-08-11 18:24:00+00:00,2026-08-11 18:27:00+00:00,63589.34,63592.51,63548.01,63548.01,31.16745
2026-08-11 18:27:00+00:00,2026-08-11 18:30:00+00:00,63548.01,63548.01,63475.2,63475.66,32.35121
2026-08-11 18:30:00+00:00,2026-08-11 18:33:00+00:00,63475.67,63506.68,63475.67,63488.6,46.22501
2026-08-11 18:33:00+00:00,2026-08-11 18:36:00+00:00,63488.6,63492.0,63281.0,63420.01,210.59696
2026-08-11 18:36:00+00:00,2026-08-11 18:39:00+00:00,63420.0,63450.74,63401.0,63402.28,31.49987
2026-08-11 18:39:00+00:00,2026-08-11 18:42:00+00:00,63402.28,63402.28,63274.0,63284.46,70.95683
2026-08-11 18:42:00+00:00,2026-08-11 18:45:00+00:00,63284.46,63321.82,63251.59,63307.68,55.43461
2026-08-11 18:45:00+00:00,2026-08-11 18:48:00+00:00,63307.67,63348.99,63306.49,63348.99,41.96481
2026-08-11 18:48:00+00:00,2026-08-11 18:51:00+00:00,63348.99,63367.63,63338.15,63359.11,21.46643
2026-08-11 18:51:00+00:00,2026-08-11 18:54:00+00:00,63359.11,63387.82,63359.1,63367.2,22.95071
2026-08-11 18:54:00+00:00,2026-08-11 18:57:00+00:00,63367.2,63372.0,63338.26,63346.85,20.39717
2026-08-11 18:57:00+00:00,2026-08-11 19:00:00+00:00,63346.85,63382.0,63346.85,63373.07,17.94261
2026-08-11 19:00:00+00:00,2026-08-11 19:03:00+00:00,63373.07,63380.0,63354.0,63359.91,21.3004
2026-08-11 19:03:00+00:00,2026-08-11 19:06:00+00:00,63359.91,63370.0,63336.0,63336.0,14.05088
2026-08-11 19:06:00+00:00,2026-08-11 19:09:00+00:00,63336.01,63336.01,63290.0,63290.01,37.00223
2026-08-11 19:09:00+00:00,2026-08-11 19:12:00+00:00,63290.01,63290.01,63238.0,63253.87,46.02097
2026-08-11 19:12:00+00:00,2026-08-11 19:15:00+00:00,63253.87,63287.12,63248.53,63248.54,29.43226
2026-08-11 19:15:00+00:00,2026-08-11 19:18:00+00:00,63248.53,63307.32,63248.53,63304.78,27.77944
2026-08-11 19:18:00+00:00,2026-08-11 19:21:00+00:00,63304.78,63344.54,63304.78,63339.99,19.09271
2026-08-11 19:21:00+00:00,2026-08-11 19:24:00+00:00,63340.0,63384.69,63336.0,63342.01,22.14772
2026-08-11 19:24:00+00:00,2026-08-11 19:27:00+00:00,63342.01,63367.73,63330.0,63364.01,22.08362
2026-08-11 19:27:00+00:00,2026-08-11 19:30:00+00:00,63364.01,63364.01,63354.08,63355.1,5.59908
2026-08-11 19:30:00+00:00,2026-08-11 19:33:00+00:00,63355.1,63418.79,63355.1,63388.01,26.02043
2026-08-11 19:33:00+00:00,2026-08-11 19:36:00+00:00,63388.01,63393.1,63364.72,63364.73,11.45942
2026-08-11 19:36:00+00:00,2026-08-11 19:39:00+00:00,63364.73,63404.0,63364.72,63404.0,23.94043
2026-08-11 19:39:00+00:00,2026-08-11 19:42:00+00:00,63403.99,63438.85,63393.09,63401.99,19.12163
2026-08-11 19:42:00+00:00,2026-08-11 19:45:00+00:00,63401.99,63460.47,63401.99,63453.69,19.17268
2026-08-11 19:45:00+00:00,2026-08-11 19:48:00+00:00,63453.69,63475.79,63442.33,63451.89,34.57163
2026-08-11 19:48:00+00:00,2026-08-11 19:51:00+00:00,63451.9,63451.9,63388.51,63400.0,32.99324
2026-08-11 19:51:00+00:00,2026-08-11 19:54:00+00:00,63399.99,63465.8,63399.99,63448.93,13.72068
2026-08-11 19:54:00+00:00,2026-08-11 19:57:00+00:00,63448.92,63497.26,63448.92,63493.99,10.75691
2026-08-11 19:57:00+00:00,2026-08-11 20:00:00+00:00,63494.0,63536.0,63493.99,63536.0,15.78143
2026-08-11 20:00:00+00:00,2026-08-11 20:03:00+00:00,63536.0,63645.55,63536.0,63624.0,67.78388
2026-08-11 20:03:00+00:00,2026-08-11 20:06:00+00:00,63624.0,63674.01,63620.91,63674.01,16.02665
2026-08-11 20:06:00+00:00,2026-08-11 20:09:00+00:00,63674.01,63715.78,63665.63,63680.38,28.8219
2026-08-11 20:09:00+00:00,2026-08-11 20:12:00+00:00,63680.39,63702.0,63680.01,63681.66,25.06277
2026-08-11 20:12:00+00:00,2026-08-11 20:15:00+00:00,63681.66,63681.66,63668.0,63673.28,12.13942
2026-08-11 20:15:00+00:00,2026-08-11 20:18:00+00:00,63673.27,63673.28,63610.51,63620.43,13.3458
2026-08-11 20:18:00+00:00,2026-08-11 20:21:00+00:00,63620.44,63644.14,63620.43,63644.14,11.74515
2026-08-11 20:21:00+00:00,2026-08-11 20:24:00+00:00,63644.13,63644.14,63632.7,63635.27,2.6426
2026-08-11 20:24:00+00:00,2026-08-11 20:27:00+00:00,63635.26,63635.27,63622.0,63622.28,6.7871
2026-08-11 20:27:00+00:00,2026-08-11 20:30:00+00:00,63622.29,63675.99,63622.28,63675.99,11.90892
2026-08-11 20:30:00+00:00,2026-08-11 20:33:00+00:00,63676.0,63748.21,63676.0,63723.78,18.33539
2026-08-11 20:33:00+00:00,2026-08-11 20:36:00+00:00,63723.78,63723.78,63675.86,63681.4,13.25144
2026-08-11 20:36:00+00:00,2026-08-11 20:39:00+00:00,63681.4,63689.99,63670.4,63689.99,9.49907
2026-08-11 20:39:00+00:00,2026-08-11 20:42:00+00:00,63689.98,63715.66,63689.98,63713.69,4.9102
2026-08-11 20:42:00+00:00,2026-08-11 20:45:00+00:00,63713.68,63713.69,63657.26,63678.0,22.77305
2026-08-11 20:45:00+00:00,2026-08-11 20:48:00+00:00,63678.01,63727.31,63678.0,63727.31,17.95522
2026-08-11 20:48:00+00:00,2026-08-11 20:51:00+00:00,63727.31,63727.31,63698.02,63701.99,7.43581
2026-08-11 20:51:00+00:00,2026-08-11 20:54:00+00:00,63702.0,63709.49,63698.0,63709.49,6.63407
2026-08-11 20:54:00+00:00,2026-08-11 20:57:00+00:00,63709.49,63748.37,63709.48,63742.38,19.30646
2026-08-11 20:57:00+00:00,2026-08-11 21:00:00+00:00,63742.38,63742.38,63732.13,63740.0,5.1923
2026-08-11 21:00:00+00:00,2026-08-11 21:03:00+00:00,63740.0,63747.22,63734.0,63734.0,9.60589
2026-08-11 21:03:00+00:00,2026-08-11 21:06:00+00:00,63734.0,63746.0,63734.0,63745.43,22.57938
2026-08-11 21:06:00+00:00,2026-08-11 21:09:00+00:00,63745.43,63745.44,63742.66,63742.67,2.63507
2026-08-11 21:09:00+00:00,2026-08-11 21:12:00+00:00,63742.67,63753.34,63735.84,63753.33,14.41213
2026-08-11 21:12:00+00:00,2026-08-11 21:15:00+00:00,63753.34,63753.34,63732.36,63735.29,12.82328
2026-08-11 21:15:00+00:00,2026-08-11 21:18:00+00:00,63735.29,63768.58,63675.95,63686.0,41.53744
2026-08-11 21:18:00+00:00,2026-08-11 21:21:00+00:00,63686.0,63694.0,63675.25,63683.2,16.11283
2026-08-11 21:21:00+00:00,2026-08-11 21:24:00+00:00,63683.19,63683.2,63653.75,63657.99,12.08031
2026-08-11 21:24:00+00:00,2026-08-11 21:27:00+00:00,63657.99,63699.17,63657.99,63688.01,14.92157
2026-08-11 21:27:00+00:00,2026-08-11 21:30:00+00:00,63688.0,63693.14,63671.57,63671.6,14.5432
2026-08-11 21:30:00+00:00,2026-08-11 21:33:00+00:00,63671.61,63671.61,63655.0,63655.01,13.4802
2026-08-11 21:33:00+00:00,2026-08-11 21:36:00+00:00,63655.0,63655.01,63623.98,63623.99,10.62079
2026-08-11 21:36:00+00:00,2026-08-11 21:39:00+00:00,63623.98,63655.0,63622.0,63649.16,10.92814
2026-08-11 21:39:00+00:00,2026-08-11 21:42:00+00:00,63649.17,63663.61,63648.36,63663.6,28.40385
2026-08-11 21:42:00+00:00,2026-08-11 21:45:00+00:00,63663.6,63689.05,63660.95,63666.78,14.53222
2026-08-11 21:45:00+00:00,2026-08-11 21:48:00+00:00,63666.78,63686.65,63648.36,63686.65,7.77715
2026-08-11 21:48:00+00:00,2026-08-11 21:51:00+00:00,63686.65,63691.3,63650.0,63650.01,4.4019
2026-08-11 21:51:00+00:00,2026-08-11 21:54:00+00:00,63650.01,63652.63,63648.36,63652.63,5.81727
2026-08-11 21:54:00+00:00,2026-08-11 21:57:00+00:00,63652.63,63679.94,63652.62,63668.02,6.40061
2026-08-11 21:57:00+00:00,2026-08-11 22:00:00+00:00,63668.01,63680.54,63668.01,63672.73,5.80377
2026-08-11 22:00:00+00:00,2026-08-11 22:03:00+00:00,63672.73,63768.0,63672.72,63765.6,16.58044
2026-08-11 22:03:00+00:00,2026-08-11 22:06:00+00:00,63765.6,63765.6,63718.0,63722.26,13.59774
2026-08-11 22:06:00+00:00,2026-08-11 22:09:00+00:00,63722.26,63730.03,63715.3,63715.31,24.10621
2026-08-11 22:09:00+00:00,2026-08-11 22:12:00+00:00,63715.31,63722.11,63706.82,63722.11,12.46091
2026-08-11 22:12:00+00:00,2026-08-11 22:15:00+00:00,63722.1,63739.54,63722.1,63736.0,4.50807
2026-08-11 22:15:00+00:00,2026-08-11 22:18:00+00:00,63736.01,63763.94,63736.0,63754.01,14.87965
2026-08-11 22:18:00+00:00,2026-08-11 22:21:00+00:00,63754.01,63754.01,63703.07,63725.56,45.49244
2026-08-11 22:21:00+00:00,2026-08-11 22:24:00+00:00,63725.57,63725.57,63709.12,63720.3,10.10521
2026-08-11 22:24:00+00:00,2026-08-11 22:27:00+00:00,63720.29,63720.3,63708.0,63708.01,3.08769
2026-08-11 22:27:00+00:00,2026-08-11 22:30:00+00:00,63708.01,63720.29,63708.0,63720.28,5.07627
2026-08-11 22:30:00+00:00,2026-08-11 22:33:00+00:00,63720.28,63726.99,63698.0,63704.01,28.57621
2026-08-11 22:33:00+00:00,2026-08-11 22:36:00+00:00,63704.01,63730.01,63700.0,63726.0,13.32745
2026-08-11 22:36:00+00:00,2026-08-11 22:39:00+00:00,63726.0,63726.0,63685.38,63685.39,10.26187
2026-08-11 22:39:00+00:00,2026-08-11 22:42:00+00:00,63685.39,63686.68,63685.38,63686.68,3.46546
2026-08-11 22:42:00+00:00,2026-08-11 22:45:00+00:00,63686.68,63686.68,63655.0,63655.01,7.30797
2026-08-11 22:45:00+00:00,2026-08-11 22:48:00+00:00,63655.0,63656.13,63633.31,63633.31,9.88427
2026-08-11 22:48:00+00:00,2026-08-11 22:51:00+00:00,63633.31,63639.94,63626.25,63639.94,10.58067
2026-08-11 22:51:00+00:00,2026-08-11 22:54:00+00:00,63639.94,63670.0,63639.93,63660.58,9.93412
2026-08-11 22:54:00+00:00,2026-08-11 22:57:00+00:00,63660.58,63675.59,63660.55,63675.59,7.17174
2026-08-11 22:57:00+00:00,2026-08-11 23:00:00+00:00,63675.59,63675.59,63668.49,63668.49,2.87496
2026-08-11 23:00:00+00:00,2026-08-11 23:03:00+00:00,63668.5,63668.5,63606.42,63606.43,9.90049
2026-08-11 23:03:00+00:00,2026-08-11 23:06:00+00:00,63606.43,63606.43,63565.21,63574.89,11.71279
2026-08-11 23:06:00+00:00,2026-08-11 23:09:00+00:00,63574.89,63574.9,63565.21,63565.22,6.1812
2026-08-11 23:09:00+00:00,2026-08-11 23:12:00+00:00,63565.21,63592.0,63565.21,63588.01,7.67343
2026-08-11 23:12:00+00:00,2026-08-11 23:15:00+00:00,63588.01,63588.69,63580.0,63580.01,2.07775
2026-08-11 23:15:00+00:00,2026-08-11 23:18:00+00:00,63580.0,63580.01,63570.82,63570.83,4.03645
2026-08-11 23:18:00+00:00,2026-08-11 23:21:00+00:00,63570.82,63570.83,63543.55,63569.32,18.1121
2026-08-11 23:21:00+00:00,2026-08-11 23:24:00+00:00,63569.31,63569.32,63569.31,63569.31,1.91104
2026-08-11 23:24:00+00:00,2026-08-11 23:27:00+00:00,63569.32,63614.72,63569.31,63612.65,17.90248
2026-08-11 23:27:00+00:00,2026-08-11 23:30:00+00:00,63612.65,63612.65,63574.25,63593.17,19.8257
2026-08-11 23:30:00+00:00,2026-08-11 23:33:00+00:00,63593.17,63593.17,63582.0,63582.0,14.19231
2026-08-11 23:33:00+00:00,2026-08-11 23:36:00+00:00,63582.01,63617.64,63582.0,63599.97,30.84836
2026-08-11 23:36:00+00:00,2026-08-11 23:39:00+00:00,63599.97,63621.64,63599.96,63615.0,7.37321
2026-08-11 23:39:00+00:00,2026-08-11 23:42:00+00:00,63615.0,63636.0,63604.0,63636.0,5.96836
2026-08-11 23:42:00+00:00,2026-08-11 23:45:00+00:00,63636.0,63639.85,63627.23,63639.84,13.11234
2026-08-11 23:45:00+00:00,2026-08-11 23:48:00+00:00,63639.85,63642.33,63638.73,63638.77,9.2524
2026-08-11 23:48:00+00:00,2026-08-11 23:51:00+00:00,63638.78,63638.78,63630.0,63630.0,4.17053
2026-08-11 23:51:00+00:00,2026-08-11 23:54:00+00:00,63630.01,63650.0,63612.12,63612.12,12.05128
2026-08-11 23:54:00+00:00,2026-08-11 23:57:00+00:00,63612.13,63620.0,63612.12,63612.12,2.70772
2026-08-11 23:57:00+00:00,2026-08-12 00:00:00+00:00,63612.12,63612.13,63600.0,63600.0,5.81888
2026-08-12 00:00:00+00:00,2026-08-12 00:03:00+00:00,63600.01,63600.01,63546.0,63582.71,50.03298
2026-08-12 00:03:00+00:00,2026-08-12 00:06:00+00:00,63582.72,63589.48,63562.29,63571.11,9.76736
2026-08-12 00:06:00+00:00,2026-08-12 00:09:00+00:00,63571.11,63571.11,63534.01,63560.4,17.86768
2026-08-12 00:09:00+00:00,2026-08-12 00:12:00+00:00,63560.4,63575.09,63544.0,63544.0,7.37698
2026-08-12 00:12:00+00:00,2026-08-12 00:15:00+00:00,63544.01,63607.58,63544.0,63607.57,8.78099
2026-08-12 00:15:00+00:00,2026-08-12 00:18:00+00:00,63607.57,63607.57,63578.0,63578.01,7.26593
2026-08-12 00:18:00+00:00,2026-08-12 00:21:00+00:00,63578.01,63644.71,63578.0,63643.42,9.73493
2026-08-12 00:21:00+00:00,2026-08-12 00:24:00+00:00,63643.42,63656.0,63631.06,63649.87,12.36976
2026-08-12 00:24:00+00:00,2026-08-12 00:27:00+00:00,63649.86,63685.4,63649.86,63683.11,17.40035
2026-08-12 00:27:00+00:00,2026-08-12 00:30:00+00:00,63683.11,63698.0,63666.9,63666.91,12.06495
2026-08-12 00:30:00+00:00,2026-08-12 00:33:00+00:00,63666.91,63703.84,63666.91,63703.83,23.90036
2026-08-12 00:33:00+00:00,2026-08-12 00:36:00+00:00,63703.83,63719.67,63691.85,63719.67,14.49855
2026-08-12 00:36:00+00:00,2026-08-12 00:39:00+00:00,63719.66,63720.0,63716.0,63718.72,7.50226
2026-08-12 00:39:00+00:00,2026-08-12 00:42:00+00:00,63718.72,63721.06,63698.83,63714.13,8.65433
2026-08-12 00:42:00+00:00,2026-08-12 00:45:00+00:00,63714.12,63718.0,63714.12,63718.0,2.09138
2026-08-12 00:45:00+00:00,2026-08-12 00:48:00+00:00,63718.0,63736.25,63717.99,63722.26,13.53445
2026-08-12 00:48:00+00:00,2026-08-12 00:51:00+00:00,63722.27,63738.98,63722.26,63738.98,3.38936
2026-08-12 00:51:00+00:00,2026-08-12 00:54:00+00:00,63738.98,63745.53,63736.22,63736.22,7.89671
2026-08-12 00:54:00+00:00,2026-08-12 00:57:00+00:00,63736.22,63737.48,63736.22,63737.48,5.69245
2026-08-12 00:57:00+00:00,2026-08-12 01:00:00+00:00,63737.47,63742.07,63737.47,63742.07,7.59921
2026-08-12 01:00:00+00:00,2026-08-12 01:03:00+00:00,63742.07,63769.53,63730.0,63730.0,16.88528
2026-08-12 01:03:00+00:00,2026-08-12 01:06:00+00:00,63730.0,63758.0,63713.4,63757.99,22.29264
2026-08-12 01:06:00+00:00,2026-08-12 01:09:00+00:00,63758.0,63758.0,63734.72,63752.89,20.77134
2026-08-12 01:09:00+00:00,2026-08-12 01:12:00+00:00,63752.88,63760.0,63732.0,63760.0,21.79536
2026-08-12 01:12:00+00:00,2026-08-12 01:15:00+00:00,63760.0,63784.34,63759.99,63784.33,6.19939
2026-08-12 01:15:00+00:00,2026-08-12 01:18:00+00:00,63784.34,63784.34,63742.0,63751.79,25.57891
2026-08-12 01:18:00+00:00,2026-08-12 01:21:00+00:00,63751.78,63770.35,63742.26,63770.35,14.22513
2026-08-12 01:21:00+00:00,2026-08-12 01:24:00+00:00,63770.34,63770.35,63750.0,63750.0,12.98049
2026-08-12 01:24:00+00:00,2026-08-12 01:27:00+00:00,63750.01,63774.82,63750.0,63763.74,10.9502
2026-08-12 01:27:00+00:00,2026-08-12 01:30:00+00:00,63763.74,63764.3,63752.18,63752.19,5.93147
2026-08-12 01:30:00+00:00,2026-08-12 01:33:00+00:00,63752.18,63752.18,63698.18,63699.17,16.37999
2026-08-12 01:33:00+00:00,2026-08-12 01:36:00+00:00,63699.17,63729.29,63699.16,63729.29,5.6291
2026-08-12 01:36:00+00:00,2026-08-12 01:39:00+00:00,63729.29,63764.3,63729.28,63764.3,6.45447
2026-08-12 01:39:00+00:00,2026-08-12 01:42:00+00:00,63764.3,63797.53,63764.3,63782.41,13.20075
2026-08-12 01:42:00+00:00,2026-08-12 01:45:00+00:00,63782.4,63820.58,63782.4,63820.58,6.77917
2026-08-12 01:45:00+00:00,2026-08-12 01:48:00+00:00,63820.58,63822.19,63802.11,63822.19,8.11503
2026-08-12 01:48:00+00:00,2026-08-12 01:51:00+00:00,63822.19,63850.02,63822.18,63850.02,10.34435
2026-08-12 01:51:00+00:00,2026-08-12 01:54:00+00:00,63850.05,63855.5,63842.1,63842.11,10.80982
2026-08-12 01:54:00+00:00,2026-08-12 01:57:00+00:00,63842.11,63842.35,63808.78,63815.99,16.29989
2026-08-12 01:57:00+00:00,2026-08-12 02:00:00+00:00,63816.0,63844.88,63789.99,63813.8,248.3008
2026-08-12 02:00:00+00:00,2026-08-12 02:03:00+00:00,63813.8,63841.7,63813.8,63832.98,10.11869
2026-08-12 02:03:00+00:00,2026-08-12 02:06:00+00:00,63832.97,63832.98,63814.39,63828.74,17.03956
2026-08-12 02:06:00+00:00,2026-08-12 02:09:00+00:00,63828.74,63879.99,63828.74,63854.0,22.76093
2026-08-12 02:09:00+00:00,2026-08-12 02:12:00+00:00,63854.01,63872.21,63840.27,63840.27,14.33
2026-08-12 02:12:00+00:00,2026-08-12 02:15:00+00:00,63840.28,63870.01,63836.69,63851.84,131.15323
2026-08-12 02:15:00+00:00,2026-08-12 02:18:00+00:00,63851.84,63864.13,63851.83,63859.01,9.91152
2026-08-12 02:18:00+00:00,2026-08-12 02:21:00+00:00,63859.01,63859.02,63842.0,63842.01,6.36417
2026-08-12 02:21:00+00:00,2026-08-12 02:24:00+00:00,63842.01,63842.01,63782.41,63782.41,17.47309
2026-08-12 02:24:00+00:00,2026-08-12 02:27:00+00:00,63782.42,63840.0,63782.42,63812.5,131.45268
2026-08-12 02:27:00+00:00,2026-08-12 02:30:00+00:00,63812.49,63898.3,63812.49,63898.29,153.62003
2026-08-12 02:30:00+00:00,2026-08-12 02:33:00+00:00,63898.3,63908.01,63855.76,63855.76,18.73557
2026-08-12 02:33:00+00:00,2026-08-12 02:36:00+00:00,63855.76,63855.76,63822.72,63822.72,6.97711
2026-08-12 02:36:00+00:00,2026-08-12 02:39:00+00:00,63822.73,63822.73,63785.61,63797.96,10.1931
2026-08-12 02:39:00+00:00,2026-08-12 02:42:00+00:00,63797.96,63797.97,63764.29,63767.3,12.79482
2026-08-12 02:42:00+00:00,2026-08-12 02:45:00+00:00,63767.29,63790.0,63766.79,63778.48,7.9048
2026-08-12 02:45:00+00:00,2026-08-12 02:48:00+00:00,63778.47,63778.48,63764.29,63770.13,11.24369
2026-08-12 02:48:00+00:00,2026-08-12 02:51:00+00:00,63770.12,63783.1,63769.94,63776.68,9.06756
2026-08-12 02:51:00+00:00,2026-08-12 02:54:00+00:00,63776.69,63776.69,63766.87,63766.88,5.9415
2026-08-12 02:54:00+00:00,2026-08-12 02:57:00+00:00,63766.88,63773.7,63736.01,63736.01,8.0156
2026-08-12 02:57:00+00:00,2026-08-12 03:00:00+00:00,63736.01,63749.76,63730.72,63749.76,7.19367
2026-08-12 03:00:00+00:00,2026-08-12 03:03:00+00:00,63749.77,63797.99,63749.77,63797.99,6.26729
2026-08-12 03:03:00+00:00,2026-08-12 03:06:00+00:00,63797.99,63798.0,63791.9,63791.91,6.47943
2026-08-12 03:06:00+00:00,2026-08-12 03:09:00+00:00,63791.9,63791.91,63779.62,63779.62,6.89634
2026-08-12 03:09:00+00:00,2026-08-12 03:12:00+00:00,63779.63,63779.63,63719.97,63720.0,92.95583
2026-08-12 03:12:00+00:00,2026-08-12 03:15:00+00:00,63720.0,63736.0,63709.85,63713.08,103.03858
2026-08-12 03:15:00+00:00,2026-08-12 03:18:00+00:00,63713.08,63745.96,63709.85,63715.63,41.38098
2026-08-12 03:18:00+00:00,2026-08-12 03:21:00+00:00,63715.63,63736.66,63715.63,63722.73,9.7962
2026-08-12 03:21:00+00:00,2026-08-12 03:24:00+00:00,63722.72,63745.92,63722.72,63745.92,14.27955
2026-08-12 03:24:00+00:00,2026-08-12 03:27:00+00:00,63745.92,63779.17,63745.91,63776.38,7.71558
2026-08-12 03:27:00+00:00,2026-08-12 03:30:00+00:00,63776.37,63776.38,63740.8,63756.58,9.2811
2026-08-12 03:30:00+00:00,2026-08-12 03:33:00+00:00,63756.57,63790.21,63738.08,63790.2,9.2138
2026-08-12 03:33:00+00:00,2026-08-12 03:36:00+00:00,63790.21,63836.0,63790.2,63830.0,18.31118
2026-08-12 03:36:00+00:00,2026-08-12 03:39:00+00:00,63830.0,63845.91,63820.0,63835.54,27.14124
2026-08-12 03:39:00+00:00,2026-08-12 03:42:00+00:00,63835.54,63839.45,63830.0,63831.94,13.22755
2026-08-12 03:42:00+00:00,2026-08-12 03:45:00+00:00,63831.94,63831.94,63814.79,63814.79,5.87299
2026-08-12 03:45:00+00:00,2026-08-12 03:48:00+00:00,63814.79,63814.79,63800.0,63808.0,5.43927
2026-08-12 03:48:00+00:00,2026-08-12 03:51:00+00:00,63808.0,63822.42,63802.81,63817.99,8.01963
2026-08-12 03:51:00+00:00,2026-08-12 03:54:00+00:00,63818.0,63818.0,63788.84,63788.85,19.4034
2026-08-12 03:54:00+00:00,2026-08-12 03:57:00+00:00,63788.84,63789.0,63780.0,63780.01,12.62003
2026-08-12 03:57:00+00:00,2026-08-12 04:00:00+00:00,63780.01,63844.79,63780.0,63835.59,121.51377
2026-08-12 04:00:00+00:00,2026-08-12 04:03:00+00:00,63835.58,63840.37,63835.58,63836.01,7.72057
2026-08-12 04:03:00+00:00,2026-08-12 04:06:00+00:00,63836.0,63840.0,63832.94,63832.95,4.85076
2026-08-12 04:06:00+00:00,2026-08-12 04:09:00+00:00,63832.94,63832.95,63795.21,63795.22,4.96488
2026-08-12 04:09:00+00:00,2026-08-12 04:12:00+00:00,63795.22,63808.0,63768.0,63773.28,9.82511
2026-08-12 04:12:00+00:00,2026-08-12 04:15:00+00:00,63773.28,63790.43,63773.28,63785.62,6.08384
2026-08-12 04:15:00+00:00,2026-08-12 04:18:00+00:00,63785.63,63798.58,63785.62,63797.56,5.21211
2026-08-12 04:18:00+00:00,2026-08-12 04:21:00+00:00,63797.56,63824.0,63790.0,63824.0,39.65339
2026-08-12 04:21:00+00:00,2026-08-12 04:24:00+00:00,63824.0,63891.42,63823.99,63861.91,17.12903
2026-08-12 04:24:00+00:00,2026-08-12 04:27:00+00:00,63861.91,63878.0,63844.0,63844.0,11.41255
2026-08-12 04:27:00+00:00,2026-08-12 04:30:00+00:00,63844.01,63844.01,63796.8,63796.81,42.42021
2026-08-12 04:30:00+00:00,2026-08-12 04:33:00+00:00,63796.8,63796.8,63739.99,63739.99,16.63032
2026-08-12 04:33:00+00:00,2026-08-12 04:36:00+00:00,63740.0,63754.0,63739.99,63742.01,5.42522
2026-08-12 04:36:00+00:00,2026-08-12 04:39:00+00:00,63742.0,63742.01,63742.0,63742.01,3.47872
2026-08-12 04:39:00+00:00,2026-08-12 04:42:00+00:00,63742.01,63773.32,63742.01,63773.32,12.09655
2026-08-12 04:42:00+00:00,2026-08-12 04:45:00+00:00,63773.32,63776.0,63754.0,63771.13,10.16125
2026-08-12 04:45:00+00:00,2026-08-12 04:48:00+00:00,63771.12,63789.59,63761.64,63789.59,14.77752
2026-08-12 04:48:00+00:00,2026-08-12 04:51:00+00:00,63789.59,63817.04,63789.58,63815.14,5.89498
2026-08-12 04:51:00+00:00,2026-08-12 04:54:00+00:00,63815.14,63830.0,63814.31,63821.83,5.00005
2026-08-12 04:54:00+00:00,2026-08-12 04:57:00+00:00,63821.83,63824.0,63805.24,63811.13,35.6756
2026-08-12 04:57:00+00:00,2026-08-12 05:00:00+00:00,63811.14,63811.52,63749.99,63769.58,309.94665
2026-08-12 05:00:00+00:00,2026-08-12 05:03:00+00:00,63769.58,63769.58,63742.0,63742.0,9.8442
2026-08-12 05:03:00+00:00,2026-08-12 05:06:00+00:00,63742.01,63742.01,63724.25,63730.51,7.42389
2026-08-12 05:06:00+00:00,2026-08-12 05:09:00+00:00,63730.51,63745.61,63730.5,63745.6,6.46081
2026-08-12 05:09:00+00:00,2026-08-12 05:12:00+00:00,63745.61,63802.03,63745.6,63800.74,11.39743
2026-08-12 05:12:00+00:00,2026-08-12 05:15:00+00:00,63800.75,63816.98,63800.0,63816.98,7.80142
2026-08-12 05:15:00+00:00,2026-08-12 05:18:00+00:00,63816.98,63824.0,63816.97,63824.0,3.79847
2026-08-12 05:18:00+00:00,2026-08-12 05:21:00+00:00,63823.99,63824.0,63816.0,63816.0,5.37232
2026-08-12 05:21:00+00:00,2026-08-12 05:24:00+00:00,63816.01,63835.94,63814.76,63814.77,10.35295
2026-08-12 05:24:00+00:00,2026-08-12 05:27:00+00:00,63814.77,63836.49,63814.76,63836.48,35.27592
2026-08-12 05:27:00+00:00,2026-08-12 05:30:00+00:00,63836.49,63838.53,63836.48,63838.53,3.85783
2026-08-12 05:30:00+00:00,2026-08-12 05:33:00+00:00,63838.53,63869.5,63838.52,63869.49,6.87252
2026-08-12 05:33:00+00:00,2026-08-12 05:36:00+00:00,63869.49,63869.5,63850.0,63850.01,14.67303
2026-08-12 05:36:00+00:00,2026-08-12 05:39:00+00:00,63850.0,63864.06,63850.0,63860.81,14.09562
2026-08-12 05:39:00+00:00,2026-08-12 05:42:00+00:00,63860.8,63860.81,63829.53,63829.53,12.5801
2026-08-12 05:42:00+00:00,2026-08-12 05:45:00+00:00,63829.53,63869.56,63824.72,63852.62,170.86634
2026-08-12 05:45:00+00:00,2026-08-12 05:48:00+00:00,63852.63,63856.0,63852.62,63854.45,5.63822
2026-08-12 05:48:00+00:00,2026-08-12 05:51:00+00:00,63854.45,63864.12,63821.44,63821.44,26.33851
2026-08-12 05:51:00+00:00,2026-08-12 05:54:00+00:00,63821.45,63860.01,63821.45,63829.54,27.32481
2026-08-12 05:54:00+00:00,2026-08-12 05:57:00+00:00,63829.54,63843.13,63821.67,63838.15,42.08295
2026-08-12 05:57:00+00:00,2026-08-12 06:00:00+00:00,63838.14,63865.01,63834.96,63849.94,118.40826
2026-08-12 06:00:00+00:00,2026-08-12 06:03:00+00:00,63849.94,63849.94,63780.83,63788.61,107.4388
2026-08-12 06:03:00+00:00,2026-08-12 06:06:00+00:00,63788.61,63799.16,63785.65,63793.65,12.48677
2026-08-12 06:06:00+00:00,2026-08-12 06:09:00+00:00,63793.65,63793.66,63760.0,63760.0,16.96521
2026-08-12 06:09:00+00:00,2026-08-12 06:12:00+00:00,63760.0,63760.01,63734.81,63734.81,8.97873
2026-08-12 06:12:00+00:00,2026-08-12 06:15:00+00:00,63734.81,63734.82,63709.58,63709.58,5.26702
2026-08-12 06:15:00+00:00,2026-08-12 06:18:00+00:00,63709.58,63754.0,63683.94,63753.85,41.68051
2026-08-12 06:18:00+00:00,2026-08-12 06:21:00+00:00,63753.84,63753.85,63693.63,63693.63,17.30092
2026-08-12 06:21:00+00:00,2026-08-12 06:24:00+00:00,63693.63,63693.64,63634.32,63642.15,32.72464
2026-08-12 06:24:00+00:00,2026-08-12 06:27:00+00:00,63642.16,63642.16,63622.26,63635.99,36.90236
2026-08-12 06:27:00+00:00,2026-08-12 06:30:00+00:00,63635.99,63644.0,63635.99,63636.95,24.44509
2026-08-12 06:30:00+00:00,2026-08-12 06:33:00+00:00,63636.94,63636.95,63606.15,63606.9,23.88038
2026-08-12 06:33:00+00:00,2026-08-12 06:36:00+00:00,63606.91,63678.0,63606.9,63654.41,40.21264
2026-08-12 06:36:00+00:00,2026-08-12 06:39:00+00:00,63654.4,63673.48,63650.0,63650.58,16.68526
2026-08-12 06:39:00+00:00,2026-08-12 06:42:00+00:00,63650.58,63661.6,63642.14,63642.15,14.77311
2026-08-12 06:42:00+00:00,2026-08-12 06:45:00+00:00,63642.15,63653.77,63636.89,63653.77,23.368
2026-08-12 06:45:00+00:00,2026-08-12 06:48:00+00:00,63653.77,63679.13,63653.77,63679.12,23.00684
2026-08-12 06:48:00+00:00,2026-08-12 06:51:00+00:00,63679.13,63679.13,63669.64,63669.65,20.88822
2026-08-12 06:51:00+00:00,2026-08-12 06:54:00+00:00,63669.65,63669.65,63633.14,63634.03,24.68723
2026-08-12 06:54:00+00:00,2026-08-12 06:57:00+00:00,63634.02,63652.06,63630.88,63651.98,25.40902
2026-08-12 06:57:00+00:00,2026-08-12 07:00:00+00:00,63651.98,63711.97,63651.97,63711.97,46.1863
2026-08-12 07:00:00+00:00,2026-08-12 07:03:00+00:00,63711.97,63724.89,63710.0,63724.89,25.06576
2026-08-12 07:03:00+00:00,2026-08-12 07:06:00+00:00,63724.89,63767.84,63724.89,63767.84,29.21605
2026-08-12 07:06:00+00:00,2026-08-12 07:09:00+00:00,63767.84,63799.15,63764.61,63796.66,23.22168
2026-08-12 07:09:00+00:00,2026-08-12 07:12:00+00:00,63796.65,63796.65,63775.63,63775.64,20.66181
2026-08-12 07:12:00+00:00,2026-08-12 07:15:00+00:00,63775.64,63776.93,63756.0,63760.57,25.89607
2026-08-12 07:15:00+00:00,2026-08-12 07:18:00+00:00,63760.57,63760.57,63752.0,63752.0,18.8177
2026-08-12 07:18:00+00:00,2026-08-12 07:21:00+00:00,63752.0,63752.0,63729.25,63729.25,16.43486
2026-08-12 07:21:00+00:00,2026-08-12 07:24:00+00:00,63729.26,63729.26,63729.25,63729.26,11.15025
2026-08-12 07:24:00+00:00,2026-08-12 07:27:00+00:00,63729.26,63736.62,63729.25,63736.61,17.2036
2026-08-12 07:27:00+00:00,2026-08-12 07:30:00+00:00,63736.62,63748.19,63736.0,63736.01,30.52453
2026-08-12 07:30:00+00:00,2026-08-12 07:33:00+00:00,63736.01,63771.72,63736.0,63771.71,38.42515
2026-08-12 07:33:00+00:00,2026-08-12 07:36:00+00:00,63771.72,63772.82,63758.0,63758.01,33.50828
2026-08-12 07:36:00+00:00,2026-08-12 07:39:00+00:00,63758.01,63758.01,63699.42,63699.42,25.78258
2026-08-12 07:39:00+00:00,2026-08-12 07:42:00+00:00,63699.43,63705.35,63685.13,63690.53,21.20249
2026-08-12 07:42:00+00:00,2026-08-12 07:45:00+00:00,63690.53,63702.53,63690.52,63700.97,19.5428
2026-08-12 07:45:00+00:00,2026-08-12 07:48:00+00:00,63700.97,63700.97,63644.1,63689.87,33.06366
2026-08-12 07:48:00+00:00,2026-08-12 07:51:00+00:00,63689.87,63694.99,63689.86,63694.99,13.29959
2026-08-12 07:51:00+00:00,2026-08-12 07:54:00+00:00,63694.98,63731.2,63694.98,63731.2,14.52013
2026-08-12 07:54:00+00:00,2026-08-12 07:57:00+00:00,63731.2,63776.66,63731.19,63776.65,17.14874
2026-08-12 07:57:00+00:00,2026-08-12 08:00:00+00:00,63776.66,63838.0,63776.65,63837.99,23.74463
2026-08-12 08:00:00+00:00,2026-08-12 08:03:00+00:00,63838.0,63838.0,63790.36,63828.0,26.16252
2026-08-12 08:03:00+00:00,2026-08-12 08:06:00+00:00,63828.0,63867.2,63828.0,63836.92,26.46959
2026-08-12 08:06:00+00:00,2026-08-12 08:09:00+00:00,63836.93,63865.51,63829.53,63833.66,17.97047
2026-08-12 08:09:00+00:00,2026-08-12 08:12:00+00:00,63833.66,63840.0,63804.0,63812.93,16.86397
2026-08-12 08:12:00+00:00,2026-08-12 08:15:00+00:00,63812.92,63812.93,63784.01,63791.77,26.0112
2026-08-12 08:15:00+00:00,2026-08-12 08:18:00+00:00,63791.77,63817.03,63791.76,63817.02,26.45729
2026-08-12 08:18:00+00:00,2026-08-12 08:21:00+00:00,63817.02,63831.0,63817.02,63831.0,15.1677
2026-08-12 08:21:00+00:00,2026-08-12 08:24:00+00:00,63831.0,63836.0,63799.93,63826.56,36.91007
2026-08-12 08:24:00+00:00,2026-08-12 08:27:00+00:00,63826.57,63832.0,63818.0,63831.74,11.18863
2026-08-12 08:27:00+00:00,2026-08-12 08:30:00+00:00,63831.74,63834.0,63812.11,63824.47,12.5416
2026-08-12 08:30:00+00:00,2026-08-12 08:33:00+00:00,63824.47,63824.47,63773.98,63773.98,17.52564
2026-08-12 08:33:00+00:00,2026-08-12 08:36:00+00:00,63773.99,63794.65,63773.99,63794.64,6.64913
2026-08-12 08:36:00+00:00,2026-08-12 08:39:00+00:00,63794.65,63796.0,63778.11,63795.99,6.38173
2026-08-12 08:39:00+00:00,2026-08-12 08:42:00+00:00,63795.99,63802.0,63788.0,63788.01,4.8512
2026-08-12 08:42:00+00:00,2026-08-12 08:45:00+00:00,63788.0,63788.01,63779.35,63779.37,4.45018
2026-08-12 08:45:00+00:00,2026-08-12 08:48:00+00:00,63779.37,63813.73,63779.36,63813.73,5.62961
2026-08-12 08:48:00+00:00,2026-08-12 08:51:00+00:00,63813.74,63824.13,63786.0,63791.34,22.77949
2026-08-12 08:51:00+00:00,2026-08-12 08:54:00+00:00,63791.34,63797.94,63782.77,63789.99,10.7627
2026-08-12 08:54:00+00:00,2026-08-12 08:57:00+00:00,63789.99,63793.81,63787.1,63793.81,6.14346
2026-08-12 08:57:00+00:00,2026-08-12 09:00:00+00:00,63793.8,63794.95,63793.8,63794.94,2.20341
2026-08-12 09:00:00+00:00,2026-08-12 09:03:00+00:00,63794.95,63794.95,63768.01,63790.24,10.40578
2026-08-12 09:03:00+00:00,2026-08-12 09:06:00+00:00,63790.24,63807.42,63790.23,63800.07,9.50996
2026-08-12 09:06:00+00:00,2026-08-12 09:09:00+00:00,63800.06,63842.07,63800.06,63842.07,8.87784
2026-08-12 09:09:00+00:00,2026-08-12 09:12:00+00:00,63842.07,63862.29,63842.07,63862.29,9.16575
2026-08-12 09:12:00+00:00,2026-08-12 09:15:00+00:00,63862.29,63862.29,63852.14,63856.0,5.59077
2026-08-12 09:15:00+00:00,2026-08-12 09:18:00+00:00,63856.0,63878.88,63855.99,63873.51,17.19707
2026-08-12 09:18:00+00:00,2026-08-12 09:21:00+00:00,63873.5,63970.0,63870.05,63966.42,57.12487
2026-08-12 09:21:00+00:00,2026-08-12 09:24:00+00:00,63966.43,63966.43,63908.57,63947.97,29.35343
2026-08-12 09:24:00+00:00,2026-08-12 09:27:00+00:00,63947.96,64002.0,63944.0,63960.64,82.01907
2026-08-12 09:27:00+00:00,2026-08-12 09:30:00+00:00,63960.64,63984.0,63936.8,63983.99,20.47757
2026-08-12 09:30:00+00:00,2026-08-12 09:33:00+00:00,63983.99,64086.0,63983.99,64076.81,61.82817
2026-08-12 09:33:00+00:00,2026-08-12 09:36:00+00:00,64076.8,64076.81,63994.98,64027.32,31.08091
2026-08-12 09:36:00+00:00,2026-08-12 09:39:00+00:00,64027.32,64088.0,64027.31,64064.0,23.04273
2026-08-12 09:39:00+00:00,2026-08-12 09:42:00+00:00,64064.01,64064.01,64010.0,64010.0,14.84678
2026-08-12 09:42:00+00:00,2026-08-12 09:45:00+00:00,64010.01,64044.0,64006.0,64042.55,7.52899
2026-08-12 09:45:00+00:00,2026-08-12 09:48:00+00:00,64042.55,64067.11,64040.0,64060.22,12.81145
2026-08-12 09:48:00+00:00,2026-08-12 09:51:00+00:00,64060.21,64130.47,64051.52,64090.0,113.98718
2026-08-12 09:51:00+00:00,2026-08-12 09:54:00+00:00,64090.0,64090.0,64034.0,64053.65,18.46481
2026-08-12 09:54:00+00:00,2026-08-12 09:57:00+00:00,64053.65,64083.47,64053.65,64083.47,7.86265
2026-08-12 09:57:00+00:00,2026-08-12 10:00:00+00:00,64083.46,64108.82,64083.46,64108.81,12.35408
2026-08-12 10:00:00+00:00,2026-08-12 10:03:00+00:00,64108.82,64218.0,64102.4,64186.8,76.54402
2026-08-12 10:03:00+00:00,2026-08-12 10:06:00+00:00,64186.79,64200.0,64118.45,64119.67,106.00072
2026-08-12 10:06:00+00:00,2026-08-12 10:09:00+00:00,64119.67,64151.8,64119.67,64130.06,95.73628
2026-08-12 10:09:00+00:00,2026-08-12 10:12:00+00:00,64130.05,64154.84,64107.69,64151.7,96.4716
2026-08-12 10:12:00+00:00,2026-08-12 10:15:00+00:00,64151.69,64162.02,64123.63,64123.63,107.78237
2026-08-12 10:15:00+00:00,2026-08-12 10:18:00+00:00,64123.64,64123.64,64070.97,64070.97,92.99873
2026-08-12 10:18:00+00:00,2026-08-12 10:21:00+00:00,64070.97,64105.43,64061.92,64103.34,110.78067
2026-08-12 10:21:00+00:00,2026-08-12 10:24:00+00:00,64103.34,64133.61,64090.93,64096.06,76.83112
2026-08-12 10:24:00+00:00,2026-08-12 10:27:00+00:00,64097.34,64097.34,64069.66,64074.29,19.59843
2026-08-12 10:27:00+00:00,2026-08-12 10:30:00+00:00,64074.29,64080.09,64059.99,64068.0,35.39307
2026-08-12 10:30:00+00:00,2026-08-12 10:33:00+00:00,64068.0,64113.61,64068.0,64113.61,13.78427
2026-08-12 10:33:00+00:00,2026-08-12 10:36:00+00:00,64113.6,64156.0,64113.6,64130.73,36.11818
2026-08-12 10:36:00+00:00,2026-08-12 10:39:00+00:00,64130.72,64130.72,64098.65,64098.65,10.17854
2026-08-12 10:39:00+00:00,2026-08-12 10:42:00+00:00,64098.66,64154.07,64098.65,64142.54,12.90449
2026-08-12 10:42:00+00:00,2026-08-12 10:45:00+00:00,64142.55,64160.89,64142.55,64146.0,7.82382
2026-08-12 10:45:00+00:00,2026-08-12 10:48:00+00:00,64146.0,64146.01,64120.64,64126.0,17.26279
2026-08-12 10:48:00+00:00,2026-08-12 10:51:00+00:00,64126.0,64156.13,64080.01,64131.99,53.67258
2026-08-12 10:51:00+00:00,2026-08-12 10:54:00+00:00,64131.99,64151.0,64131.99,64150.99,8.34776
2026-08-12 10:54:00+00:00,2026-08-12 10:57:00+00:00,64150.99,64156.02,64142.03,64142.03,12.7838
2026-08-12 10:57:00+00:00,2026-08-12 11:00:00+00:00,64142.04,64143.37,64139.21,64143.36,5.12434
2026-08-12 11:00:00+00:00,2026-08-12 11:03:00+00:00,64143.36,64213.68,64143.36,64154.0,24.574
2026-08-12 11:03:00+00:00,2026-08-12 11:06:00+00:00,64154.01,64154.01,64122.84,64126.01,7.74466
2026-08-12 11:06:00+00:00,2026-08-12 11:09:00+00:00,64126.01,64143.97,64113.5,64143.97,10.78423
2026-08-12 11:09:00+00:00,2026-08-12 11:12:00+00:00,64143.96,64146.55,64122.0,64146.55,6.83431
2026-08-12 11:12:00+00:00,2026-08-12 11:15:00+00:00,64146.56,64151.36,64132.34,64136.47,9.35816
2026-08-12 11:15:00+00:00,2026-08-12 11:18:00+00:00,64136.47,64150.0,64130.0,64150.0,7.88844
2026-08-12 11:18:00+00:00,2026-08-12 11:21:00+00:00,64150.0,64160.87,64140.09,64148.01,13.12697
2026-08-12 11:21:00+00:00,2026-08-12 11:24:00+00:00,64148.01,64200.01,64148.0,64190.22,60.33705
2026-08-12 11:24:00+00:00,2026-08-12 11:27:00+00:00,64190.23,64200.01,64168.49,64185.65,61.37825
2026-08-12 11:27:00+00:00,2026-08-12 11:30:00+00:00,64185.65,64208.0,64183.23,64200.01,49.31521
2026-08-12 11:30:00+00:00,2026-08-12 11:33:00+00:00,64200.0,64218.0,64200.0,64211.99,23.35214
2026-08-12 11:33:00+00:00,2026-08-12 11:36:00+00:00,64211.99,64212.0,64160.0,64163.09,33.06169
2026-08-12 11:36:00+00:00,2026-08-12 11:39:00+00:00,64163.1,64183.82,64163.09,64183.81,10.6771
2026-08-12 11:39:00+00:00,2026-08-12 11:42:00+00:00,64183.82,64211.82,64183.81,64204.01,11.15632
2026-08-12 11:42:00+00:00,2026-08-12 11:45:00+00:00,64204.0,64204.01,64196.58,64196.58,11.25737
2026-08-12 11:45:00+00:00,2026-08-12 11:48:00+00:00,64196.58,64215.01,64195.0,64215.01,17.59956
2026-08-12 11:48:00+00:00,2026-08-12 11:51:00+00:00,64215.01,64249.5,64215.0,64245.28,18.45503
2026-08-12 11:51:00+00:00,2026-08-12 11:54:00+00:00,64245.27,64249.5,64235.12,64235.13,18.7342
2026-08-12 11:54:00+00:00,2026-08-12 11:57:00+00:00,64235.12,64235.13,64231.39,64231.4,5.94631
2026-08-12 11:57:00+00:00,2026-08-12 12:00:00+00:00,64231.4,64240.04,64231.39,64240.04,12.72331
2026-08-12 12:00:00+00:00,2026-08-12 12:03:00+00:00,64240.04,64258.62,64232.55,64248.79,28.0588
2026-08-12 12:03:00+00:00,2026-08-12 12:06:00+00:00,64248.79,64270.0,64215.0,64258.61,39.3435
2026-08-12 12:06:00+00:00,2026-08-12 12:09:00+00:00,64258.62,64300.0,64258.61,64292.31,26.04863
2026-08-12 12:09:00+00:00,2026-08-12 12:12:00+00:00,64292.3,64319.32,64256.0,64277.54,51.67902
2026-08-12 12:12:00+00:00,2026-08-12 12:15:00+00:00,64277.53,64298.23,64265.66,64265.67,22.65177
2026-08-12 12:15:00+00:00,2026-08-12 12:18:00+00:00,64265.67,64358.25,64265.66,64340.54,45.37214
2026-08-12 12:18:00+00:00,2026-08-12 12:21:00+00:00,64340.55,64343.0,64291.27,64343.0,30.07622
2026-08-12 12:21:00+00:00,2026-08-12 12:24:00+00:00,64343.0,64356.84,64288.14,64288.15,141.10629
2026-08-12 12:24:00+00:00,2026-08-12 12:27:00+00:00,64288.15,64289.7,64262.5,64288.4,12.24547
2026-08-12 12:27:00+00:00,2026-08-12 12:30:00+00:00,64288.41,64444.0,64287.11,64412.0,134.45109
2026-08-12 12:30:00+00:00,2026-08-12 12:33:00+00:00,64412.0,64500.0,64087.51,64227.99,238.41026
2026-08-12 12:33:00+00:00,2026-08-12 12:36:00+00:00,64227.99,64341.67,64134.33,64134.33,116.53042
2026-08-12 12:36:00+00:00,2026-08-12 12:39:00+00:00,64134.34,64194.42,64116.01,64162.01,32.96413
2026-08-12 12:39:00+00:00,2026-08-12 12:42:00+00:00,64162.0,64162.01,64047.82,64095.99,189.52325
2026-08-12 12:42:00+00:00,2026-08-12 12:45:00+00:00,64096.0,64121.67,64050.91,64097.99,23.42075
2026-08-12 12:45:00+00:00,2026-08-12 12:48:00+00:00,64097.99,64098.0,63994.0,64022.95,68.93811
2026-08-12 12:48:00+00:00,2026-08-12 12:51:00+00:00,64022.94,64031.99,63976.37,64022.92,25.88512
2026-08-12 12:51:00+00:00,2026-08-12 12:54:00+00:00,64022.91,64183.66,64017.54,64156.01,33.15094
2026-08-12 12:54:00+00:00,2026-08-12 12:57:00+00:00,64156.0,64168.0,64110.21,64110.22,25.62901
2026-08-12 12:57:00+00:00,2026-08-12 13:00:00+00:00,64110.21,64119.72,64100.83,64119.71,11.57455
2026-08-12 13:00:00+00:00,2026-08-12 13:03:00+00:00,64119.72,64159.36,64048.16,64061.57,29.49988
2026-08-12 13:03:00+00:00,2026-08-12 13:06:00+00:00,64061.58,64073.99,64024.01,64030.35,32.94529
2026-08-12 13:06:00+00:00,2026-08-12 13:09:00+00:00,64030.35,64110.0,64027.31,64082.33,21.35876
2026-08-12 13:09:00+00:00,2026-08-12 13:12:00+00:00,64082.32,64122.94,64021.51,64021.52,17.00055
2026-08-12 13:12:00+00:00,2026-08-12 13:15:00+00:00,64021.51,64021.51,63939.4,63984.0,36.14517
2026-08-12 13:15:00+00:00,2026-08-12 13:18:00+00:00,63983.99,64038.03,63983.99,64017.86,12.60655
2026-08-12 13:18:00+00:00,2026-08-12 13:21:00+00:00,64017.86,64038.43,64008.0,64038.42,16.84141
2026-08-12 13:21:00+00:00,2026-08-12 13:24:00+00:00,64038.42,64044.0,63980.0,63985.08,21.87532
2026-08-12 13:24:00+00:00,2026-08-12 13:27:00+00:00,63985.09,63993.2,63924.0,63949.94,45.61971
2026-08-12 13:27:00+00:00,2026-08-12 13:30:00+00:00,63949.93,63960.0,63912.36,63960.0,27.38147
2026-08-12 13:30:00+00:00,2026-08-12 13:33:00+00:00,63960.0,64014.96,63886.06,64012.0,54.99049
2026-08-12 13:33:00+00:00,2026-08-12 13:36:00+00:00,64012.01,64013.73,63914.16,63956.72,38.77386
2026-08-12 13:36:00+00:00,2026-08-12 13:39:00+00:00,63956.71,64003.85,63928.01,63981.65,38.30165
2026-08-12 13:39:00+00:00,2026-08-12 13:42:00+00:00,63981.65,63989.71,63868.0,63975.7,75.47283
2026-08-12 13:42:00+00:00,2026-08-12 13:45:00+00:00,63975.7,64011.67,63946.0,63983.15,31.88263
2026-08-12 13:45:00+00:00,2026-08-12 13:48:00+00:00,63983.14,64070.28,63983.14,64008.56,56.53318
2026-08-12 13:48:00+00:00,2026-08-12 13:51:00+00:00,64008.56,64070.28,63943.09,63957.99,54.88223
2026-08-12 13:51:00+00:00,2026-08-12 13:54:00+00:00,63957.99,63990.0,63878.0,63922.0,45.00884
2026-08-12 13:54:00+00:00,2026-08-12 13:57:00+00:00,63921.99,63923.02,63840.07,63858.12,50.68856
2026-08-12 13:57:00+00:00,2026-08-12 14:00:00+00:00,63858.13,63925.48,63840.0,63840.0,19.6326
2026-08-12 14:00:00+00:00,2026-08-12 14:03:00+00:00,63840.0,63840.0,63658.01,63665.11,112.66024
2026-08-12 14:03:00+00:00,2026-08-12 14:06:00+00:00,63665.12,63692.18,63616.0,63649.1,67.64869
2026-08-12 14:06:00+00:00,2026-08-12 14:09:00+00:00,63649.11,63695.99,63600.0,63695.99,39.73968
2026-08-12 14:09:00+00:00,2026-08-12 14:12:00+00:00,63696.0,63926.13,63696.0,63884.01,77.81145
2026-08-12 14:12:00+00:00,2026-08-12 14:15:00+00:00,63884.01,63902.0,63790.6,63792.12,22.90516
2026-08-12 14:15:00+00:00,2026-08-12 14:18:00+00:00,63792.12,63829.74,63766.0,63790.0,20.18135
2026-08-12 14:18:00+00:00,2026-08-12 14:21:00+00:00,63790.0,63832.0,63732.0,63749.92,45.07321
2026-08-12 14:21:00+00:00,2026-08-12 14:24:00+00:00,63749.92,63797.81,63742.0,63792.0,34.00495
2026-08-12 14:24:00+00:00,2026-08-12 14:27:00+00:00,63791.99,63792.21,63723.72,63777.9,15.53836
2026-08-12 14:27:00+00:00,2026-08-12 14:30:00+00:00,63777.9,63807.79,63649.99,63658.01,88.81171
2026-08-12 14:30:00+00:00,2026-08-12 14:33:00+00:00,63658.0,63695.07,63550.0,63636.32,108.02043
2026-08-12 14:33:00+00:00,2026-08-12 14:36:00+00:00,63636.33,63677.99,63529.41,63572.04,51.85622
2026-08-12 14:36:00+00:00,2026-08-12 14:39:00+00:00,63572.04,63636.0,63541.77,63572.79,84.38897
2026-08-12 14:39:00+00:00,2026-08-12 14:42:00+00:00,63572.79,63592.97,63562.0,63573.74,34.89516
2026-08-12 14:42:00+00:00,2026-08-12 14:45:00+00:00,63573.74,63633.81,63528.86,63608.0,39.91825
2026-08-12 14:45:00+00:00,2026-08-12 14:48:00+00:00,63608.0,63639.37,63576.61,63576.62,29.77597
2026-08-12 14:48:00+00:00,2026-08-12 14:51:00+00:00,63576.62,63618.0,63576.62,63582.01,28.62493
2026-08-12 14:51:00+00:00,2026-08-12 14:54:00+00:00,63582.01,63582.01,63500.0,63510.05,106.04588
2026-08-12 14:54:00+00:00,2026-08-12 14:57:00+00:00,63510.05,63519.87,63412.28,63426.63,87.95063
2026-08-12 14:57:00+00:00,2026-08-12 15:00:00+00:00,63426.63,63440.93,63362.74,63363.39,68.03304
2026-08-12 15:00:00+00:00,2026-08-12 15:03:00+00:00,63363.39,63434.19,63316.0,63416.38,101.62296
2026-08-12 15:03:00+00:00,2026-08-12 15:06:00+00:00,63416.38,63490.76,63414.64,63488.42,81.99983
2026-08-12 15:06:00+00:00,2026-08-12 15:09:00+00:00,63488.43,63512.96,63455.0,63465.1,50.42375
2026-08-12 15:09:00+00:00,2026-08-12 15:12:00+00:00,63465.1,63517.51,63448.65,63517.51,50.1939
2026-08-12 15:12:00+00:00,2026-08-12 15:15:00+00:00,63517.51,63528.63,63488.0,63500.01,20.31747
2026-08-12 15:15:00+00:00,2026-08-12 15:18:00+00:00,63500.01,63533.52,63484.19,63533.52,29.53622
2026-08-12 15:18:00+00:00,2026-08-12 15:21:00+00:00,63533.52,63544.0,63498.17,63498.18,24.81569
2026-08-12 15:21:00+00:00,2026-08-12 15:24:00+00:00,63498.18,63498.18,63440.06,63471.15,25.50335
2026-08-12 15:24:00+00:00,2026-08-12 15:27:00+00:00,63471.16,63482.13,63455.0,63455.0,24.04476
2026-08-12 15:27:00+00:00,2026-08-12 15:30:00+00:00,63455.0,63501.37,63438.96,63501.37,55.85428
2026-08-12 15:30:00+00:00,2026-08-12 15:33:00+00:00,63501.38,63524.01,63419.68,63426.99,39.27323
2026-08-12 15:33:00+00:00,2026-08-12 15:36:00+00:00,63426.99,63540.0,63401.0,63513.91,34.0872
2026-08-12 15:36:00+00:00,2026-08-12 15:39:00+00:00,63513.91,63533.08,63506.0,63520.27,21.43478
2026-08-12 15:39:00+00:00,2026-08-12 15:42:00+00:00,63520.28,63520.28,63476.29,63515.82,23.46609
2026-08-12 15:42:00+00:00,2026-08-12 15:45:00+00:00,63515.83,63570.01,63515.83,63530.0,49.85483
2026-08-12 15:45:00+00:00,2026-08-12 15:48:00+00:00,63530.01,63560.75,63500.0,63501.96,28.71732
2026-08-12 15:48:00+00:00,2026-08-12 15:51:00+00:00,63501.97,63519.72,63472.27,63513.46,38.51683
2026-08-12 15:51:00+00:00,2026-08-12 15:54:00+00:00,63513.46,63524.56,63490.0,63492.99,22.74969
2026-08-12 15:54:00+00:00,2026-08-12 15:57:00+00:00,63492.99,63513.82,63492.98,63498.01,14.40425
2026-08-12 15:57:00+00:00,2026-08-12 16:00:00+00:00,63498.01,63510.0,63419.23,63441.47,34.23919
2026-08-12 16:00:00+00:00,2026-08-12 16:03:00+00:00,63441.48,63479.3,63419.0,63420.27,35.93143
2026-08-12 16:03:00+00:00,2026-08-12 16:06:00+00:00,63420.28,63500.0,63420.27,63464.01,16.55932
2026-08-12 16:06:00+00:00,2026-08-12 16:09:00+00:00,63464.01,63468.23,63417.31,63422.02,82.62884
2026-08-12 16:09:00+00:00,2026-08-12 16:12:00+00:00,63422.01,63422.01,63373.97,63403.99,44.26383
2026-08-12 16:12:00+00:00,2026-08-12 16:15:00+00:00,63404.0,63476.06,63368.35,63476.06,57.40325
2026-08-12 16:15:00+00:00,2026-08-12 16:18:00+00:00,63476.06,63513.78,63466.0,63513.78,42.78678
2026-08-12 16:18:00+00:00,2026-08-12 16:21:00+00:00,63513.78,63554.0,63502.89,63512.81,26.0208
2026-08-12 16:21:00+00:00,2026-08-12 16:24:00+00:00,63512.8,63526.99,63482.35,63501.46,23.64837
2026-08-12 16:24:00+00:00,2026-08-12 16:27:00+00:00,63501.44,63529.58,63501.44,63528.75,16.3619
2026-08-12 16:27:00+00:00,2026-08-12 16:30:00+00:00,63528.74,63571.78,63522.0,63564.59,21.35187
2026-08-12 16:30:00+00:00,2026-08-12 16:33:00+00:00,63564.59,63578.0,63546.58,63568.68,16.77741
2026-08-12 16:33:00+00:00,2026-08-12 16:36:00+00:00,63568.69,63568.69,63544.0,63544.02,11.84968
2026-08-12 16:36:00+00:00,2026-08-12 16:39:00+00:00,63544.01,63549.39,63524.63,63538.0,10.26161
2026-08-12 16:39:00+00:00,2026-08-12 16:42:00+00:00,63538.01,63547.41,63510.0,63521.03,9.60433
2026-08-12 16:42:00+00:00,2026-08-12 16:45:00+00:00,63521.03,63553.96,63518.0,63520.39,12.9055
2026-08-12 16:45:00+00:00,2026-08-12 16:48:00+00:00,63520.39,63520.39,63482.0,63484.0,20.49935
2026-08-12 16:48:00+00:00,2026-08-12 16:51:00+00:00,63484.0,63494.0,63468.0,63494.0,13.65067
2026-08-12 16:51:00+00:00,2026-08-12 16:54:00+00:00,63494.0,63518.0,63493.99,63493.99,9.10916
2026-08-12 16:54:00+00:00,2026-08-12 16:57:00+00:00,63493.99,63518.0,63493.99,63495.08,8.1119
2026-08-12 16:57:00+00:00,2026-08-12 17:00:00+00:00,63495.09,63495.09,63490.96,63492.12,8.06619
2026-08-12 17:00:00+00:00,2026-08-12 17:03:00+00:00,63492.12,63501.35,63487.46,63501.35,5.6999
2026-08-12 17:03:00+00:00,2026-08-12 17:06:00+00:00,63501.35,63525.07,63501.35,63513.05,10.07359
2026-08-12 17:06:00+00:00,2026-08-12 17:09:00+00:00,63513.05,63526.0,63505.77,63512.01,28.71413
2026-08-12 17:09:00+00:00,2026-08-12 17:12:00+00:00,63512.0,63512.01,63476.25,63502.65,52.21965
2026-08-12 17:12:00+00:00,2026-08-12 17:15:00+00:00,63502.65,63541.99,63502.64,63540.73,9.02745
2026-08-12 17:15:00+00:00,2026-08-12 17:18:00+00:00,63540.72,63548.63,63515.68,63548.63,13.20062
2026-08-12 17:18:00+00:00,2026-08-12 17:21:00+00:00,63548.63,63556.0,63488.0,63490.67,10.98124
2026-08-12 17:21:00+00:00,2026-08-12 17:24:00+00:00,63490.68,63490.68,63426.36,63459.65,32.21958
2026-08-12 17:24:00+00:00,2026-08-12 17:27:00+00:00,63459.64,63459.64,63427.56,63453.1,11.32186
2026-08-12 17:27:00+00:00,2026-08-12 17:30:00+00:00,63453.11,63453.11,63427.99,63447.4,9.45938
2026-08-12 17:30:00+00:00,2026-08-12 17:33:00+00:00,63447.4,63468.12,63416.4,63468.11,15.69352
2026-08-12 17:33:00+00:00,2026-08-12 17:36:00+00:00,63468.12,63479.53,63464.69,63474.77,5.74934
2026-08-12 17:36:00+00:00,2026-08-12 17:39:00+00:00,63474.76,63504.0,63474.76,63494.62,10.50186
2026-08-12 17:39:00+00:00,2026-08-12 17:42:00+00:00,63494.61,63494.78,63473.99,63494.78,18.31268
2026-08-12 17:42:00+00:00,2026-08-12 17:45:00+00:00,63494.78,63494.78,63476.01,63476.01,6.57277
2026-08-12 17:45:00+00:00,2026-08-12 17:48:00+00:00,63476.01,63476.02,63455.03,63463.91,4.70171
2026-08-12 17:48:00+00:00,2026-08-12 17:51:00+00:00,63463.92,63501.38,63460.0,63496.79,9.9319
2026-08-12 17:51:00+00:00,2026-08-12 17:54:00+00:00,63496.78,63541.22,63492.46,63492.46,22.06265
2026-08-12 17:54:00+00:00,2026-08-12 17:57:00+00:00,63492.46,63492.47,63476.05,63484.09,8.66868
2026-08-12 17:57:00+00:00,2026-08-12 18:00:00+00:00,63484.1,63484.1,63470.99,63471.0,7.25526
2026-08-12 18:00:00+00:00,2026-08-12 18:03:00+00:00,63470.99,63486.2,63422.77,63422.77,26.24278
2026-08-12 18:03:00+00:00,2026-08-12 18:06:00+00:00,63422.78,63479.33,63422.77,63478.0,16.24483
2026-08-12 18:06:00+00:00,2026-08-12 18:09:00+00:00,63477.99,63478.0,63454.55,63464.0,10.71125
2026-08-12 18:09:00+00:00,2026-08-12 18:12:00+00:00,63463.99,63486.2,63440.99,63486.19,17.83516
2026-08-12 18:12:00+00:00,2026-08-12 18:15:00+00:00,63486.2,63504.15,63474.79,63474.8,13.12796
2026-08-12 18:15:00+00:00,2026-08-12 18:18:00+00:00,63474.8,63474.8,63399.99,63407.45,110.73423
2026-08-12 18:18:00+00:00,2026-08-12 18:21:00+00:00,63407.44,63417.3,63380.0,63380.49,14.43339
2026-08-12 18:21:00+00:00,2026-08-12 18:24:00+00:00,63380.48,63424.67,63380.48,63412.24,12.6205
2026-08-12 18:24:00+00:00,2026-08-12 18:27:00+00:00,63412.23,63427.51,63409.1,63427.5,25.32778
2026-08-12 18:27:00+00:00,2026-08-12 18:30:00+00:00,63427.5,63438.0,63426.71,63435.69,5.49698
2026-08-12 18:30:00+00:00,2026-08-12 18:33:00+00:00,63435.69,63498.0,63425.6,63498.0,32.80676
2026-08-12 18:33:00+00:00,2026-08-12 18:36:00+00:00,63498.0,63522.56,63497.99,63498.0,6.20322
2026-08-12 18:36:00+00:00,2026-08-12 18:39:00+00:00,63498.0,63498.0,63453.35,63453.35,13.09548
2026-08-12 18:39:00+00:00,2026-08-12 18:42:00+00:00,63453.36,63453.36,63448.0,63450.32,5.36331
2026-08-12 18:42:00+00:00,2026-08-12 18:45:00+00:00,63450.33,63450.33,63415.82,63443.01,14.08437
2026-08-12 18:45:00+00:00,2026-08-12 18:48:00+00:00,63443.02,63443.02,63422.68,63422.68,9.8284
2026-08-12 18:48:00+00:00,2026-08-12 18:51:00+00:00,63422.68,63422.69,63413.54,63417.0,10.0888
2026-08-12 18:51:00+00:00,2026-08-12 18:54:00+00:00,63416.99,63417.0,63390.01,63390.01,21.41854
2026-08-12 18:54:00+00:00,2026-08-12 18:57:00+00:00,63390.0,63390.97,63373.97,63390.97,16.96583
2026-08-12 18:57:00+00:00,2026-08-12 19:00:00+00:00,63390.97,63390.97,63380.41,63386.59,14.293
2026-08-12 19:00:00+00:00,2026-08-12 19:03:00+00:00,63386.58,63403.99,63386.58,63390.03,54.95743
2026-08-12 19:03:00+00:00,2026-08-12 19:06:00+00:00,63390.03,63414.0,63390.03,63404.49,15.10295
2026-08-12 19:06:00+00:00,2026-08-12 19:09:00+00:00,63404.49,63420.41,63404.49,63420.41,5.91589
2026-08-12 19:09:00+00:00,2026-08-12 19:12:00+00:00,63420.41,63431.94,63416.27,63424.42,8.2112
2026-08-12 19:12:00+00:00,2026-08-12 19:15:00+00:00,63424.42,63424.42,63386.15,63386.16,10.53068
2026-08-12 19:15:00+00:00,2026-08-12 19:18:00+00:00,63386.16,63434.52,63374.0,63434.52,16.03893
2026-08-12 19:18:00+00:00,2026-08-12 19:21:00+00:00,63434.52,63465.13,63420.0,63420.01,9.97027
2026-08-12 19:21:00+00:00,2026-08-12 19:24:00+00:00,63420.0,63420.01,63405.73,63405.73,8.54604
2026-08-12 19:24:00+00:00,2026-08-12 19:27:00+00:00,63405.74,63405.74,63310.34,63357.6,81.0719
2026-08-12 19:27:00+00:00,2026-08-12 19:30:00+00:00,63357.6,63392.0,63357.6,63380.38,9.69095
2026-08-12 19:30:00+00:00,2026-08-12 19:33:00+00:00,63380.37,63394.84,63368.0,63378.01,12.51113
2026-08-12 19:33:00+00:00,2026-08-12 19:36:00+00:00,63378.0,63385.45,63370.21,63373.27,7.13455
2026-08-12 19:36:00+00:00,2026-08-12 19:39:00+00:00,63373.27,63402.0,63366.0,63366.01,14.30144
2026-08-12 19:39:00+00:00,2026-08-12 19:42:00+00:00,63366.01,63381.72,63352.92,63371.31,8.50741
2026-08-12 19:42:00+00:00,2026-08-12 19:45:00+00:00,63371.31,63371.31,63340.32,63340.32,26.16744
2026-08-12 19:45:00+00:00,2026-08-12 19:48:00+00:00,63340.32,63361.99,63322.52,63361.99,21.64578
2026-08-12 19:48:00+00:00,2026-08-12 19:51:00+00:00,63361.99,63368.63,63324.94,63324.95,7.223
2026-08-12 19:51:00+00:00,2026-08-12 19:54:00+00:00,63324.95,63374.0,63324.94,63374.0,14.35715
2026-08-12 19:54:00+00:00,2026-08-12 19:57:00+00:00,63374.0,63405.91,63373.99,63401.59,29.36636
2026-08-12 19:57:00+00:00,2026-08-12 20:00:00+00:00,63401.6,63429.83,63401.59,63421.11,20.28263
2026-08-12 20:00:00+00:00,2026-08-12 20:03:00+00:00,63421.11,63501.8,63421.11,63484.01,23.81934
2026-08-12 20:03:00+00:00,2026-08-12 20:06:00+00:00,63484.01,63514.57,63484.01,63501.09,15.1744
2026-08-12 20:06:00+00:00,2026-08-12 20:09:00+00:00,63501.08,63501.09,63448.0,63448.01,14.77496
2026-08-12 20:09:00+00:00,2026-08-12 20:12:00+00:00,63448.01,63477.55,63433.13,63475.71,9.39601
2026-08-12 20:12:00+00:00,2026-08-12 20:15:00+00:00,63475.7,63475.7,63445.99,63462.4,6.3115
2026-08-12 20:15:00+00:00,2026-08-12 20:18:00+00:00,63462.4,63462.41,63427.08,63450.0,13.65722
2026-08-12 20:18:00+00:00,2026-08-12 20:21:00+00:00,63450.01,63500.0,63450.0,63488.73,28.37046
2026-08-12 20:21:00+00:00,2026-08-12 20:24:00+00:00,63488.72,63492.0,63459.89,63483.99,30.42097
2026-08-12 20:24:00+00:00,2026-08-12 20:27:00+00:00,63484.0,63514.0,63483.99,63513.98,7.46722
2026-08-12 20:27:00+00:00,2026-08-12 20:30:00+00:00,63513.98,63517.35,63504.46,63506.82,11.22911
2026-08-12 20:30:00+00:00,2026-08-12 20:33:00+00:00,63506.82,63515.44,63506.82,63515.44,5.51259
2026-08-12 20:33:00+00:00,2026-08-12 20:36:00+00:00,63515.44,63558.55,63515.43,63556.01,22.62542
2026-08-12 20:36:00+00:00,2026-08-12 20:39:00+00:00,63556.01,63565.33,63530.0,63565.33,15.48534
2026-08-12 20:39:00+00:00,2026-08-12 20:42:00+00:00,63565.32,63570.0,63546.48,63569.99,11.33998
2026-08-12 20:42:00+00:00,2026-08-12 20:45:00+00:00,63569.99,63570.01,63546.0,63546.01,19.0877
2026-08-12 20:45:00+00:00,2026-08-12 20:48:00+00:00,63546.0,63564.46,63544.35,63555.55,5.93815
2026-08-12 20:48:00+00:00,2026-08-12 20:51:00+00:00,63555.54,63560.0,63528.57,63534.79,21.52419
2026-08-12 20:51:00+00:00,2026-08-12 20:54:00+00:00,63534.79,63558.53,63531.61,63555.44,13.42365
2026-08-12 20:54:00+00:00,2026-08-12 20:57:00+00:00,63555.43,63555.44,63529.99,63554.0,17.93651
2026-08-12 20:57:00+00:00,2026-08-12 21:00:00+00:00,63553.99,63600.0,63553.99,63599.99,13.76727
2026-08-12 21:00:00+00:00,2026-08-12 21:03:00+00:00,63600.0,63661.24,63599.99,63622.34,26.99554
2026-08-12 21:03:00+00:00,2026-08-12 21:06:00+00:00,63622.34,63622.34,63571.36,63571.36,21.97947
2026-08-12 21:06:00+00:00,2026-08-12 21:09:00+00:00,63571.37,63574.04,63558.6,63562.0,5.19022
2026-08-12 21:09:00+00:00,2026-08-12 21:12:00+00:00,63561.99,63589.99,63561.99,63589.98,4.48919
2026-08-12 21:12:00+00:00,2026-08-12 21:15:00+00:00,63589.98,63629.59,63583.31,63584.63,19.00594
2026-08-12 21:15:00+00:00,2026-08-12 21:18:00+00:00,63584.62,63595.81,63579.93,63579.99,10.73286
2026-08-12 21:18:00+00:00,2026-08-12 21:21:00+00:00,63580.0,63580.0,63572.5,63572.51,1.68485
2026-08-12 21:21:00+00:00,2026-08-12 21:24:00+00:00,63572.51,63577.82,63570.0,63570.37,6.05068
2026-08-12 21:24:00+00:00,2026-08-12 21:27:00+00:00,63570.36,63570.37,63492.82,63498.65,14.50449
2026-08-12 21:27:00+00:00,2026-08-12 21:30:00+00:00,63498.65,63507.65,63468.0,63485.18,29.95867
2026-08-12 21:30:00+00:00,2026-08-12 21:33:00+00:00,63485.18,63498.0,63434.2,63494.01,22.90464
2026-08-12 21:33:00+00:00,2026-08-12 21:36:00+00:00,63494.0,63494.0,63468.03,63468.03,6.95477
2026-08-12 21:36:00+00:00,2026-08-12 21:39:00+00:00,63468.04,63512.11,63421.61,63512.11,20.53368
2026-08-12 21:39:00+00:00,2026-08-12 21:42:00+00:00,63512.11,63528.0,63498.83,63528.0,8.86838
2026-08-12 21:42:00+00:00,2026-08-12 21:45:00+00:00,63528.0,63544.0,63521.15,63535.27,8.44113
2026-08-12 21:45:00+00:00,2026-08-12 21:48:00+00:00,63535.27,63546.44,63521.16,63546.44,9.60809
2026-08-12 21:48:00+00:00,2026-08-12 21:51:00+00:00,63546.44,63561.03,63513.56,63548.21,17.13187
2026-08-12 21:51:00+00:00,2026-08-12 21:54:00+00:00,63548.2,63564.08,63522.73,63564.08,13.12212
2026-08-12 21:54:00+00:00,2026-08-12 21:57:00+00:00,63564.08,63580.0,63534.0,63535.29,8.29893
2026-08-12 21:57:00+00:00,2026-08-12 22:00:00+00:00,63535.29,63535.29,63456.58,63469.83,11.12093
2026-08-12 22:00:00+00:00,2026-08-12 22:03:00+00:00,63469.84,63498.7,63425.08,63498.7,19.20848
2026-08-12 22:03:00+00:00,2026-08-12 22:06:00+00:00,63498.7,63500.0,63472.0,63478.0,9.87547
2026-08-12 22:06:00+00:00,2026-08-12 22:09:00+00:00,63477.99,63518.0,63475.99,63475.99,17.79507
2026-08-12 22:09:00+00:00,2026-08-12 22:12:00+00:00,63476.0,63529.81,63470.71,63529.8,14.47316
2026-08-12 22:12:00+00:00,2026-08-12 22:15:00+00:00,63529.81,63536.0,63490.0,63496.82,8.25279
2026-08-12 22:15:00+00:00,2026-08-12 22:18:00+00:00,63496.82,63532.0,63496.82,63512.98,5.97954
2026-08-12 22:18:00+00:00,2026-08-12 22:21:00+00:00,63512.97,63517.43,63501.8,63517.42,7.92824
2026-08-12 22:21:00+00:00,2026-08-12 22:24:00+00:00,63517.43,63517.43,63485.33,63495.48,5.99837
2026-08-12 22:24:00+00:00,2026-08-12 22:27:00+00:00,63495.49,63520.93,63488.0,63488.0,7.52853
2026-08-12 22:27:00+00:00,2026-08-12 22:30:00+00:00,63488.01,63511.58,63488.0,63490.35,7.23759
2026-08-12 22:30:00+00:00,2026-08-12 22:33:00+00:00,63490.34,63494.69,63474.85,63480.01,7.38854
2026-08-12 22:33:00+00:00,2026-08-12 22:36:00+00:00,63480.0,63480.01,63384.68,63385.74,33.88789
2026-08-12 22:36:00+00:00,2026-08-12 22:39:00+00:00,63385.75,63411.37,63384.09,63384.1,17.54358
2026-08-12 22:39:00+00:00,2026-08-12 22:42:00+00:00,63384.09,63407.07,63380.0,63390.52,21.86714
2026-08-12 22:42:00+00:00,2026-08-12 22:45:00+00:00,63390.53,63411.37,63370.0,63406.2,16.50512
2026-08-12 22:45:00+00:00,2026-08-12 22:48:00+00:00,63406.2,63418.58,63398.04,63401.12,8.10134
2026-08-12 22:48:00+00:00,2026-08-12 22:51:00+00:00,63401.11,63419.83,63396.01,63419.82,6.90007
2026-08-12 22:51:00+00:00,2026-08-12 22:54:00+00:00,63419.83,63438.0,63415.12,63415.13,9.95335
2026-08-12 22:54:00+00:00,2026-08-12 22:57:00+00:00,63415.13,63432.92,63412.23,63421.38,9.08041
2026-08-12 22:57:00+00:00,2026-08-12 23:00:00+00:00,63421.38,63432.64,63419.28,63432.28,4.50428
2026-08-12 23:00:00+00:00,2026-08-12 23:03:00+00:00,63432.28,63435.45,63400.0,63400.01,18.03443
2026-08-12 23:03:00+00:00,2026-08-12 23:06:00+00:00,63400.01,63417.58,63395.9,63398.88,20.12147
2026-08-12 23:06:00+00:00,2026-08-12 23:09:00+00:00,63398.88,63420.0,63383.54,63420.0,17.07556
2026-08-12 23:09:00+00:00,2026-08-12 23:12:00+00:00,63420.0,63439.99,63419.99,63429.97,12.43463
2026-08-12 23:12:00+00:00,2026-08-12 23:15:00+00:00,63429.96,63429.97,63400.0,63413.13,10.01025
2026-08-12 23:15:00+00:00,2026-08-12 23:18:00+00:00,63413.14,63444.36,63410.01,63410.02,10.43549
2026-08-12 23:18:00+00:00,2026-08-12 23:21:00+00:00,63410.02,63433.45,63410.01,63430.91,17.66293
2026-08-12 23:21:00+00:00,2026-08-12 23:24:00+00:00,63430.91,63430.91,63404.13,63406.02,13.25356
2026-08-12 23:24:00+00:00,2026-08-12 23:27:00+00:00,63406.01,63406.01,63381.43,63394.01,18.18276
2026-08-12 23:27:00+00:00,2026-08-12 23:30:00+00:00,63394.01,63430.51,63378.23,63430.51,285.49657
2026-08-12 23:30:00+00:00,2026-08-12 23:33:00+00:00,63430.51,63454.49,63430.5,63449.91,9.35081
2026-08-12 23:33:00+00:00,2026-08-12 23:36:00+00:00,63449.91,63476.0,63449.9,63462.0,13.6754
2026-08-12 23:36:00+00:00,2026-08-12 23:39:00+00:00,63462.01,63470.92,63462.0,63470.92,5.7493
2026-08-12 23:39:00+00:00,2026-08-12 23:42:00+00:00,63470.92,63482.89,63409.99,63422.25,292.558
2026-08-12 23:42:00+00:00,2026-08-12 23:45:00+00:00,63422.24,63425.02,63389.99,63416.97,187.41169
2026-08-12 23:45:00+00:00,2026-08-12 23:48:00+00:00,63416.96,63418.9,63406.67,63409.14,12.99752
2026-08-12 23:48:00+00:00,2026-08-12 23:51:00+00:00,63409.14,63411.29,63409.13,63411.29,8.49241
2026-08-12 23:51:00+00:00,2026-08-12 23:54:00+00:00,63411.29,63437.41,63411.29,63420.8,10.08181
2026-08-12 23:54:00+00:00,2026-08-12 23:57:00+00:00,63420.79,63425.22,63420.79,63425.21,5.37576
2026-08-12 23:57:00+00:00,2026-08-13 00:00:00+00:00,63425.21,63482.89,63416.92,63479.99,29.64119
2026-08-13 00:00:00+00:00,2026-08-13 00:03:00+00:00,63479.99,63502.0,63471.16,63471.16,21.73492
2026-08-13 00:03:00+00:00,2026-08-13 00:06:00+00:00,63471.17,63514.0,63460.32,63506.01,18.18682
2026-08-13 00:06:00+00:00,2026-08-13 00:09:00+00:00,63506.0,63578.0,63506.0,63570.6,23.19206
2026-08-13 00:09:00+00:00,2026-08-13 00:12:00+00:00,63570.6,63595.8,63570.6,63589.86,15.64725
2026-08-13 00:12:00+00:00,2026-08-13 00:15:00+00:00,63589.87,63602.96,63587.37,63602.96,16.05588
2026-08-13 00:15:00+00:00,2026-08-13 00:18:00+00:00,63602.96,63717.31,63602.95,63670.01,47.35239
2026-08-13 00:18:00+00:00,2026-08-13 00:21:00+00:00,63670.01,63678.09,63634.39,63638.0,18.27638
2026-08-13 00:21:00+00:00,2026-08-13 00:24:00+00:00,63638.0,63649.99,63628.0,63649.99,9.67333
2026-08-13 00:24:00+00:00,2026-08-13 00:27:00+00:00,63650.0,63650.37,63584.76,63584.76,9.52589
2026-08-13 00:27:00+00:00,2026-08-13 00:30:00+00:00,63584.77,63630.0,63584.76,63626.66,89.77163
2026-08-13 00:30:00+00:00,2026-08-13 00:33:00+00:00,63626.19,63626.19,63568.59,63568.59,10.25622
2026-08-13 00:33:00+00:00,2026-08-13 00:36:00+00:00,63568.59,63593.06,63568.59,63593.05,6.73314
2026-08-13 00:36:00+00:00,2026-08-13 00:39:00+00:00,63593.05,63595.4,63575.46,63581.36,9.54616
2026-08-13 00:39:00+00:00,2026-08-13 00:42:00+00:00,63581.36,63581.37,63544.0,63544.01,8.47625
2026-08-13 00:42:00+00:00,2026-08-13 00:45:00+00:00,63544.01,63552.67,63504.59,63515.71,21.98208
2026-08-13 00:45:00+00:00,2026-08-13 00:48:00+00:00,63515.71,63566.0,63501.36,63566.0,27.34333
2026-08-13 00:48:00+00:00,2026-08-13 00:51:00+00:00,63566.0,63594.0,63566.0,63593.99,10.0015
2026-08-13 00:51:00+00:00,2026-08-13 00:54:00+00:00,63593.99,63602.0,63574.01,63582.0,14.6854
2026-08-13 00:54:00+00:00,2026-08-13 00:57:00+00:00,63582.0,63583.96,63565.43,63572.3,14.49086
2026-08-13 00:57:00+00:00,2026-08-13 01:00:00+00:00,63572.3,63588.0,63556.92,63556.92,13.8386
2026-08-13 01:00:00+00:00,2026-08-13 01:03:00+00:00,63556.91,63560.64,63519.89,63557.85,11.8573
2026-08-13 01:03:00+00:00,2026-08-13 01:06:00+00:00,63557.85,63565.38,63552.55,63560.0,8.35901
2026-08-13 01:06:00+00:00,2026-08-13 01:09:00+00:00,63560.01,63564.22,63552.01,63564.22,7.80196
2026-08-13 01:09:00+00:00,2026-08-13 01:12:00+00:00,63564.21,63606.0,63564.21,63606.0,14.9186
2026-08-13 01:12:00+00:00,2026-08-13 01:15:00+00:00,63606.0,63631.67,63602.0,63631.66,13.39177
2026-08-13 01:15:00+00:00,2026-08-13 01:18:00+00:00,63631.66,63631.67,63607.52,63607.52,5.03679
2026-08-13 01:18:00+00:00,2026-08-13 01:21:00+00:00,63607.52,63613.82,63525.99,63553.78,18.09139
2026-08-13 01:21:00+00:00,2026-08-13 01:24:00+00:00,63553.77,63553.78,63468.61,63468.61,31.24182
2026-08-13 01:24:00+00:00,2026-08-13 01:27:00+00:00,63468.61,63468.62,63411.28,63439.92,22.59157
2026-08-13 01:27:00+00:00,2026-08-13 01:30:00+00:00,63439.93,63449.99,63400.0,63416.37,29.86206
2026-08-13 01:30:00+00:00,2026-08-13 01:33:00+00:00,63416.37,63451.39,63407.67,63451.38,21.21928
2026-08-13 01:33:00+00:00,2026-08-13 01:36:00+00:00,63451.39,63504.0,63451.38,63489.56,8.12676
2026-08-13 01:36:00+00:00,2026-08-13 01:39:00+00:00,63489.56,63510.0,63482.0,63510.0,7.87031
2026-08-13 01:39:00+00:00,2026-08-13 01:42:00+00:00,63509.99,63539.95,63484.08,63484.09,13.34142
2026-08-13 01:42:00+00:00,2026-08-13 01:45:00+00:00,63484.08,63484.09,63412.36,63412.36,14.64517
2026-08-13 01:45:00+00:00,2026-08-13 01:48:00+00:00,63412.35,63450.0,63382.45,63444.0,40.56509
2026-08-13 01:48:00+00:00,2026-08-13 01:51:00+00:00,63444.0,63451.24,63428.0,63451.23,15.29622
2026-08-13 01:51:00+00:00,2026-08-13 01:54:00+00:00,63451.24,63492.0,63451.23,63492.0,5.81129
2026-08-13 01:54:00+00:00,2026-08-13 01:57:00+00:00,63492.23,63516.0,63477.73,63487.57,19.95735
2026-08-13 01:57:00+00:00,2026-08-13 02:00:00+00:00,63487.56,63497.51,63456.1,63456.11,7.89928
2026-08-13 02:00:00+00:00,2026-08-13 02:03:00+00:00,63456.1,63475.26,63452.23,63471.1,9.84594
2026-08-13 02:03:00+00:00,2026-08-13 02:06:00+00:00,63471.11,63473.66,63444.0,63444.0,7.09452
2026-08-13 02:06:00+00:00,2026-08-13 02:09:00+00:00,63444.0,63460.0,63426.58,63460.0,12.56005
2026-08-13 02:09:00+00:00,2026-08-13 02:12:00+00:00,63460.0,63480.0,63444.3,63444.3,10.07388
2026-08-13 02:12:00+00:00,2026-08-13 02:15:00+00:00,63444.31,63471.14,63444.3,63470.01,55.60237
2026-08-13 02:15:00+00:00,2026-08-13 02:18:00+00:00,63470.0,63470.01,63448.1,63448.1,7.28608
2026-08-13 02:18:00+00:00,2026-08-13 02:21:00+00:00,63448.1,63459.27,63446.99,63449.14,12.817
2026-08-13 02:21:00+00:00,2026-08-13 02:24:00+00:00,63449.14,63458.0,63426.72,63450.0,16.09136
2026-08-13 02:24:00+00:00,2026-08-13 02:27:00+00:00,63450.0,63466.0,63449.99,63461.26,10.81686
2026-08-13 02:27:00+00:00,2026-08-13 02:30:00+00:00,63461.27,63483.99,63461.26,63470.01,31.11138
2026-08-13 02:30:00+00:00,2026-08-13 02:33:00+00:00,63470.01,63470.01,63392.62,63394.01,38.66916
2026-08-13 02:33:00+00:00,2026-08-13 02:36:00+00:00,63394.0,63447.15,63380.0,63447.15,34.67893
2026-08-13 02:36:00+00:00,2026-08-13 02:39:00+00:00,63447.16,63447.16,63411.73,63413.42,10.50087
2026-08-13 02:39:00+00:00,2026-08-13 02:42:00+00:00,63413.42,63454.61,63413.41,63454.61,36.22052
2026-08-13 02:42:00+00:00,2026-08-13 02:45:00+00:00,63454.61,63498.26,63454.6,63498.26,115.76463
2026-08-13 02:45:00+00:00,2026-08-13 02:48:00+00:00,63498.26,63521.73,63478.0,63521.73,21.00359
2026-08-13 02:48:00+00:00,2026-08-13 02:51:00+00:00,63521.73,63546.0,63519.82,63544.0,4.51749
2026-08-13 02:51:00+00:00,2026-08-13 02:54:00+00:00,63544.0,63566.0,63542.0,63564.33,9.76821
2026-08-13 02:54:00+00:00,2026-08-13 02:57:00+00:00,63564.33,63582.0,63560.11,63560.12,8.80185
2026-08-13 02:57:00+00:00,2026-08-13 03:00:00+00:00,63560.12,63562.3,63550.0,63550.01,4.94021
2026-08-13 03:00:00+00:00,2026-08-13 03:03:00+00:00,63550.01,63566.24,63547.72,63552.03,8.22708
2026-08-13 03:03:00+00:00,2026-08-13 03:06:00+00:00,63552.03,63552.03,63531.06,63532.04,13.15835
2026-08-13 03:06:00+00:00,2026-08-13 03:09:00+00:00,63532.05,63549.85,63521.36,63549.85,9.60336
2026-08-13 03:09:00+00:00,2026-08-13 03:12:00+00:00,63549.84,63549.84,63514.21,63534.01,19.06331
2026-08-13 03:12:00+00:00,2026-08-13 03:15:00+00:00,63534.0,63584.82,63534.0,63576.77,11.07315
2026-08-13 03:15:00+00:00,2026-08-13 03:18:00+00:00,63576.77,63584.97,63575.0,63575.0,10.09413
2026-08-13 03:18:00+00:00,2026-08-13 03:21:00+00:00,63575.01,63632.42,63575.0,63615.0,48.40758
2026-08-13 03:21:00+00:00,2026-08-13 03:24:00+00:00,63615.0,63628.54,63573.01,63616.92,28.71088
2026-08-13 03:24:00+00:00,2026-08-13 03:27:00+00:00,63616.91,63639.61,63606.0,63612.0,25.95478
2026-08-13 03:27:00+00:00,2026-08-13 03:30:00+00:00,63612.0,63612.0,63559.37,63570.0,108.26123
2026-08-13 03:30:00+00:00,2026-08-13 03:33:00+00:00,63570.0,63596.22,63567.86,63596.22,20.89809
2026-08-13 03:33:00+00:00,2026-08-13 03:36:00+00:00,63596.22,63635.76,63582.0,63635.75,15.00436
2026-08-13 03:36:00+00:00,2026-08-13 03:39:00+00:00,63635.76,63635.76,63600.0,63600.01,7.62572
2026-08-13 03:39:00+00:00,2026-08-13 03:42:00+00:00,63600.01,63614.5,63582.0,63582.01,6.3935
2026-08-13 03:42:00+00:00,2026-08-13 03:45:00+00:00,63582.01,63586.0,63576.21,63576.21,2.70278
2026-08-13 03:45:00+00:00,2026-08-13 03:48:00+00:00,63576.22,63593.42,63576.22,63593.42,4.14007
2026-08-13 03:48:00+00:00,2026-08-13 03:51:00+00:00,63593.41,63681.35,63593.41,63656.01,25.96774
2026-08-13 03:51:00+00:00,2026-08-13 03:54:00+00:00,63656.01,63686.4,63656.0,63672.84,20.93024
2026-08-13 03:54:00+00:00,2026-08-13 03:57:00+00:00,63672.84,63672.84,63656.06,63658.29,9.07685
2026-08-13 03:57:00+00:00,2026-08-13 04:00:00+00:00,63658.3,63658.3,63645.75,63646.99,6.42499
2026-08-13 04:00:00+00:00,2026-08-13 04:03:00+00:00,63647.0,63652.0,63640.01,63652.0,6.63513
2026-08-13 04:03:00+00:00,2026-08-13 04:06:00+00:00,63652.0,63652.0,63641.99,63644.8,3.05793
2026-08-13 04:06:00+00:00,2026-08-13 04:09:00+00:00,63644.8,63644.8,63644.79,63644.8,1.97004
2026-08-13 04:09:00+00:00,2026-08-13 04:12:00+00:00,63644.79,63644.8,63624.97,63624.98,45.93344
2026-08-13 04:12:00+00:00,2026-08-13 04:15:00+00:00,63624.98,63679.6,63624.98,63679.55,12.89661
2026-08-13 04:15:00+00:00,2026-08-13 04:18:00+00:00,63679.55,63679.55,63630.01,63630.01,8.28988
2026-08-13 04:18:00+00:00,2026-08-13 04:21:00+00:00,63630.01,63630.01,63621.79,63621.79,3.20202
2026-08-13 04:21:00+00:00,2026-08-13 04:24:00+00:00,63621.79,63621.8,63604.08,63605.37,2.86989
2026-08-13 04:24:00+00:00,2026-08-13 04:27:00+00:00,63605.37,63610.94,63605.36,63610.93,2.87395
2026-08-13 04:27:00+00:00,2026-08-13 04:30:00+00:00,63610.94,63610.94,63591.56,63595.13,5.84699
2026-08-13 04:30:00+00:00,2026-08-13 04:33:00+00:00,63595.13,63619.26,63595.12,63617.09,5.19655
2026-08-13 04:33:00+00:00,2026-08-13 04:36:00+00:00,63617.09,63660.0,63616.07,63660.0,4.66598
2026-08-13 04:36:00+00:00,2026-08-13 04:39:00+00:00,63660.0,63711.09,63659.99,63695.01,15.79591
2026-08-13 04:39:00+00:00,2026-08-13 04:42:00+00:00,63695.01,63695.01,63681.87,63688.01,7.34489
2026-08-13 04:42:00+00:00,2026-08-13 04:45:00+00:00,63688.01,63705.4,63688.0,63696.47,10.14959
2026-08-13 04:45:00+00:00,2026-08-13 04:48:00+00:00,63696.48,63778.0,63696.47,63759.04,49.1724
2026-08-13 04:48:00+00:00,2026-08-13 04:51:00+00:00,63759.03,63759.03,63722.68,63737.99,5.03131
2026-08-13 04:51:00+00:00,2026-08-13 04:54:00+00:00,63737.98,63748.53,63718.0,63718.01,7.63654
2026-08-13 04:54:00+00:00,2026-08-13 04:57:00+00:00,63718.01,63748.53,63718.0,63729.99,11.9537
2026-08-13 04:57:00+00:00,2026-08-13 05:00:00+00:00,63730.0,63731.21,63691.18,63693.74,12.90209
2026-08-13 05:00:00+00:00,2026-08-13 05:03:00+00:00,63693.73,63698.56,63671.64,63698.56,7.91081
2026-08-13 05:03:00+00:00,2026-08-13 05:06:00+00:00,63698.55,63750.0,63698.55,63739.2,9.6255
2026-08-13 05:06:00+00:00,2026-08-13 05:09:00+00:00,63739.68,63874.07,63738.4,63862.0,60.32051
2026-08-13 05:09:00+00:00,2026-08-13 05:12:00+00:00,63862.0,63870.0,63829.53,63851.99,16.14243
2026-08-13 05:12:00+00:00,2026-08-13 05:15:00+00:00,63852.0,63881.99,63848.05,63881.18,11.19127
2026-08-13 05:15:00+00:00,2026-08-13 05:18:00+00:00,63881.19,64010.0,63881.19,63942.26,172.15031
2026-08-13 05:18:00+00:00,2026-08-13 05:21:00+00:00,63942.26,63959.51,63910.0,63919.58,30.82434
2026-08-13 05:21:00+00:00,2026-08-13 05:24:00+00:00,63919.58,63962.31,63912.21,63936.8,17.15029
2026-08-13 05:24:00+00:00,2026-08-13 05:27:00+00:00,63936.8,63977.99,63921.77,63921.79,51.75914
2026-08-13 05:27:00+00:00,2026-08-13 05:30:00+00:00,63921.79,63952.0,63921.78,63942.66,16.17172
2026-08-13 05:30:00+00:00,2026-08-13 05:33:00+00:00,63942.67,63955.2,63920.0,63920.0,12.56836
2026-08-13 05:33:00+00:00,2026-08-13 05:36:00+00:00,63920.01,63935.73,63901.45,63921.37,11.99306
2026-08-13 05:36:00+00:00,2026-08-13 05:39:00+00:00,63921.37,63938.49,63905.26,63927.19,22.02693
2026-08-13 05:39:00+00:00,2026-08-13 05:42:00+00:00,63927.19,63941.67,63921.0,63921.01,9.39355
2026-08-13 05:42:00+00:00,2026-08-13 05:45:00+00:00,63921.01,63933.91,63921.0,63926.64,8.27308
2026-08-13 05:45:00+00:00,2026-08-13 05:48:00+00:00,63926.63,63933.08,63914.88,63918.03,11.57779
2026-08-13 05:48:00+00:00,2026-08-13 05:51:00+00:00,63918.03,63918.03,63890.0,63890.03,11.68084
2026-08-13 05:51:00+00:00,2026-08-13 05:54:00+00:00,63890.03,63893.33,63890.02,63893.32,5.37057
2026-08-13 05:54:00+00:00,2026-08-13 05:57:00+00:00,63893.33,63894.0,63893.32,63894.0,1.82571
2026-08-13 05:57:00+00:00,2026-08-13 06:00:00+00:00,63894.0,63894.0,63878.0,63878.0,12.15261
2026-08-13 06:00:00+00:00,2026-08-13 06:03:00+00:00,63878.01,63886.73,63854.0,63856.21,17.46764
2026-08-13 06:03:00+00:00,2026-08-13 06:06:00+00:00,63856.21,63856.22,63815.28,63822.98,23.17664
2026-08-13 06:06:00+00:00,2026-08-13 06:09:00+00:00,63822.97,63852.05,63822.97,63824.01,17.09354
2026-08-13 06:09:00+00:00,2026-08-13 06:12:00+00:00,63824.0,63831.28,63822.17,63829.53,16.9975
2026-08-13 06:12:00+00:00,2026-08-13 06:15:00+00:00,63829.54,63847.43,63829.54,63835.88,19.47913
2026-08-13 06:15:00+00:00,2026-08-13 06:18:00+00:00,63835.88,63835.97,63815.28,63817.38,4.08947
2026-08-13 06:18:00+00:00,2026-08-13 06:21:00+00:00,63817.38,63840.56,63815.24,63832.47,10.90454
2026-08-13 06:21:00+00:00,2026-08-13 06:24:00+00:00,63832.47,63850.08,63829.53,63829.54,5.24863
2026-08-13 06:24:00+00:00,2026-08-13 06:27:00+00:00,63829.54,63829.54,63815.75,63815.75,8.19837
2026-08-13 06:27:00+00:00,2026-08-13 06:30:00+00:00,63815.75,63826.38,63814.35,63826.38,4.62175
2026-08-13 06:30:00+00:00,2026-08-13 06:33:00+00:00,63826.38,63826.38,63800.0,63806.13,17.07236
2026-08-13 06:33:00+00:00,2026-08-13 06:36:00+00:00,63806.13,63807.54,63790.0,63800.63,5.9245
2026-08-13 06:36:00+00:00,2026-08-13 06:39:00+00:00,63800.62,63800.63,63783.58,63783.58,4.86363
2026-08-13 06:39:00+00:00,2026-08-13 06:42:00+00:00,63783.58,63783.59,63767.32,63769.56,10.16011
2026-08-13 06:42:00+00:00,2026-08-13 06:45:00+00:00,63769.56,63774.48,63760.88,63760.89,5.91737
2026-08-13 06:45:00+00:00,2026-08-13 06:48:00+00:00,63760.88,63807.99,63757.47,63807.99,12.18936
2026-08-13 06:48:00+00:00,2026-08-13 06:51:00+00:00,63808.0,63814.71,63799.94,63813.75,6.73455
2026-08-13 06:51:00+00:00,2026-08-13 06:54:00+00:00,63813.75,63900.0,63813.75,63890.21,24.09221
2026-08-13 06:54:00+00:00,2026-08-13 06:57:00+00:00,63890.22,63930.9,63890.22,63930.9,19.4607
2026-08-13 06:57:00+00:00,2026-08-13 07:00:00+00:00,63930.89,63942.36,63888.01,63942.35,22.34519
2026-08-13 07:00:00+00:00,2026-08-13 07:03:00+00:00,63942.36,63947.09,63893.63,63893.65,18.60554
2026-08-13 07:03:00+00:00,2026-08-13 07:06:00+00:00,63893.64,63893.65,63864.81,63880.61,56.60915
2026-08-13 07:06:00+00:00,2026-08-13 07:09:00+00:00,63880.61,63900.0,63872.61,63878.64,47.60328
2026-08-13 07:09:00+00:00,2026-08-13 07:12:00+00:00,63878.64,63896.81,63878.0,63888.89,47.96117
2026-08-13 07:12:00+00:00,2026-08-13 07:15:00+00:00,63888.89,63905.06,63878.01,63878.02,29.17298
2026-08-13 07:15:00+00:00,2026-08-13 07:18:00+00:00,63878.02,63888.0,63878.02,63882.91,21.24147
2026-08-13 07:18:00+00:00,2026-08-13 07:21:00+00:00,63882.92,63888.22,63862.0,63862.01,13.4382
2026-08-13 07:21:00+00:00,2026-08-13 07:24:00+00:00,63862.01,63903.99,63862.0,63903.99,22.83998
2026-08-13 07:24:00+00:00,2026-08-13 07:27:00+00:00,63904.0,63919.98,63884.19,63884.2,18.14515
2026-08-13 07:27:00+00:00,2026-08-13 07:30:00+00:00,63884.2,63899.21,63884.19,63899.21,29.56224
2026-08-13 07:30:00+00:00,2026-08-13 07:33:00+00:00,63899.21,63903.19,63896.9,63896.9,47.22926
2026-08-13 07:33:00+00:00,2026-08-13 07:36:00+00:00,63896.91,63896.91,63895.62,63895.63,22.82475
2026-08-13 07:36:00+00:00,2026-08-13 07:39:00+00:00,63895.62,63895.63,63892.28,63892.29,29.83955
2026-08-13 07:39:00+00:00,2026-08-13 07:42:00+00:00,63892.29,63892.29,63881.44,63892.1,16.90587
2026-08-13 07:42:00+00:00,2026-08-13 07:45:00+00:00,63892.11,63892.11,63875.51,63875.52,14.34428
2026-08-13 07:45:00+00:00,2026-08-13 07:48:00+00:00,63875.52,63875.52,63861.95,63861.95,18.08798
2026-08-13 07:48:00+00:00,2026-08-13 07:51:00+00:00,63861.96,63861.96,63856.13,63856.14,23.78846
2026-08-13 07:51:00+00:00,2026-08-13 07:54:00+00:00,63856.14,63856.14,63856.13,63856.14,13.0559
2026-08-13 07:54:00+00:00,2026-08-13 07:57:00+00:00,63856.14,63861.36,63856.13,63861.36,16.18099
2026-08-13 07:57:00+00:00,2026-08-13 08:00:00+00:00,63861.36,63865.84,63859.27,63865.84,25.65965
2026-08-13 08:00:00+00:00,2026-08-13 08:03:00+00:00,63865.84,63912.0,63865.84,63912.0,18.15316
2026-08-13 08:03:00+00:00,2026-08-13 08:06:00+00:00,63912.0,63915.0,63889.67,63889.67,33.42125
2026-08-13 08:06:00+00:00,2026-08-13 08:09:00+00:00,63889.67,63905.86,63881.82,63881.83,17.96253
2026-08-13 08:09:00+00:00,2026-08-13 08:12:00+00:00,63881.82,63881.82,63867.59,63870.0,16.40251
2026-08-13 08:12:00+00:00,2026-08-13 08:15:00+00:00,63870.0,63870.01,63836.0,63836.0,43.74877
2026-08-13 08:15:00+00:00,2026-08-13 08:18:00+00:00,63836.01,63840.01,63821.98,63821.98,23.03241
2026-08-13 08:18:00+00:00,2026-08-13 08:21:00+00:00,63821.99,63821.99,63800.97,63816.39,11.31542
2026-08-13 08:21:00+00:00,2026-08-13 08:24:00+00:00,63816.39,63818.3,63800.0,63801.29,14.60338
2026-08-13 08:24:00+00:00,2026-08-13 08:27:00+00:00,63801.29,63815.8,63795.51,63801.89,56.19646
2026-08-13 08:27:00+00:00,2026-08-13 08:30:00+00:00,63801.89,63801.89,63774.29,63784.61,20.35364
2026-08-13 08:30:00+00:00,2026-08-13 08:33:00+00:00,63784.61,63797.4,63779.99,63780.0,21.95428
2026-08-13 08:33:00+00:00,2026-08-13 08:36:00+00:00,63780.0,63781.03,63774.99,63781.03,16.3002
2026-08-13 08:36:00+00:00,2026-08-13 08:39:00+00:00,63781.02,63794.86,63781.02,63793.36,29.97012
2026-08-13 08:39:00+00:00,2026-08-13 08:42:00+00:00,63793.36,63793.6,63787.14,63793.6,11.78365
2026-08-13 08:42:00+00:00,2026-08-13 08:45:00+00:00,63793.59,63801.99,63793.59,63801.99,18.17557
2026-08-13 08:45:00+00:00,2026-08-13 08:48:00+00:00,63801.99,63801.99,63755.33,63775.65,43.11501
2026-08-13 08:48:00+00:00,2026-08-13 08:51:00+00:00,63775.65,63787.43,63771.19,63771.19,8.91263
2026-08-13 08:51:00+00:00,2026-08-13 08:54:00+00:00,63771.2,63771.2,63750.4,63750.41,11.06057
2026-08-13 08:54:00+00:00,2026-08-13 08:57:00+00:00,63750.4,63761.2,63742.0,63760.01,17.44166
2026-08-13 08:57:00+00:00,2026-08-13 09:00:00+00:00,63760.01,63766.8,63760.0,63766.8,5.91546
2026-08-13 09:00:00+00:00,2026-08-13 09:03:00+00:00,63766.8,63768.77,63747.41,63747.41,17.07327
2026-08-13 09:03:00+00:00,2026-08-13 09:06:00+00:00,63747.41,63747.42,63710.71,63710.72,20.00482
2026-08-13 09:06:00+00:00,2026-08-13 09:09:00+00:00,63710.71,63710.72,63696.78,63696.8,9.45883
2026-08-13 09:09:00+00:00,2026-08-13 09:12:00+00:00,63696.79,63696.79,63660.0,63660.0,14.44785
2026-08-13 09:12:00+00:00,2026-08-13 09:15:00+00:00,63660.01,63660.01,63620.0,63620.01,9.73466
2026-08-13 09:15:00+00:00,2026-08-13 09:18:00+00:00,63620.0,63643.01,63587.99,63638.13,50.48365
2026-08-13 09:18:00+00:00,2026-08-13 09:21:00+00:00,63638.13,63670.0,63638.13,63669.99,14.89068
2026-08-13 09:21:00+00:00,2026-08-13 09:24:00+00:00,63670.0,63703.69,63670.0,63703.69,13.17878
2026-08-13 09:24:00+00:00,2026-08-13 09:27:00+00:00,63703.69,63710.0,63690.0,63690.0,22.3044
2026-08-13 09:27:00+00:00,2026-08-13 09:30:00+00:00,63690.01,63690.01,63650.68,63657.73,11.82986
2026-08-13 09:30:00+00:00,2026-08-13 09:33:00+00:00,63657.72,63700.0,63657.72,63698.0,16.27675
2026-08-13 09:33:00+00:00,2026-08-13 09:36:00+00:00,63697.99,63703.94,63690.01,63690.01,5.82631
2026-08-13 09:36:00+00:00,2026-08-13 09:39:00+00:00,63690.01,63690.01,63674.29,63674.29,5.60605
2026-08-13 09:39:00+00:00,2026-08-13 09:42:00+00:00,63674.3,63675.58,63672.27,63675.58,11.33277
2026-08-13 09:42:00+00:00,2026-08-13 09:45:00+00:00,63675.58,63701.39,63675.57,63700.48,16.28227
2026-08-13 09:45:00+00:00,2026-08-13 09:48:00+00:00,63700.47,63726.68,63700.47,63725.56,24.03731
2026-08-13 09:48:00+00:00,2026-08-13 09:51:00+00:00,63725.57,63742.14,63719.01,63738.38,24.95115
2026-08-13 09:51:00+00:00,2026-08-13 09:54:00+00:00,63738.37,63762.0,63738.37,63761.99,25.04579
2026-08-13 09:54:00+00:00,2026-08-13 09:57:00+00:00,63762.0,63770.58,63762.0,63770.58,13.48106
2026-08-13 09:57:00+00:00,2026-08-13 10:00:00+00:00,63770.58,63786.49,63770.57,63782.64,11.577
2026-08-13 10:00:00+00:00,2026-08-13 10:03:00+00:00,63782.65,63818.16,63700.68,63713.21,49.39057
2026-08-13 10:03:00+00:00,2026-08-13 10:06:00+00:00,63713.2,63713.56,63636.0,63687.98,43.14621
2026-08-13 10:06:00+00:00,2026-08-13 10:09:00+00:00,63687.98,63740.0,63636.0,63636.01,33.84104
2026-08-13 10:09:00+00:00,2026-08-13 10:12:00+00:00,63636.0,63651.24,63623.49,63630.84,34.38884
2026-08-13 10:12:00+00:00,2026-08-13 10:15:00+00:00,63630.85,63639.99,63617.36,63621.06,17.3979
2026-08-13 10:15:00+00:00,2026-08-13 10:18:00+00:00,63621.07,63652.69,63617.36,63652.68,8.22616
2026-08-13 10:18:00+00:00,2026-08-13 10:21:00+00:00,63652.69,63676.0,63640.04,63640.04,5.4852
2026-08-13 10:21:00+00:00,2026-08-13 10:24:00+00:00,63640.05,63644.0,63621.77,63621.77,10.39373
2026-08-13 10:24:00+00:00,2026-08-13 10:27:00+00:00,63621.77,63634.11,63621.77,63634.1,4.51014
2026-08-13 10:27:00+00:00,2026-08-13 10:30:00+00:00,63634.11,63641.61,63628.0,63628.01,3.69036
2026-08-13 10:30:00+00:00,2026-08-13 10:33:00+00:00,63628.01,63628.01,63603.41,63614.0,9.62029
2026-08-13 10:33:00+00:00,2026-08-13 10:36:00+00:00,63614.0,63614.0,63586.0,63610.12,11.31769
2026-08-13 10:36:00+00:00,2026-08-13 10:39:00+00:00,63610.13,63613.5,63608.71,63608.72,27.128
2026-08-13 10:39:00+00:00,2026-08-13 10:42:00+00:00,63608.72,63619.69,63605.15,63619.68,15.78616
2026-08-13 10:42:00+00:00,2026-08-13 10:45:00+00:00,63619.69,63637.87,63619.68,63637.37,10.42945
2026-08-13 10:45:00+00:00,2026-08-13 10:48:00+00:00,63637.37,63638.0,63637.36,63637.99,3.88898
2026-08-13 10:48:00+00:00,2026-08-13 10:51:00+00:00,63637.99,63644.47,63637.99,63641.53,6.74738
2026-08-13 10:51:00+00:00,2026-08-13 10:54:00+00:00,63641.53,63651.2,63641.0,63647.58,13.85836
2026-08-13 10:54:00+00:00,2026-08-13 10:57:00+00:00,63647.58,63651.2,63645.41,63651.2,4.86011
2026-08-13 10:57:00+00:00,2026-08-13 11:00:00+00:00,63651.2,63651.2,63651.19,63651.19,3.69325
2026-08-13 11:00:00+00:00,2026-08-13 11:03:00+00:00,63651.2,63660.76,63650.96,63653.97,10.12355
2026-08-13 11:03:00+00:00,2026-08-13 11:06:00+00:00,63653.97,63654.34,63638.01,63638.01,7.93372
2026-08-13 11:06:00+00:00,2026-08-13 11:09:00+00:00,63638.0,63638.01,63622.68,63622.69,18.06614
2026-08-13 11:09:00+00:00,2026-08-13 11:12:00+00:00,63622.69,63626.0,63613.96,63614.77,8.12591
2026-08-13 11:12:00+00:00,2026-08-13 11:15:00+00:00,63614.77,63622.97,63614.77,63622.97,5.27233
2026-08-13 11:15:00+00:00,2026-08-13 11:18:00+00:00,63622.96,63632.48,63622.0,63624.99,6.47197
2026-08-13 11:18:00+00:00,2026-08-13 11:21:00+00:00,63624.98,63624.99,63616.0,63616.0,3.63539
2026-08-13 11:21:00+00:00,2026-08-13 11:24:00+00:00,63616.0,63616.01,63470.0,63500.0,58.78181
2026-08-13 11:24:00+00:00,2026-08-13 11:27:00+00:00,63500.0,63500.0,63462.0,63465.72,21.41857
2026-08-13 11:27:00+00:00,2026-08-13 11:30:00+00:00,63465.71,63473.81,63442.63,63442.64,40.59399
2026-08-13 11:30:00+00:00,2026-08-13 11:33:00+00:00,63442.63,63451.32,63416.03,63422.36,23.77335
2026-08-13 11:33:00+00:00,2026-08-13 11:36:00+00:00,63422.36,63422.37,63350.0,63372.63,33.38193
2026-08-13 11:36:00+00:00,2026-08-13 11:39:00+00:00,63372.62,63453.96,63372.62,63453.96,13.59727
2026-08-13 11:39:00+00:00,2026-08-13 11:42:00+00:00,63453.95,63480.0,63441.83,63452.29,18.97858
2026-08-13 11:42:00+00:00,2026-08-13 11:45:00+00:00,63452.28,63466.0,63418.58,63465.66,27.16959
2026-08-13 11:45:00+00:00,2026-08-13 11:48:00+00:00,63465.66,63502.4,63464.0,63490.48,18.46388
2026-08-13 11:48:00+00:00,2026-08-13 11:51:00+00:00,63490.47,63494.0,63480.7,63480.71,8.37428
2026-08-13 11:51:00+00:00,2026-08-13 11:54:00+00:00,63480.71,63480.71,63470.0,63474.55,7.58698
2026-08-13 11:54:00+00:00,2026-08-13 11:57:00+00:00,63474.55,63475.9,63470.0,63470.0,13.61223
2026-08-13 11:57:00+00:00,2026-08-13 12:00:00+00:00,63470.01,63484.31,63460.0,63484.3,10.27391
2026-08-13 12:00:00+00:00,2026-08-13 12:03:00+00:00,63484.31,63484.31,63450.0,63463.03,24.10028
2026-08-13 12:03:00+00:00,2026-08-13 12:06:00+00:00,63463.03,63488.0,63463.02,63488.0,9.82814
2026-08-13 12:06:00+00:00,2026-08-13 12:09:00+00:00,63487.99,63525.11,63487.99,63525.11,14.32781
2026-08-13 12:09:00+00:00,2026-08-13 12:12:00+00:00,63525.1,63545.89,63525.1,63526.02,18.13518
2026-08-13 12:12:00+00:00,2026-08-13 12:15:00+00:00,63526.03,63563.45,63526.02,63563.45,24.48986
2026-08-13 12:15:00+00:00,2026-08-13 12:18:00+00:00,63563.45,63563.45,63556.62,63556.62,6.24195
2026-08-13 12:18:00+00:00,2026-08-13 12:21:00+00:00,63556.63,63567.68,63555.49,63567.68,4.7921
2026-08-13 12:21:00+00:00,2026-08-13 12:24:00+00:00,63567.67,63570.05,63563.04,63570.05,9.26431
2026-08-13 12:24:00+00:00,2026-08-13 12:27:00+00:00,63570.05,63580.31,63570.04,63580.31,6.07692
2026-08-13 12:27:00+00:00,2026-08-13 12:30:00+00:00,63580.31,63590.01,63580.3,63582.11,14.71454
2026-08-13 12:30:00+00:00,2026-08-13 12:33:00+00:00,63582.11,63691.99,63468.0,63500.0,95.95975
2026-08-13 12:33:00+00:00,2026-08-13 12:36:00+00:00,63500.0,63648.15,63500.0,63622.0,51.62112
2026-08-13 12:36:00+00:00,2026-08-13 12:39:00+00:00,63622.01,63639.68,63592.0,63592.0,8.80573
2026-08-13 12:39:00+00:00,2026-08-13 12:42:00+00:00,63592.01,63608.0,63528.96,63571.28,24.57759
2026-08-13 12:42:00+00:00,2026-08-13 12:45:00+00:00,63571.28,63587.16,63571.28,63587.16,11.37737
2026-08-13 12:45:00+00:00,2026-08-13 12:48:00+00:00,63587.16,63587.16,63564.0,63586.05,7.99074
2026-08-13 12:48:00+00:00,2026-08-13 12:51:00+00:00,63586.05,63657.46,63580.37,63650.26,23.9902
2026-08-13 12:51:00+00:00,2026-08-13 12:54:00+00:00,63650.27,63650.27,63620.33,63631.97,7.58596
2026-08-13 12:54:00+00:00,2026-08-13 12:57:00+00:00,63631.96,63680.0,63631.96,63679.99,8.46589
2026-08-13 12:57:00+00:00,2026-08-13 13:00:00+00:00,63680.0,63710.0,63679.99,63697.76,12.1275
2026-08-13 13:00:00+00:00,2026-08-13 13:03:00+00:00,63697.76,63773.42,63697.76,63773.42,19.93296
2026-08-13 13:03:00+00:00,2026-08-13 13:06:00+00:00,63773.42,63781.63,63733.31,63738.0,18.70678
2026-08-13 13:06:00+00:00,2026-08-13 13:09:00+00:00,63738.01,63804.28,63738.0,63790.0,26.89487
2026-08-13 13:09:00+00:00,2026-08-13 13:12:00+00:00,63790.0,63790.0,63744.0,63752.43,17.59786
2026-08-13 13:12:00+00:00,2026-08-13 13:15:00+00:00,63752.42,63756.0,63743.66,63743.66,9.77758
2026-08-13 13:15:00+00:00,2026-08-13 13:18:00+00:00,63743.67,63743.67,63712.0,63735.78,16.94069
2026-08-13 13:18:00+00:00,2026-08-13 13:21:00+00:00,63735.77,63735.78,63700.0,63700.01,14.38427
2026-08-13 13:21:00+00:00,2026-08-13 13:24:00+00:00,63700.01,63700.01,63612.0,63612.0,28.87805
2026-08-13 13:24:00+00:00,2026-08-13 13:27:00+00:00,63612.0,63636.0,63570.13,63622.0,28.96459
2026-08-13 13:27:00+00:00,2026-08-13 13:30:00+00:00,63622.01,63622.01,63578.28,63607.68,20.14267
2026-08-13 13:30:00+00:00,2026-08-13 13:33:00+00:00,63607.68,63623.99,63566.0,63623.99,34.74485
2026-08-13 13:33:00+00:00,2026-08-13 13:36:00+00:00,63623.99,63759.7,63623.99,63736.01,59.91689
2026-08-13 13:36:00+00:00,2026-08-13 13:39:00+00:00,63736.0,63782.0,63720.0,63774.0,32.63055
2026-08-13 13:39:00+00:00,2026-08-13 13:42:00+00:00,63774.0,63850.0,63772.71,63816.0,26.44373
2026-08-13 13:42:00+00:00,2026-08-13 13:45:00+00:00,63816.01,63850.0,63791.97,63807.92,27.54286
2026-08-13 13:45:00+00:00,2026-08-13 13:48:00+00:00,63807.92,63807.93,63690.0,63807.93,81.86992
2026-08-13 13:48:00+00:00,2026-08-13 13:51:00+00:00,63807.92,63845.83,63794.0,63794.01,35.61381
2026-08-13 13:51:00+00:00,2026-08-13 13:54:00+00:00,63794.0,63794.01,63732.0,63748.01,27.4792
2026-08-13 13:54:00+00:00,2026-08-13 13:57:00+00:00,63748.01,63780.0,63725.02,63738.3,18.21553
2026-08-13 13:57:00+00:00,2026-08-13 14:00:00+00:00,63738.3,63760.44,63712.0,63724.0,15.18743
2026-08-13 14:00:00+00:00,2026-08-13 14:03:00+00:00,63723.99,63760.0,63704.0,63753.99,29.82888
2026-08-13 14:03:00+00:00,2026-08-13 14:06:00+00:00,63753.99,63753.99,63686.0,63718.01,22.25166
2026-08-13 14:06:00+00:00,2026-08-13 14:09:00+00:00,63718.0,63766.6,63688.55,63718.97,14.29505
2026-08-13 14:09:00+00:00,2026-08-13 14:12:00+00:00,63718.96,63780.0,63688.0,63773.99,24.10965
2026-08-13 14:12:00+00:00,2026-08-13 14:15:00+00:00,63774.0,63846.17,63773.99,63812.01,42.55954
2026-08-13 14:15:00+00:00,2026-08-13 14:18:00+00:00,63812.0,63880.39,63812.0,63859.99,60.36629
2026-08-13 14:18:00+00:00,2026-08-13 14:21:00+00:00,63860.0,63860.0,63796.0,63821.93,18.81059
2026-08-13 14:21:00+00:00,2026-08-13 14:24:00+00:00,63821.93,63884.07,63813.11,63818.37,50.87323
2026-08-13 14:24:00+00:00,2026-08-13 14:27:00+00:00,63818.38,63858.61,63818.37,63822.0,11.18835
2026-08-13 14:27:00+00:00,2026-08-13 14:30:00+00:00,63822.0,63822.01,63768.17,63810.47,19.32232
2026-08-13 14:30:00+00:00,2026-08-13 14:33:00+00:00,63810.47,63941.17,63772.0,63919.99,49.68354
2026-08-13 14:33:00+00:00,2026-08-13 14:36:00+00:00,63919.98,63976.0,63900.0,63962.01,57.23692
2026-08-13 14:36:00+00:00,2026-08-13 14:39:00+00:00,63962.01,63999.0,63948.22,63957.99,49.01369
2026-08-13 14:39:00+00:00,2026-08-13 14:42:00+00:00,63958.0,63989.2,63947.05,63970.17,33.23536
2026-08-13 14:42:00+00:00,2026-08-13 14:45:00+00:00,63970.16,63986.53,63952.01,63960.0,30.15571
2026-08-13 14:45:00+00:00,2026-08-13 14:48:00+00:00,63960.0,63968.0,63912.08,63920.01,41.83506
2026-08-13 14:48:00+00:00,2026-08-13 14:51:00+00:00,63920.01,63930.0,63911.13,63911.14,17.56251
2026-08-13 14:51:00+00:00,2026-08-13 14:54:00+00:00,63911.14,63927.45,63890.0,63895.29,28.07962
2026-08-13 14:54:00+00:00,2026-08-13 14:57:00+00:00,63895.29,63908.0,63870.85,63875.2,46.35632
2026-08-13 14:57:00+00:00,2026-08-13 15:00:00+00:00,63874.98,63883.82,63854.01,63859.45,22.61783
2026-08-13 15:00:00+00:00,2026-08-13 15:03:00+00:00,63859.46,63940.08,63859.46,63933.66,26.75435
2026-08-13 15:03:00+00:00,2026-08-13 15:06:00+00:00,63933.65,63933.65,63863.94,63865.81,15.00725
2026-08-13 15:06:00+00:00,2026-08-13 15:09:00+00:00,63865.81,63865.81,63827.2,63827.21,12.59067
2026-08-13 15:09:00+00:00,2026-08-13 15:12:00+00:00,63827.21,63861.99,63819.19,63861.99,14.59103
2026-08-13 15:12:00+00:00,2026-08-13 15:15:00+00:00,63862.0,63874.03,63822.02,63826.21,26.7127
2026-08-13 15:15:00+00:00,2026-08-13 15:18:00+00:00,63826.2,63828.64,63788.0,63824.0,12.30696
2026-08-13 15:18:00+00:00,2026-08-13 15:21:00+00:00,63824.0,63850.0,63806.0,63841.09,10.91054
2026-08-13 15:21:00+00:00,2026-08-13 15:24:00+00:00,63841.09,63888.0,63822.0,63822.0,33.57501
2026-08-13 15:24:00+00:00,2026-08-13 15:27:00+00:00,63822.01,63824.74,63748.0,63750.0,35.88847
2026-08-13 15:27:00+00:00,2026-08-13 15:30:00+00:00,63750.0,63750.0,63590.8,63627.15,63.81897
2026-08-13 15:30:00+00:00,2026-08-13 15:33:00+00:00,63627.15,63660.0,63607.87,63653.99,22.60833
2026-08-13 15:33:00+00:00,2026-08-13 15:36:00+00:00,63654.0,63685.23,63648.0,63666.78,12.76845
2026-08-13 15:36:00+00:00,2026-08-13 15:39:00+00:00,63666.78,63704.66,63658.8,63678.0,12.42158
2026-08-13 15:39:00+00:00,2026-08-13 15:42:00+00:00,63678.0,63718.0,63678.0,63694.01,14.03987
2026-08-13 15:42:00+00:00,2026-08-13 15:45:00+00:00,63694.0,63752.0,63694.0,63727.29,9.62178
2026-08-13 15:45:00+00:00,2026-08-13 15:48:00+00:00,63727.29,63727.29,63672.41,63672.42,12.87528
2026-08-13 15:48:00+00:00,2026-08-13 15:51:00+00:00,63672.42,63689.84,63628.78,63689.83,32.06707
2026-08-13 15:51:00+00:00,2026-08-13 15:54:00+00:00,63689.83,63689.83,63596.0,63604.31,23.85931
2026-08-13 15:54:00+00:00,2026-08-13 15:57:00+00:00,63604.3,63642.0,63593.4,63594.05,38.77415
2026-08-13 15:57:00+00:00,2026-08-13 16:00:00+00:00,63594.05,63594.05,63420.0,63420.01,73.96691
2026-08-13 16:00:00+00:00,2026-08-13 16:03:00+00:00,63420.01,63469.61,63390.23,63442.72,88.38697
2026-08-13 16:03:00+00:00,2026-08-13 16:06:00+00:00,63442.73,63488.79,63442.72,63488.78,35.79879
2026-08-13 16:06:00+00:00,2026-08-13 16:09:00+00:00,63488.79,63509.4,63400.0,63477.45,52.35346
2026-08-13 16:09:00+00:00,2026-08-13 16:12:00+00:00,63477.45,63489.35,63433.99,63465.18,30.53365
2026-08-13 16:12:00+00:00,2026-08-13 16:15:00+00:00,63465.18,63473.07,63444.0,63464.29,26.93659
2026-08-13 16:15:00+00:00,2026-08-13 16:18:00+00:00,63464.29,63502.0,63454.0,63500.0,31.00863
2026-08-13 16:18:00+00:00,2026-08-13 16:21:00+00:00,63500.0,63508.0,63444.01,63484.19,39.66078
2026-08-13 16:21:00+00:00,2026-08-13 16:24:00+00:00,63484.19,63568.97,63484.19,63564.37,29.44596
2026-08-13 16:24:00+00:00,2026-08-13 16:27:00+00:00,63564.36,63564.37,63537.88,63538.12,23.11562
2026-08-13 16:27:00+00:00,2026-08-13 16:30:00+00:00,63538.13,63538.13,63323.34,63361.48,141.02427
2026-08-13 16:30:00+00:00,2026-08-13 16:33:00+00:00,63361.48,63438.29,63361.48,63410.08,60.24338
2026-08-13 16:33:00+00:00,2026-08-13 16:36:00+00:00,63410.07,63435.65,63386.0,63435.65,27.64465
2026-08-13 16:36:00+00:00,2026-08-13 16:39:00+00:00,63435.64,63435.65,63258.0,63258.02,88.06335
2026-08-13 16:39:00+00:00,2026-08-13 16:42:00+00:00,63258.01,63258.02,62900.0,62900.33,503.4499
2026-08-13 16:42:00+00:00,2026-08-13 16:45:00+00:00,62900.33,62996.0,62802.27,62996.0,272.40175
2026-08-13 16:45:00+00:00,2026-08-13 16:48:00+00:00,62995.99,63094.0,62930.74,63090.0,66.02525
2026-08-13 16:48:00+00:00,2026-08-13 16:51:00+00:00,63089.99,63237.0,63079.46,63224.76,80.75118
2026-08-13 16:51:00+00:00,2026-08-13 16:54:00+00:00,63224.75,63236.0,63060.0,63095.67,64.65795
2026-08-13 16:54:00+00:00,2026-08-13 16:57:00+00:00,63095.67,63139.81,63054.92,63120.0,47.35366
2026-08-13 16:57:00+00:00,2026-08-13 17:00:00+00:00,63120.0,63160.2,63082.72,63160.13,43.51602
2026-08-13 17:00:00+00:00,2026-08-13 17:03:00+00:00,63160.13,63160.14,63078.04,63078.04,64.91708
2026-08-13 17:03:00+00:00,2026-08-13 17:06:00+00:00,63078.05,63130.0,63074.44,63100.36,35.00685
2026-08-13 17:06:00+00:00,2026-08-13 17:09:00+00:00,63100.36,63138.81,63082.94,63114.1,38.68543
2026-08-13 17:09:00+00:00,2026-08-13 17:12:00+00:00,63114.11,63141.36,63114.11,63141.36,29.0831
2026-08-13 17:12:00+00:00,2026-08-13 17:15:00+00:00,63141.35,63158.0,63124.45,63129.78,31.20475
2026-08-13 17:15:00+00:00,2026-08-13 17:18:00+00:00,63129.78,63220.0,63114.1,63160.01,47.11461
2026-08-13 17:18:00+00:00,2026-08-13 17:21:00+00:00,63160.0,63161.99,63104.68,63119.06,37.48564
2026-08-13 17:21:00+00:00,2026-08-13 17:24:00+00:00,63119.06,63217.59,63119.06,63210.99,29.33189
2026-08-13 17:24:00+00:00,2026-08-13 17:27:00+00:00,63210.98,63262.0,63194.45,63194.46,34.67957
2026-08-13 17:27:00+00:00,2026-08-13 17:30:00+00:00,63194.45,63194.45,63170.0,63184.6,30.85504
2026-08-13 17:30:00+00:00,2026-08-13 17:33:00+00:00,63184.6,63264.26,63184.59,63262.72,33.69513
2026-08-13 17:33:00+00:00,2026-08-13 17:36:00+00:00,63262.72,63262.72,63142.95,63142.96,29.72281
2026-08-13 17:36:00+00:00,2026-08-13 17:39:00+00:00,63142.96,63189.99,63107.63,63174.48,25.15549
2026-08-13 17:39:00+00:00,2026-08-13 17:42:00+00:00,63174.47,63221.26,63152.0,63221.25,33.43898
2026-08-13 17:42:00+00:00,2026-08-13 17:45:00+00:00,63221.26,63244.71,63196.21,63244.7,30.27169
2026-08-13 17:45:00+00:00,2026-08-13 17:48:00+00:00,63244.7,63294.61,63238.33,63263.63,30.90366
2026-08-13 17:48:00+00:00,2026-08-13 17:51:00+00:00,63263.64,63266.73,63212.24,63212.84,31.78359
2026-08-13 17:51:00+00:00,2026-08-13 17:54:00+00:00,63212.83,63230.0,63189.13,63191.39,15.41737
2026-08-13 17:54:00+00:00,2026-08-13 17:57:00+00:00,63191.39,63211.39,63158.01,63164.01,14.75103
2026-08-13 17:57:00+00:00,2026-08-13 18:00:00+00:00,63164.0,63182.9,63144.37,63144.38,20.98023
2026-08-13 18:00:00+00:00,2026-08-13 18:03:00+00:00,63144.37,63230.03,63122.0,63225.1,26.96046
2026-08-13 18:03:00+00:00,2026-08-13 18:06:00+00:00,63225.09,63288.0,63225.09,63258.32,22.99032
2026-08-13 18:06:00+00:00,2026-08-13 18:09:00+00:00,63258.33,63258.33,63224.24,63228.28,8.68037
2026-08-13 18:09:00+00:00,2026-08-13 18:12:00+00:00,63228.27,63239.73,63204.01,63210.58,11.98008
2026-08-13 18:12:00+00:00,2026-08-13 18:15:00+00:00,63210.58,63210.59,63200.0,63209.63,4.31497
2026-08-13 18:15:00+00:00,2026-08-13 18:18:00+00:00,63209.64,63235.0,63208.62,63230.0,12.75101
2026-08-13 18:18:00+00:00,2026-08-13 18:21:00+00:00,63230.0,63249.81,63230.0,63235.28,14.61897
2026-08-13 18:21:00+00:00,2026-08-13 18:24:00+00:00,63235.27,63251.3,63217.35,63217.35,10.19629
2026-08-13 18:24:00+00:00,2026-08-13 18:27:00+00:00,63217.34,63217.34,63175.97,63180.26,15.67073
2026-08-13 18:27:00+00:00,2026-08-13 18:30:00+00:00,63180.25,63180.25,63120.0,63120.01,19.4985
2026-08-13 18:30:00+00:00,2026-08-13 18:33:00+00:00,63120.01,63163.11,63105.44,63163.1,29.72158
2026-08-13 18:33:00+00:00,2026-08-13 18:36:00+00:00,63163.11,63192.29,63125.4,63146.0,16.12177
2026-08-13 18:36:00+00:00,2026-08-13 18:39:00+00:00,63146.0,63159.6,63146.0,63150.01,7.14649
2026-08-13 18:39:00+00:00,2026-08-13 18:42:00+00:00,63150.01,63168.19,63138.0,63168.19,12.54221
2026-08-13 18:42:00+00:00,2026-08-13 18:45:00+00:00,63168.19,63200.0,63168.18,63200.0,13.35312
2026-08-13 18:45:00+00:00,2026-08-13 18:48:00+00:00,63200.0,63211.9,63184.39,63204.83,18.97921
2026-08-13 18:48:00+00:00,2026-08-13 18:51:00+00:00,63204.84,63234.0,63198.81,63232.72,6.24988
2026-08-13 18:51:00+00:00,2026-08-13 18:54:00+00:00,63232.73,63341.3,63232.72,63332.51,41.71377
2026-08-13 18:54:00+00:00,2026-08-13 18:57:00+00:00,63332.52,63369.63,63327.29,63344.0,23.07934
2026-08-13 18:57:00+00:00,2026-08-13 19:00:00+00:00,63343.99,63361.79,63310.0,63310.0,9.32274
2026-08-13 19:00:00+00:00,2026-08-13 19:03:00+00:00,63310.0,63349.52,63310.0,63341.64,12.82962
2026-08-13 19:03:00+00:00,2026-08-13 19:06:00+00:00,63341.63,63351.56,63318.58,63351.56,10.39423
2026-08-13 19:06:00+00:00,2026-08-13 19:09:00+00:00,63351.57,63510.13,63351.57,63504.1,63.97889
2026-08-13 19:09:00+00:00,2026-08-13 19:12:00+00:00,63504.1,63519.39,63452.78,63478.13,41.1772
2026-08-13 19:12:00+00:00,2026-08-13 19:15:00+00:00,63478.13,63478.13,63402.0,63406.17,14.27906
2026-08-13 19:15:00+00:00,2026-08-13 19:18:00+00:00,63406.17,63428.0,63381.45,63424.01,21.67261
2026-08-13 19:18:00+00:00,2026-08-13 19:21:00+00:00,63424.0,63424.08,63410.0,63424.08,12.37141
2026-08-13 19:21:00+00:00,2026-08-13 19:24:00+00:00,63424.07,63424.08,63384.14,63405.41,15.61474
2026-08-13 19:24:00+00:00,2026-08-13 19:27:00+00:00,63405.41,63424.08,63405.4,63424.07,12.70359
2026-08-13 19:27:00+00:00,2026-08-13 19:30:00+00:00,63424.07,63424.08,63413.95,63418.24,10.84806
2026-08-13 19:30:00+00:00,2026-08-13 19:33:00+00:00,63418.25,63426.0,63400.0,63419.11,14.90945
2026-08-13 19:33:00+00:00,2026-08-13 19:36:00+00:00,63419.11,63430.0,63391.09,63391.1,12.10359
2026-08-13 19:36:00+00:00,2026-08-13 19:39:00+00:00,63391.1,63442.0,63391.09,63430.0,13.11488
2026-08-13 19:39:00+00:00,2026-08-13 19:42:00+00:00,63430.01,63440.0,63418.0,63423.5,11.37203
2026-08-13 19:42:00+00:00,2026-08-13 19:45:00+00:00,63423.5,63430.0,63388.0,63415.28,24.90814
2026-08-13 19:45:00+00:00,2026-08-13 19:48:00+00:00,63415.28,63466.0,63405.01,63412.0,19.29554
2026-08-13 19:48:00+00:00,2026-08-13 19:51:00+00:00,63412.0,63432.0,63408.67,63432.0,7.08879
2026-08-13 19:51:00+00:00,2026-08-13 19:54:00+00:00,63432.0,63432.0,63400.27,63401.79,9.96459
2026-08-13 19:54:00+00:00,2026-08-13 19:57:00+00:00,63401.8,63412.45,63401.79,63403.02,7.39388
2026-08-13 19:57:00+00:00,2026-08-13 20:00:00+00:00,63403.01,63407.99,63392.93,63407.99,13.12766
2026-08-13 20:00:00+00:00,2026-08-13 20:03:00+00:00,63408.0,63413.89,63370.18,63382.05,26.42642
2026-08-13 20:03:00+00:00,2026-08-13 20:06:00+00:00,63382.05,63441.98,63368.0,63420.0,18.47228
2026-08-13 20:06:00+00:00,2026-08-13 20:09:00+00:00,63420.0,63466.0,63420.0,63447.34,11.29195
2026-08-13 20:09:00+00:00,2026-08-13 20:12:00+00:00,63447.34,63452.0,63416.0,63416.0,9.58193
2026-08-13 20:12:00+00:00,2026-08-13 20:15:00+00:00,63416.01,63416.01,63380.0,63414.25,14.46098
2026-08-13 20:15:00+00:00,2026-08-13 20:18:00+00:00,63414.26,63444.0,63414.26,63444.0,9.05606
2026-08-13 20:18:00+00:00,2026-08-13 20:21:00+00:00,63444.0,63458.03,63430.0,63458.03,15.23752
2026-08-13 20:21:00+00:00,2026-08-13 20:24:00+00:00,63458.02,63458.7,63440.21,63440.21,11.22793
2026-08-13 20:24:00+00:00,2026-08-13 20:27:00+00:00,63440.22,63442.01,63434.0,63442.0,6.75293
2026-08-13 20:27:00+00:00,2026-08-13 20:30:00+00:00,63441.99,63459.78,63441.99,63453.32,13.16306
2026-08-13 20:30:00+00:00,2026-08-13 20:33:00+00:00,63453.31,63470.0,63452.43,63469.99,8.30746
2026-08-13 20:33:00+00:00,2026-08-13 20:36:00+00:00,63470.0,63474.34,63445.25,63454.52,26.08234
2026-08-13 20:36:00+00:00,2026-08-13 20:39:00+00:00,63454.51,63454.52,63442.89,63447.15,3.93896
2026-08-13 20:39:00+00:00,2026-08-13 20:42:00+00:00,63447.14,63447.14,63408.9,63409.39,11.05874
2026-08-13 20:42:00+00:00,2026-08-13 20:45:00+00:00,63409.39,63417.95,63409.38,63417.95,2.81245
2026-08-13 20:45:00+00:00,2026-08-13 20:48:00+00:00,63417.94,63417.95,63398.0,63403.42,7.91331
2026-08-13 20:48:00+00:00,2026-08-13 20:51:00+00:00,63403.43,63403.43,63384.59,63393.56,7.13426
2026-08-13 20:51:00+00:00,2026-08-13 20:54:00+00:00,63393.56,63406.0,63392.0,63405.99,21.93178
2026-08-13 20:54:00+00:00,2026-08-13 20:57:00+00:00,63405.99,63406.0,63382.5,63401.87,11.17176
2026-08-13 20:57:00+00:00,2026-08-13 21:00:00+00:00,63401.88,63415.56,63401.87,63415.55,3.66099
2026-08-13 21:00:00+00:00,2026-08-13 21:03:00+00:00,63415.56,63416.95,63390.0,63416.95,8.19287
2026-08-13 21:03:00+00:00,2026-08-13 21:06:00+00:00,63416.94,63462.39,63416.94,63462.38,9.38593
2026-08-13 21:06:00+00:00,2026-08-13 21:09:00+00:00,63462.38,63477.13,63437.76,63442.43,13.12898
2026-08-13 21:09:00+00:00,2026-08-13 21:12:00+00:00,63442.43,63444.58,63442.42,63444.58,1.95957
2026-08-13 21:12:00+00:00,2026-08-13 21:15:00+00:00,63444.58,63448.0,63426.44,63432.58,7.20688
2026-08-13 21:15:00+00:00,2026-08-13 21:18:00+00:00,63432.58,63435.81,63415.76,63427.01,4.61333
2026-08-13 21:18:00+00:00,2026-08-13 21:21:00+00:00,63427.0,63445.03,63427.0,63445.02,5.11464
2026-08-13 21:21:00+00:00,2026-08-13 21:24:00+00:00,63445.03,63446.47,63431.4,63441.86,5.3141
2026-08-13 21:24:00+00:00,2026-08-13 21:27:00+00:00,63441.87,63451.62,63440.0,63440.01,5.29034
2026-08-13 21:27:00+00:00,2026-08-13 21:30:00+00:00,63440.01,63455.68,63426.29,63455.59,22.76767
2026-08-13 21:30:00+00:00,2026-08-13 21:33:00+00:00,63455.59,63476.42,63452.0,63464.0,9.80448
2026-08-13 21:33:00+00:00,2026-08-13 21:36:00+00:00,63464.0,63471.18,63455.25,63455.25,6.69585
2026-08-13 21:36:00+00:00,2026-08-13 21:39:00+00:00,63455.25,63471.18,63455.25,63471.17,7.77788
2026-08-13 21:39:00+00:00,2026-08-13 21:42:00+00:00,63471.17,63500.0,63468.0,63468.02,15.45077
2026-08-13 21:42:00+00:00,2026-08-13 21:45:00+00:00,63468.02,63474.86,63449.46,63450.12,15.69645
2026-08-13 21:45:00+00:00,2026-08-13 21:48:00+00:00,63450.11,63462.65,63443.96,63443.97,14.77428
2026-08-13 21:48:00+00:00,2026-08-13 21:51:00+00:00,63443.97,63443.97,63443.94,63443.94,3.02447
2026-08-13 21:51:00+00:00,2026-08-13 21:54:00+00:00,63443.94,63464.43,63443.93,63448.15,10.25066
2026-08-13 21:54:00+00:00,2026-08-13 21:57:00+00:00,63448.15,63472.0,63438.4,63471.99,18.9954
2026-08-13 21:57:00+00:00,2026-08-13 22:00:00+00:00,63471.99,63474.0,63471.99,63474.0,2.88889
2026-08-13 22:00:00+00:00,2026-08-13 22:03:00+00:00,63474.0,63545.7,63473.99,63545.69,27.10247
2026-08-13 22:03:00+00:00,2026-08-13 22:06:00+00:00,63545.7,63560.0,63511.17,63530.01,22.94128
2026-08-13 22:06:00+00:00,2026-08-13 22:09:00+00:00,63530.01,63622.0,63524.0,63603.26,26.18567
2026-08-13 22:09:00+00:00,2026-08-13 22:12:00+00:00,63603.26,63603.27,63560.0,63589.99,10.14364
2026-08-13 22:12:00+00:00,2026-08-13 22:15:00+00:00,63589.99,63628.0,63589.98,63612.66,7.37987
2026-08-13 22:15:00+00:00,2026-08-13 22:18:00+00:00,63612.66,63636.0,63606.23,63610.0,10.54609
2026-08-13 22:18:00+00:00,2026-08-13 22:21:00+00:00,63610.01,63610.01,63574.0,63574.01,9.03282
2026-08-13 22:21:00+00:00,2026-08-13 22:24:00+00:00,63574.0,63640.0,63574.0,63586.13,22.49014
2026-08-13 22:24:00+00:00,2026-08-13 22:27:00+00:00,63586.14,63612.0,63586.14,63611.99,9.79231
2026-08-13 22:27:00+00:00,2026-08-13 22:30:00+00:00,63611.99,63620.0,63590.0,63619.99,14.91949
2026-08-13 22:30:00+00:00,2026-08-13 22:33:00+00:00,63620.0,63626.0,63578.0,63581.83,9.55755
2026-08-13 22:33:00+00:00,2026-08-13 22:36:00+00:00,63581.82,63596.0,63578.0,63587.34,3.50612
2026-08-13 22:36:00+00:00,2026-08-13 22:39:00+00:00,63587.33,63587.33,63571.37,63576.51,9.81505
2026-08-13 22:39:00+00:00,2026-08-13 22:42:00+00:00,63576.51,63579.73,63562.0,63562.0,8.65431
2026-08-13 22:42:00+00:00,2026-08-13 22:45:00+00:00,63562.0,63564.0,63554.97,63554.97,5.38109
2026-08-13 22:45:00+00:00,2026-08-13 22:48:00+00:00,63554.97,63560.46,63545.29,63545.29,5.94437
2026-08-13 22:48:00+00:00,2026-08-13 22:51:00+00:00,63545.28,63545.28,63538.3,63538.31,2.04588
2026-08-13 22:51:00+00:00,2026-08-13 22:54:00+00:00,63538.31,63549.53,63532.19,63532.78,6.83736
2026-08-13 22:54:00+00:00,2026-08-13 22:57:00+00:00,63532.78,63535.36,63530.54,63533.04,8.68894
2026-08-13 22:57:00+00:00,2026-08-13 23:00:00+00:00,63533.04,63533.04,63530.0,63530.01,6.01206
2026-08-13 23:00:00+00:00,2026-08-13 23:03:00+00:00,63530.01,63539.03,63506.0,63506.01,18.1909
2026-08-13 23:03:00+00:00,2026-08-13 23:06:00+00:00,63506.01,63509.59,63450.0,63453.39,16.23979
2026-08-13 23:06:00+00:00,2026-08-13 23:09:00+00:00,63453.39,63474.28,63453.38,63470.0,9.68466
2026-08-13 23:09:00+00:00,2026-08-13 23:12:00+00:00,63470.0,63507.69,63470.0,63486.01,15.41814
2026-08-13 23:12:00+00:00,2026-08-13 23:15:00+00:00,63486.01,63486.01,63478.0,63478.01,5.04344
2026-08-13 23:15:00+00:00,2026-08-13 23:18:00+00:00,63478.0,63479.71,63475.0,63475.0,5.7843
2026-08-13 23:18:00+00:00,2026-08-13 23:21:00+00:00,63475.01,63475.01,63455.41,63474.01,11.69543
2026-08-13 23:21:00+00:00,2026-08-13 23:24:00+00:00,63474.01,63488.88,63461.03,63461.03,35.39943
2026-08-13 23:24:00+00:00,2026-08-13 23:27:00+00:00,63461.02,63473.03,63460.0,63469.88,7.61606
2026-08-13 23:27:00+00:00,2026-08-13 23:30:00+00:00,63469.88,63479.52,63466.99,63479.52,15.68198
2026-08-13 23:30:00+00:00,2026-08-13 23:33:00+00:00,63479.51,63491.53,63479.51,63486.59,12.5751
2026-08-13 23:33:00+00:00,2026-08-13 23:36:00+00:00,63486.59,63501.14,63475.2,63475.21,39.08173
2026-08-13 23:36:00+00:00,2026-08-13 23:39:00+00:00,63475.21,63475.21,63466.99,63467.0,10.6125
2026-08-13 23:39:00+00:00,2026-08-13 23:42:00+00:00,63467.0,63467.0,63463.0,63466.0,37.70992
2026-08-13 23:42:00+00:00,2026-08-13 23:45:00+00:00,63466.0,63466.0,63448.0,63459.97,21.22565
2026-08-13 23:45:00+00:00,2026-08-13 23:48:00+00:00,63459.97,63459.97,63436.17,63436.18,22.6804
2026-08-13 23:48:00+00:00,2026-08-13 23:51:00+00:00,63436.18,63448.3,63419.17,63419.18,11.86676
2026-08-13 23:51:00+00:00,2026-08-13 23:54:00+00:00,63419.17,63419.81,63414.0,63414.0,12.67225
2026-08-13 23:54:00+00:00,2026-08-13 23:57:00+00:00,63414.01,63464.16,63400.0,63462.59,55.76048
2026-08-13 23:57:00+00:00,2026-08-14 00:00:00+00:00,63462.59,63495.57,63462.58,63490.86,32.87074
2026-08-14 00:00:00+00:00,2026-08-14 00:03:00+00:00,63490.86,63506.16,63458.0,63458.0,77.7214
2026-08-14 00:03:00+00:00,2026-08-14 00:06:00+00:00,63458.01,63501.15,63421.64,63492.01,25.19324
2026-08-14 00:06:00+00:00,2026-08-14 00:09:00+00:00,63492.01,63497.3,63484.28,63488.13,8.94738
2026-08-14 00:09:00+00:00,2026-08-14 00:12:00+00:00,63488.13,63508.0,63488.13,63504.19,18.68081
2026-08-14 00:12:00+00:00,2026-08-14 00:15:00+00:00,63504.22,63504.23,63503.23,63503.24,3.8721
2026-08-14 00:15:00+00:00,2026-08-14 00:18:00+00:00,63503.23,63526.4,63498.11,63498.12,13.10032
2026-08-14 00:18:00+00:00,2026-08-14 00:21:00+00:00,63498.11,63514.0,63491.83,63509.99,13.79909
2026-08-14 00:21:00+00:00,2026-08-14 00:24:00+00:00,63510.0,63552.99,63510.0,63550.0,17.20298
2026-08-14 00:24:00+00:00,2026-08-14 00:27:00+00:00,63550.0,63552.99,63484.0,63484.0,17.01556
2026-08-14 00:27:00+00:00,2026-08-14 00:30:00+00:00,63483.02,63483.02,63422.77,63444.34,15.66872
2026-08-14 00:30:00+00:00,2026-08-14 00:33:00+00:00,63444.34,63444.34,63410.0,63422.08,18.5799
2026-08-14 00:33:00+00:00,2026-08-14 00:36:00+00:00,63422.07,63436.68,63410.0,63436.68,12.66138
2026-08-14 00:36:00+00:00,2026-08-14 00:39:00+00:00,63436.67,63447.84,63426.0,63434.96,30.76705
2026-08-14 00:39:00+00:00,2026-08-14 00:42:00+00:00,63434.97,63477.78,63434.96,63477.78,8.62693
2026-08-14 00:42:00+00:00,2026-08-14 00:45:00+00:00,63477.78,63548.87,63477.77,63526.01,32.90692
2026-08-14 00:45:00+00:00,2026-08-14 00:48:00+00:00,63526.01,63526.01,63478.46,63492.0,10.48904
2026-08-14 00:48:00+00:00,2026-08-14 00:51:00+00:00,63491.99,63526.87,63486.01,63526.87,17.13688
2026-08-14 00:51:00+00:00,2026-08-14 00:54:00+00:00,63526.86,63552.99,63522.22,63541.26,10.42052
2026-08-14 00:54:00+00:00,2026-08-14 00:57:00+00:00,63541.26,63546.81,63522.0,63522.0,16.45979
2026-08-14 00:57:00+00:00,2026-08-14 01:00:00+00:00,63522.01,63541.45,63522.01,63541.45,8.55365
2026-08-14 01:00:00+00:00,2026-08-14 01:03:00+00:00,63541.45,63570.05,63513.91,63562.95,16.38406
2026-08-14 01:03:00+00:00,2026-08-14 01:06:00+00:00,63562.95,63583.99,63548.04,63583.99,19.8431
2026-08-14 01:06:00+00:00,2026-08-14 01:09:00+00:00,63584.0,63585.92,63508.48,63524.38,16.47663
2026-08-14 01:09:00+00:00,2026-08-14 01:12:00+00:00,63524.37,63525.73,63482.0,63491.72,13.98725
2026-08-14 01:12:00+00:00,2026-08-14 01:15:00+00:00,63491.72,63528.83,63485.7,63507.83,15.31452
2026-08-14 01:15:00+00:00,2026-08-14 01:18:00+00:00,63507.83,63514.64,63476.0,63476.0,19.93316
2026-08-14 01:18:00+00:00,2026-08-14 01:21:00+00:00,63476.0,63498.0,63458.0,63498.0,9.76728
2026-08-14 01:21:00+00:00,2026-08-14 01:24:00+00:00,63497.99,63563.71,63494.32,63548.58,19.89712
2026-08-14 01:24:00+00:00,2026-08-14 01:27:00+00:00,63548.58,63566.27,63533.54,63552.54,19.93792
2026-08-14 01:27:00+00:00,2026-08-14 01:30:00+00:00,63552.55,63552.55,63486.08,63486.09,12.25937
2026-08-14 01:30:00+00:00,2026-08-14 01:33:00+00:00,63486.09,63487.83,63468.07,63487.83,9.41413
2026-08-14 01:33:00+00:00,2026-08-14 01:36:00+00:00,63487.83,63520.0,63476.01,63520.0,12.81226
2026-08-14 01:36:00+00:00,2026-08-14 01:39:00+00:00,63519.99,63533.94,63510.75,63512.0,9.60316
2026-08-14 01:39:00+00:00,2026-08-14 01:42:00+00:00,63512.01,63546.0,63512.01,63546.0,4.01435
2026-08-14 01:42:00+00:00,2026-08-14 01:45:00+00:00,63546.0,63558.0,63545.99,63557.99,4.15685
2026-08-14 01:45:00+00:00,2026-08-14 01:48:00+00:00,63557.99,63559.89,63521.12,63541.99,12.71746
2026-08-14 01:48:00+00:00,2026-08-14 01:51:00+00:00,63542.0,63553.14,63534.0,63545.88,8.36468
2026-08-14 01:51:00+00:00,2026-08-14 01:54:00+00:00,63545.87,63550.0,63532.48,63548.0,5.67343
2026-08-14 01:54:00+00:00,2026-08-14 01:57:00+00:00,63548.0,63548.5,63526.01,63533.31,5.31825
2026-08-14 01:57:00+00:00,2026-08-14 02:00:00+00:00,63533.31,63585.01,63533.3,63575.86,75.03893
2026-08-14 02:00:00+00:00,2026-08-14 02:03:00+00:00,63575.86,63579.82,63554.61,63555.91,5.47701
2026-08-14 02:03:00+00:00,2026-08-14 02:06:00+00:00,63555.9,63573.58,63549.89,63549.9,11.9497
2026-08-14 02:06:00+00:00,2026-08-14 02:09:00+00:00,63549.9,63617.45,63547.65,63600.01,17.35032
2026-08-14 02:09:00+00:00,2026-08-14 02:12:00+00:00,63600.01,63614.0,63590.0,63599.14,31.44144
2026-08-14 02:12:00+00:00,2026-08-14 02:15:00+00:00,63599.14,63599.14,63502.34,63568.83,261.44452
2026-08-14 02:15:00+00:00,2026-08-14 02:18:00+00:00,63568.83,63582.0,63556.0,63556.0,19.67674
2026-08-14 02:18:00+00:00,2026-08-14 02:21:00+00:00,63556.01,63556.01,63502.0,63519.64,11.67832
2026-08-14 02:21:00+00:00,2026-08-14 02:24:00+00:00,63519.64,63530.85,63510.96,63520.35,12.40567
2026-08-14 02:24:00+00:00,2026-08-14 02:27:00+00:00,63520.35,63520.36,63490.33,63492.45,11.87922
2026-08-14 02:27:00+00:00,2026-08-14 02:30:00+00:00,63492.45,63492.46,63479.85,63487.54,12.03641
2026-08-14 02:30:00+00:00,2026-08-14 02:33:00+00:00,63487.55,63557.79,63487.54,63557.78,5.38496
2026-08-14 02:33:00+00:00,2026-08-14 02:36:00+00:00,63557.79,63557.79,63527.27,63546.99,11.71499
2026-08-14 02:36:00+00:00,2026-08-14 02:39:00+00:00,63546.99,63550.0,63524.58,63524.59,9.58957
2026-08-14 02:39:00+00:00,2026-08-14 02:42:00+00:00,63524.59,63533.02,63498.24,63519.99,17.42946
2026-08-14 02:42:00+00:00,2026-08-14 02:45:00+00:00,63520.0,63520.0,63512.0,63516.42,9.37924
2026-08-14 02:45:00+00:00,2026-08-14 02:48:00+00:00,63516.42,63543.78,63516.41,63530.48,18.53476
2026-08-14 02:48:00+00:00,2026-08-14 02:51:00+00:00,63530.48,63543.78,63530.0,63543.77,2.1271
2026-08-14 02:51:00+00:00,2026-08-14 02:54:00+00:00,63543.78,63559.76,63543.77,63558.45,5.8934
2026-08-14 02:54:00+00:00,2026-08-14 02:57:00+00:00,63558.45,63558.45,63500.0,63500.0,8.45735
2026-08-14 02:57:00+00:00,2026-08-14 03:00:00+00:00,63500.01,63500.01,63465.38,63465.39,5.54457
2026-08-14 03:00:00+00:00,2026-08-14 03:03:00+00:00,63465.39,63470.71,63425.59,63425.6,13.23049
2026-08-14 03:03:00+00:00,2026-08-14 03:06:00+00:00,63425.6,63444.43,63418.74,63442.56,9.93133
2026-08-14 03:06:00+00:00,2026-08-14 03:09:00+00:00,63442.57,63448.0,63436.0,63446.11,5.07568
2026-08-14 03:09:00+00:00,2026-08-14 03:12:00+00:00,63446.11,63454.0,63437.8,63454.0,5.56558
2026-08-14 03:12:00+00:00,2026-08-14 03:15:00+00:00,63453.99,63492.11,63453.99,63492.11,19.99765
2026-08-14 03:15:00+00:00,2026-08-14 03:18:00+00:00,63492.11,63555.48,63492.1,63546.0,10.96245
2026-08-14 03:18:00+00:00,2026-08-14 03:21:00+00:00,63545.99,63576.0,63545.99,63550.81,23.52074
2026-08-14 03:21:00+00:00,2026-08-14 03:24:00+00:00,63550.8,63565.99,63548.02,63548.03,8.79459
2026-08-14 03:24:00+00:00,2026-08-14 03:27:00+00:00,63548.03,63548.03,63492.34,63492.35,14.90817
2026-08-14 03:27:00+00:00,2026-08-14 03:30:00+00:00,63492.35,63494.0,63453.3,63464.0,19.00367
2026-08-14 03:30:00+00:00,2026-08-14 03:33:00+00:00,63464.0,63464.01,63430.69,63430.7,11.49297
2026-08-14 03:33:00+00:00,2026-08-14 03:36:00+00:00,63430.7,63436.47,63405.95,63405.96,18.15474
2026-08-14 03:36:00+00:00,2026-08-14 03:39:00+00:00,63405.96,63406.01,63357.34,63357.35,27.36366
2026-08-14 03:39:00+00:00,2026-08-14 03:42:00+00:00,63357.34,63375.27,63357.34,63358.68,12.30407
2026-08-14 03:42:00+00:00,2026-08-14 03:45:00+00:00,63358.69,63389.29,63358.68,63380.1,12.47933
2026-08-14 03:45:00+00:00,2026-08-14 03:48:00+00:00,63380.09,63380.1,63358.69,63362.11,9.08783
2026-08-14 03:48:00+00:00,2026-08-14 03:51:00+00:00,63362.1,63370.21,63340.0,63341.47,21.66424
2026-08-14 03:51:00+00:00,2026-08-14 03:54:00+00:00,63341.47,63341.48,63336.25,63336.25,8.92852
2026-08-14 03:54:00+00:00,2026-08-14 03:57:00+00:00,63336.26,63350.0,63336.25,63350.0,16.30124
2026-08-14 03:57:00+00:00,2026-08-14 04:00:00+00:00,63350.0,63350.0,63301.58,63310.0,28.07468
2026-08-14 04:00:00+00:00,2026-08-14 04:03:00+00:00,63310.0,63342.0,63276.0,63341.99,26.92405
2026-08-14 04:03:00+00:00,2026-08-14 04:06:00+00:00,63341.99,63390.0,63341.99,63390.0,14.14517
2026-08-14 04:06:00+00:00,2026-08-14 04:09:00+00:00,63390.0,63399.04,63386.9,63399.04,3.89583
2026-08-14 04:09:00+00:00,2026-08-14 04:12:00+00:00,63399.04,63406.06,63398.44,63398.44,10.64205
2026-08-14 04:12:00+00:00,2026-08-14 04:15:00+00:00,63398.45,63408.27,63398.44,63408.26,9.17733
2026-08-14 04:15:00+00:00,2026-08-14 04:18:00+00:00,63408.27,63472.5,63408.26,63450.19,16.13544
2026-08-14 04:18:00+00:00,2026-08-14 04:21:00+00:00,63450.2,63450.2,63418.0,63418.01,10.71147
2026-08-14 04:21:00+00:00,2026-08-14 04:24:00+00:00,63418.01,63418.01,63404.0,63404.01,5.18172
2026-08-14 04:24:00+00:00,2026-08-14 04:27:00+00:00,63404.01,63411.27,63370.75,63401.99,118.3854
2026-08-14 04:27:00+00:00,2026-08-14 04:30:00+00:00,63401.99,63430.01,63388.0,63423.5,129.70923
2026-08-14 04:30:00+00:00,2026-08-14 04:33:00+00:00,63423.49,63429.0,63410.84,63410.85,49.0996
2026-08-14 04:33:00+00:00,2026-08-14 04:36:00+00:00,63410.85,63420.34,63396.64,63396.65,14.0286
2026-08-14 04:36:00+00:00,2026-08-14 04:39:00+00:00,63396.64,63400.0,63390.69,63400.0,10.38571
2026-08-14 04:39:00+00:00,2026-08-14 04:42:00+00:00,63400.0,63406.59,63396.77,63399.71,59.91045
2026-08-14 04:42:00+00:00,2026-08-14 04:45:00+00:00,63399.71,63399.72,63383.0,63389.99,23.95017
2026-08-14 04:45:00+00:00,2026-08-14 04:48:00+00:00,63390.0,63397.99,63380.59,63397.99,10.42301
2026-08-14 04:48:00+00:00,2026-08-14 04:51:00+00:00,63397.99,63397.99,63384.27,63384.28,4.1617
2026-08-14 04:51:00+00:00,2026-08-14 04:54:00+00:00,63384.27,63387.95,63384.27,63387.95,2.49736
2026-08-14 04:54:00+00:00,2026-08-14 04:57:00+00:00,63387.95,63387.95,63370.75,63370.76,5.38167
2026-08-14 04:57:00+00:00,2026-08-14 05:00:00+00:00,63370.76,63372.56,63367.72,63372.56,5.91443
2026-08-14 05:00:00+00:00,2026-08-14 05:03:00+00:00,63372.56,63400.3,63371.78,63400.3,10.78962
2026-08-14 05:03:00+00:00,2026-08-14 05:06:00+00:00,63400.29,63400.3,63373.58,63373.59,12.64859
2026-08-14 05:06:00+00:00,2026-08-14 05:09:00+00:00,63373.59,63373.59,63345.61,63345.62,6.75126
2026-08-14 05:09:00+00:00,2026-08-14 05:12:00+00:00,63345.61,63347.97,63332.73,63346.6,11.96346
2026-08-14 05:12:00+00:00,2026-08-14 05:15:00+00:00,63346.61,63346.61,63332.76,63337.22,8.69618
2026-08-14 05:15:00+00:00,2026-08-14 05:18:00+00:00,63337.22,63351.08,63317.49,63351.08,10.05233
2026-08-14 05:18:00+00:00,2026-08-14 05:21:00+00:00,63351.08,63352.0,63322.23,63326.04,5.84787
2026-08-14 05:21:00+00:00,2026-08-14 05:24:00+00:00,63326.04,63356.0,63300.0,63300.0,25.55891
2026-08-14 05:24:00+00:00,2026-08-14 05:27:00+00:00,63300.01,63321.64,63286.67,63316.44,18.39029
2026-08-14 05:27:00+00:00,2026-08-14 05:30:00+00:00,63316.44,63329.19,63316.44,63322.65,7.23102
2026-08-14 05:30:00+00:00,2026-08-14 05:33:00+00:00,63322.64,63350.0,63306.0,63349.99,11.36283
2026-08-14 05:33:00+00:00,2026-08-14 05:36:00+00:00,63349.99,63350.0,63335.15,63341.99,11.17552
2026-08-14 05:36:00+00:00,2026-08-14 05:39:00+00:00,63342.0,63355.88,63342.0,63353.06,9.71792
2026-08-14 05:39:00+00:00,2026-08-14 05:42:00+00:00,63353.06,63361.79,63351.83,63361.79,6.67996
2026-08-14 05:42:00+00:00,2026-08-14 05:45:00+00:00,63361.78,63370.91,63350.0,63350.01,10.13366
2026-08-14 05:45:00+00:00,2026-08-14 05:48:00+00:00,63350.01,63367.46,63350.0,63367.45,9.84076
2026-08-14 05:48:00+00:00,2026-08-14 05:51:00+00:00,63367.46,63367.46,63345.95,63345.96,6.51887
2026-08-14 05:51:00+00:00,2026-08-14 05:54:00+00:00,63345.96,63363.83,63345.95,63363.83,3.96631
2026-08-14 05:54:00+00:00,2026-08-14 05:57:00+00:00,63363.83,63395.81,63363.82,63379.62,10.6272
2026-08-14 05:57:00+00:00,2026-08-14 06:00:00+00:00,63379.62,63379.83,63374.62,63379.83,3.76317
2026-08-14 06:00:00+00:00,2026-08-14 06:03:00+00:00,63379.83,63379.83,63352.03,63352.04,56.00572
2026-08-14 06:03:00+00:00,2026-08-14 06:06:00+00:00,63352.03,63352.04,63333.32,63345.99,32.79282
2026-08-14 06:06:00+00:00,2026-08-14 06:09:00+00:00,63345.99,63346.47,63331.0,63331.01,33.06826
2026-08-14 06:09:00+00:00,2026-08-14 06:12:00+00:00,63331.0,63331.01,63294.52,63315.68,12.81956
2026-08-14 06:12:00+00:00,2026-08-14 06:15:00+00:00,63315.69,63327.99,63294.52,63294.52,15.45604
2026-08-14 06:15:00+00:00,2026-08-14 06:18:00+00:00,63294.53,63299.6,63264.0,63264.01,24.93121
2026-08-14 06:18:00+00:00,2026-08-14 06:21:00+00:00,63264.01,63264.01,63210.52,63222.44,31.75317
2026-08-14 06:21:00+00:00,2026-08-14 06:24:00+00:00,63222.44,63231.11,63212.52,63231.11,18.61129
2026-08-14 06:24:00+00:00,2026-08-14 06:27:00+00:00,63231.11,63250.2,63214.49,63214.5,25.07568
2026-08-14 06:27:00+00:00,2026-08-14 06:30:00+00:00,63214.49,63214.49,63183.87,63183.87,22.60972
2026-08-14 06:30:00+00:00,2026-08-14 06:33:00+00:00,63183.88,63236.65,63183.88,63228.26,16.97064
2026-08-14 06:33:00+00:00,2026-08-14 06:36:00+00:00,63228.25,63243.53,63220.0,63225.77,8.97382
2026-08-14 06:36:00+00:00,2026-08-14 06:39:00+00:00,63225.78,63225.78,63180.0,63180.01,10.61273
2026-08-14 06:39:00+00:00,2026-08-14 06:42:00+00:00,63180.0,63214.5,63180.0,63196.01,16.6634
2026-08-14 06:42:00+00:00,2026-08-14 06:45:00+00:00,63196.01,63196.01,63174.04,63180.53,29.55239
2026-08-14 06:45:00+00:00,2026-08-14 06:48:00+00:00,63180.54,63207.78,63180.53,63184.29,17.66182
2026-08-14 06:48:00+00:00,2026-08-14 06:51:00+00:00,63184.3,63192.43,63151.56,63192.43,20.42717
2026-08-14 06:51:00+00:00,2026-08-14 06:54:00+00:00,63192.43,63199.82,63016.42,63030.72,90.23579
2026-08-14 06:54:00+00:00,2026-08-14 06:57:00+00:00,63030.72,63063.69,63027.8,63041.43,28.29966
2026-08-14 06:57:00+00:00,2026-08-14 07:00:00+00:00,63041.44,63046.0,62942.0,62974.14,115.21172
2026-08-14 07:00:00+00:00,2026-08-14 07:03:00+00:00,62974.14,63028.0,62952.17,63028.0,52.87579
2026-08-14 07:03:00+00:00,2026-08-14 07:06:00+00:00,63028.0,63041.37,63020.21,63041.37,20.27666
2026-08-14 07:06:00+00:00,2026-08-14 07:09:00+00:00,63041.37,63079.23,63041.36,63055.66,17.95098
2026-08-14 07:09:00+00:00,2026-08-14 07:12:00+00:00,63055.67,63074.65,63055.66,63074.65,21.82912
2026-08-14 07:12:00+00:00,2026-08-14 07:15:00+00:00,63074.65,63086.16,63056.77,63072.0,15.68327
2026-08-14 07:15:00+00:00,2026-08-14 07:18:00+00:00,63072.0,63096.8,63071.99,63092.48,10.8961
2026-08-14 07:18:00+00:00,2026-08-14 07:21:00+00:00,63092.49,63101.13,63088.0,63088.0,33.19514
2026-08-14 07:21:00+00:00,2026-08-14 07:24:00+00:00,63088.01,63109.89,63088.0,63109.88,13.94116
2026-08-14 07:24:00+00:00,2026-08-14 07:27:00+00:00,63109.89,63110.0,63106.12,63110.0,13.00426
2026-08-14 07:27:00+00:00,2026-08-14 07:30:00+00:00,63109.99,63110.0,63102.0,63103.18,29.57262
2026-08-14 07:30:00+00:00,2026-08-14 07:33:00+00:00,63103.18,63104.13,63036.91,63041.66,87.88975
2026-08-14 07:33:00+00:00,2026-08-14 07:36:00+00:00,63041.66,63041.66,63003.0,63003.01,69.4666
2026-08-14 07:36:00+00:00,2026-08-14 07:39:00+00:00,63003.01,63006.54,62986.51,62986.52,32.07513
2026-08-14 07:39:00+00:00,2026-08-14 07:42:00+00:00,62986.52,63025.45,62965.9,63025.45,39.69635
2026-08-14 07:42:00+00:00,2026-08-14 07:45:00+00:00,63025.45,63030.0,63024.41,63024.42,29.04265
2026-08-14 07:45:00+00:00,2026-08-14 07:48:00+00:00,63024.42,63024.42,62986.0,62986.01,41.87927
2026-08-14 07:48:00+00:00,2026-08-14 07:51:00+00:00,62986.0,63013.85,62986.0,62989.18,47.3132
2026-08-14 07:51:00+00:00,2026-08-14 07:54:00+00:00,62989.18,62989.18,62960.0,62979.62,44.77983
2026-08-14 07:54:00+00:00,2026-08-14 07:57:00+00:00,62979.62,62991.27,62957.75,62957.76,64.10061
2026-08-14 07:57:00+00:00,2026-08-14 08:00:00+00:00,62957.76,62957.76,62920.0,62920.78,44.76529
2026-08-14 08:00:00+00:00,2026-08-14 08:03:00+00:00,62920.78,62937.99,62900.0,62914.0,79.68778
2026-08-14 08:03:00+00:00,2026-08-14 08:06:00+00:00,62914.0,62946.88,62913.99,62932.14,29.89391
2026-08-14 08:06:00+00:00,2026-08-14 08:09:00+00:00,62932.15,62944.74,62917.94,62933.08,18.7288
2026-08-14 08:09:00+00:00,2026-08-14 08:12:00+00:00,62933.07,62940.0,62915.0,62915.01,19.81887
2026-08-14 08:12:00+00:00,2026-08-14 08:15:00+00:00,62915.01,62922.0,62900.0,62913.54,33.36363
2026-08-14 08:15:00+00:00,2026-08-14 08:18:00+00:00,62913.84,62997.83,62913.84,62928.78,51.04401
2026-08-14 08:18:00+00:00,2026-08-14 08:21:00+00:00,62928.78,62931.19,62889.47,62891.53,55.845
2026-08-14 08:21:00+00:00,2026-08-14 08:24:00+00:00,62891.52,62936.0,62840.0,62849.47,94.3265
2026-08-14 08:24:00+00:00,2026-08-14 08:27:00+00:00,62849.47,62849.47,62735.2,62759.1,137.63681
2026-08-14 08:27:00+00:00,2026-08-14 08:30:00+00:00,62759.1,62800.0,62755.24,62781.17,43.45995
2026-08-14 08:30:00+00:00,2026-08-14 08:33:00+00:00,62781.17,62784.53,62710.44,62710.45,48.94637
2026-08-14 08:33:00+00:00,2026-08-14 08:36:00+00:00,62710.44,62842.67,62700.0,62842.66,82.86113
2026-08-14 08:36:00+00:00,2026-08-14 08:39:00+00:00,62842.67,62876.19,62821.11,62869.9,44.8497
2026-08-14 08:39:00+00:00,2026-08-14 08:42:00+00:00,62869.9,62869.9,62844.74,62845.27,19.38596
2026-08-14 08:42:00+00:00,2026-08-14 08:45:00+00:00,62845.26,62845.26,62818.0,62843.49,28.57647
2026-08-14 08:45:00+00:00,2026-08-14 08:48:00+00:00,62843.48,62882.81,62818.08,62872.87,28.35976
2026-08-14 08:48:00+00:00,2026-08-14 08:51:00+00:00,62872.87,62896.14,62872.86,62893.17,16.10374
2026-08-14 08:51:00+00:00,2026-08-14 08:54:00+00:00,62893.17,62925.74,62893.16,62925.74,20.52628
2026-08-14 08:54:00+00:00,2026-08-14 08:57:00+00:00,62925.74,62931.1,62907.07,62907.07,27.63673
2026-08-14 08:57:00+00:00,2026-08-14 09:00:00+00:00,62907.07,62942.58,62907.07,62940.01,11.43303
2026-08-14 09:00:00+00:00,2026-08-14 09:03:00+00:00,62940.01,62940.01,62901.22,62901.22,24.44066
2026-08-14 09:03:00+00:00,2026-08-14 09:06:00+00:00,62901.23,62901.23,62892.0,62892.01,17.06749
2026-08-14 09:06:00+00:00,2026-08-14 09:09:00+00:00,62892.01,62892.01,62873.14,62873.64,8.81265
2026-08-14 09:09:00+00:00,2026-08-14 09:12:00+00:00,62873.64,62877.78,62856.38,62872.58,20.5282
2026-08-14 09:12:00+00:00,2026-08-14 09:15:00+00:00,62872.59,62877.05,62856.0,62877.04,18.02821
2026-08-14 09:15:00+00:00,2026-08-14 09:18:00+00:00,62877.05,62893.97,62872.26,62886.61,51.12534
2026-08-14 09:18:00+00:00,2026-08-14 09:21:00+00:00,62886.61,62891.44,62875.12,62891.41,71.3355
2026-08-14 09:21:00+00:00,2026-08-14 09:24:00+00:00,62891.41,62907.03,62891.4,62907.03,8.9759
2026-08-14 09:24:00+00:00,2026-08-14 09:27:00+00:00,62907.03,62912.32,62907.02,62912.32,7.24167
2026-08-14 09:27:00+00:00,2026-08-14 09:30:00+00:00,62912.32,62912.32,62794.98,62794.98,37.72834
2026-08-14 09:30:00+00:00,2026-08-14 09:33:00+00:00,62794.99,62794.99,62763.54,62789.99,24.00534
2026-08-14 09:33:00+00:00,2026-08-14 09:36:00+00:00,62789.99,62817.59,62780.01,62794.08,22.37248
2026-08-14 09:36:00+00:00,2026-08-14 09:39:00+00:00,62794.08,62801.06,62774.0,62774.01,28.3813
2026-08-14 09:39:00+00:00,2026-08-14 09:42:00+00:00,62774.01,62774.01,62744.0,62757.03,19.08523
2026-08-14 09:42:00+00:00,2026-08-14 09:45:00+00:00,62757.03,62772.0,62756.76,62763.78,14.97532
2026-08-14 09:45:00+00:00,2026-08-14 09:48:00+00:00,62763.78,62790.51,62763.78,62790.51,16.89693
2026-08-14 09:48:00+00:00,2026-08-14 09:51:00+00:00,62790.51,62841.37,62790.5,62824.16,30.75777
2026-08-14 09:51:00+00:00,2026-08-14 09:54:00+00:00,62824.15,62834.83,62792.0,62794.36,24.2379
2026-08-14 09:54:00+00:00,2026-08-14 09:57:00+00:00,62794.35,62817.94,62790.52,62802.29,11.33242
2026-08-14 09:57:00+00:00,2026-08-14 10:00:00+00:00,62802.28,62802.29,62784.0,62792.75,43.82054
2026-08-14 10:00:00+00:00,2026-08-14 10:03:00+00:00,62792.75,62805.85,62739.98,62792.43,122.10809
2026-08-14 10:03:00+00:00,2026-08-14 10:06:00+00:00,62792.43,62839.88,62792.43,62826.06,19.01653
2026-08-14 10:06:00+00:00,2026-08-14 10:09:00+00:00,62826.05,62834.32,62823.07,62823.25,25.56308
2026-08-14 10:09:00+00:00,2026-08-14 10:12:00+00:00,62823.25,62840.0,62802.23,62840.0,17.64501
2026-08-14 10:12:00+00:00,2026-08-14 10:15:00+00:00,62840.0,62864.95,62839.99,62861.17,23.68066
2026-08-14 10:15:00+00:00,2026-08-14 10:18:00+00:00,62861.16,62919.99,62850.97,62917.95,20.62384
2026-08-14 10:18:00+00:00,2026-08-14 10:21:00+00:00,62917.95,62917.96,62894.65,62894.66,17.20869
2026-08-14 10:21:00+00:00,2026-08-14 10:24:00+00:00,62894.66,62894.66,62882.63,62882.64,13.51927
2026-08-14 10:24:00+00:00,2026-08-14 10:27:00+00:00,62882.63,62891.99,62871.34,62884.55,21.1778
2026-08-14 10:27:00+00:00,2026-08-14 10:30:00+00:00,62884.54,62888.45,62850.29,62888.45,43.03708
2026-08-14 10:30:00+00:00,2026-08-14 10:33:00+00:00,62888.45,62920.0,62888.44,62907.99,35.36912
2026-08-14 10:33:00+00:00,2026-08-14 10:36:00+00:00,62907.99,62927.81,62906.05,62925.24,36.43671
2026-08-14 10:36:00+00:00,2026-08-14 10:39:00+00:00,62925.24,62946.0,62878.6,62894.0,54.80916
2026-08-14 10:39:00+00:00,2026-08-14 10:42:00+00:00,62893.95,62899.76,62884.39,62884.4,14.4562
2026-08-14 10:42:00+00:00,2026-08-14 10:45:00+00:00,62884.39,62884.39,62858.04,62874.84,30.99008
2026-08-14 10:45:00+00:00,2026-08-14 10:48:00+00:00,62874.85,62893.54,62837.24,62837.24,39.25905
2026-08-14 10:48:00+00:00,2026-08-14 10:51:00+00:00,62837.25,62844.94,62828.0,62839.89,13.26117
2026-08-14 10:51:00+00:00,2026-08-14 10:54:00+00:00,62839.88,62851.85,62824.62,62824.63,18.94789
2026-08-14 10:54:00+00:00,2026-08-14 10:57:00+00:00,62824.63,62837.34,62803.1,62808.01,18.30472
2026-08-14 10:57:00+00:00,2026-08-14 11:00:00+00:00,62808.01,62827.04,62808.0,62814.14,13.13659
2026-08-14 11:00:00+00:00,2026-08-14 11:03:00+00:00,62814.14,62848.27,62814.13,62848.26,19.22393
2026-08-14 11:03:00+00:00,2026-08-14 11:06:00+00:00,62848.27,62872.65,62830.03,62831.59,24.69613
2026-08-14 11:06:00+00:00,2026-08-14 11:09:00+00:00,62831.58,62861.12,62814.0,62861.12,29.37903
2026-08-14 11:09:00+00:00,2026-08-14 11:12:00+00:00,62861.12,62861.84,62831.59,62842.01,11.09179
2026-08-14 11:12:00+00:00,2026-08-14 11:15:00+00:00,62842.0,62889.69,62831.59,62859.8,27.49048
2026-08-14 11:15:00+00:00,2026-08-14 11:18:00+00:00,62859.8,62881.95,62840.59,62866.96,14.16964
2026-08-14 11:18:00+00:00,2026-08-14 11:21:00+00:00,62866.97,62912.0,62866.96,62906.0,25.27851
2026-08-14 11:21:00+00:00,2026-08-14 11:24:00+00:00,62906.0,62920.84,62880.84,62880.84,32.03744
2026-08-14 11:24:00+00:00,2026-08-14 11:27:00+00:00,62880.85,62909.69,62871.88,62909.69,13.54148
2026-08-14 11:27:00+00:00,2026-08-14 11:30:00+00:00,62909.69,62909.69,62892.75,62894.78,47.0789
2026-08-14 11:30:00+00:00,2026-08-14 11:33:00+00:00,62894.79,62894.79,62875.57,62887.36,13.49976
2026-08-14 11:33:00+00:00,2026-08-14 11:36:00+00:00,62887.37,62905.45,62884.5,62905.45,14.18277
2026-08-14 11:36:00+00:00,2026-08-14 11:39:00+00:00,62905.45,62936.82,62905.44,62936.81,27.56547
2026-08-14 11:39:00+00:00,2026-08-14 11:42:00+00:00,62936.81,62936.81,62842.62,62849.81,26.73813
2026-08-14 11:42:00+00:00,2026-08-14 11:45:00+00:00,62849.81,62896.3,62849.81,62896.3,15.40845
2026-08-14 11:45:00+00:00,2026-08-14 11:48:00+00:00,62896.31,62898.0,62868.0,62868.29,15.72971
2026-08-14 11:48:00+00:00,2026-08-14 11:51:00+00:00,62868.28,62906.94,62853.83,62898.01,22.11523
2026-08-14 11:51:00+00:00,2026-08-14 11:54:00+00:00,62898.01,62913.44,62898.0,62904.61,18.69261
2026-08-14 11:54:00+00:00,2026-08-14 11:57:00+00:00,62904.61,62930.52,62904.6,62923.7,20.06874
2026-08-14 11:57:00+00:00,2026-08-14 12:00:00+00:00,62923.7,62923.71,62860.0,62868.83,26.93445
2026-08-14 12:00:00+00:00,2026-08-14 12:03:00+00:00,62868.83,62902.0,62840.95,62855.24,31.8746
2026-08-14 12:03:00+00:00,2026-08-14 12:06:00+00:00,62855.25,62876.58,62836.0,62846.0,36.62446
2026-08-14 12:06:00+00:00,2026-08-14 12:09:00+00:00,62846.01,62856.37,62816.0,62844.19,28.93918
2026-08-14 12:09:00+00:00,2026-08-14 12:12:00+00:00,62844.18,62844.19,62773.44,62774.69,31.47291
2026-08-14 12:12:00+00:00,2026-08-14 12:15:00+00:00,62774.7,62824.78,62764.18,62824.77,31.96673
2026-08-14 12:15:00+00:00,2026-08-14 12:18:00+00:00,62824.77,62870.0,62824.77,62842.0,20.543
2026-08-14 12:18:00+00:00,2026-08-14 12:21:00+00:00,62842.01,62849.11,62802.01,62849.11,20.17874
2026-08-14 12:21:00+00:00,2026-08-14 12:24:00+00:00,62849.11,62853.99,62812.66,62853.99,26.10779
2026-08-14 12:24:00+00:00,2026-08-14 12:27:00+00:00,62854.0,62880.0,62853.99,62878.88,19.06937
2026-08-14 12:27:00+00:00,2026-08-14 12:30:00+00:00,62878.88,62891.99,62851.35,62891.99,24.26531
2026-08-14 12:30:00+00:00,2026-08-14 12:33:00+00:00,62891.99,62913.3,62853.55,62895.29,26.99464
2026-08-14 12:33:00+00:00,2026-08-14 12:36:00+00:00,62895.28,62895.28,62841.51,62841.51,22.58526
2026-08-14 12:36:00+00:00,2026-08-14 12:39:00+00:00,62841.51,62853.56,62818.0,62818.0,9.7883
2026-08-14 12:39:00+00:00,2026-08-14 12:42:00+00:00,62818.01,62822.0,62789.92,62796.22,15.64549
2026-08-14 12:42:00+00:00,2026-08-14 12:45:00+00:00,62796.22,62796.23,62761.96,62761.96,18.91552
2026-08-14 12:45:00+00:00,2026-08-14 12:48:00+00:00,62761.91,62778.68,62726.26,62748.0,29.8017
2026-08-14 12:48:00+00:00,2026-08-14 12:51:00+00:00,62747.99,62811.79,62747.99,62811.78,40.44399
2026-08-14 12:51:00+00:00,2026-08-14 12:54:00+00:00,62811.79,62811.79,62736.32,62741.81,18.81806
2026-08-14 12:54:00+00:00,2026-08-14 12:57:00+00:00,62741.81,62788.0,62741.8,62778.8,13.57015
2026-08-14 12:57:00+00:00,2026-08-14 13:00:00+00:00,62778.8,62781.95,62732.46,62741.69,18.91129
2026-08-14 13:00:00+00:00,2026-08-14 13:03:00+00:00,62741.68,62743.41,62702.0,62718.42,38.50005
2026-08-14 13:03:00+00:00,2026-08-14 13:06:00+00:00,62718.43,62754.95,62663.0,62720.45,112.32129
2026-08-14 13:06:00+00:00,2026-08-14 13:09:00+00:00,62720.44,62720.44,62651.41,62663.39,62.28789
2026-08-14 13:09:00+00:00,2026-08-14 13:12:00+00:00,62663.4,62670.0,62605.0,62643.99,76.20157
2026-08-14 13:12:00+00:00,2026-08-14 13:15:00+00:00,62644.0,62705.94,62644.0,62688.43,28.06271
2026-08-14 13:15:00+00:00,2026-08-14 13:18:00+00:00,62688.42,62701.96,62640.5,62663.35,31.58039
2026-08-14 13:18:00+00:00,2026-08-14 13:21:00+00:00,62663.36,62676.0,62650.45,62650.45,27.7476
2026-08-14 13:21:00+00:00,2026-08-14 13:24:00+00:00,62650.44,62699.0,62649.33,62699.0,34.02774
2026-08-14 13:24:00+00:00,2026-08-14 13:27:00+00:00,62699.0,62759.56,62696.26,62759.56,42.95952
2026-08-14 13:27:00+00:00,2026-08-14 13:30:00+00:00,62759.56,62796.18,62759.55,62782.56,38.34213
2026-08-14 13:30:00+00:00,2026-08-14 13:33:00+00:00,62782.56,62822.33,62702.0,62747.74,69.39598
2026-08-14 13:33:00+00:00,2026-08-14 13:36:00+00:00,62747.91,62767.59,62690.81,62690.82,43.51766
2026-08-14 13:36:00+00:00,2026-08-14 13:39:00+00:00,62690.82,62772.15,62671.26,62758.87,47.08492
2026-08-14 13:39:00+00:00,2026-08-14 13:42:00+00:00,62758.87,62758.87,62612.01,62709.7,74.42209
2026-08-14 13:42:00+00:00,2026-08-14 13:45:00+00:00,62709.7,62728.39,62664.61,62718.39,40.88436
2026-08-14 13:45:00+00:00,2026-08-14 13:48:00+00:00,62718.39,62750.61,62670.2,62701.11,46.10605
2026-08-14 13:48:00+00:00,2026-08-14 13:51:00+00:00,62701.11,62721.79,62648.0,62648.01,26.76671
2026-08-14 13:51:00+00:00,2026-08-14 13:54:00+00:00,62648.0,62695.55,62636.0,62664.0,52.99625
2026-08-14 13:54:00+00:00,2026-08-14 13:57:00+00:00,62664.0,62664.01,62616.0,62616.01,53.91813
2026-08-14 13:57:00+00:00,2026-08-14 14:00:00+00:00,62616.01,62668.0,62607.02,62668.0,40.66513
2026-08-14 14:00:00+00:00,2026-08-14 14:03:00+00:00,62668.0,62734.0,62604.75,62615.85,81.34691
2026-08-14 14:03:00+00:00,2026-08-14 14:06:00+00:00,62615.85,62704.38,62606.03,62665.7,35.42026
2026-08-14 14:06:00+00:00,2026-08-14 14:09:00+00:00,62665.7,62722.42,62631.51,62631.51,52.92046
2026-08-14 14:09:00+00:00,2026-08-14 14:12:00+00:00,62631.5,62717.25,62600.33,62695.54,55.09665
2026-08-14 14:12:00+00:00,2026-08-14 14:15:00+00:00,62695.54,62695.54,62606.51,62610.0,39.8479
2026-08-14 14:15:00+00:00,2026-08-14 14:18:00+00:00,62610.0,62667.69,62606.75,62650.76,35.73278
2026-08-14 14:18:00+00:00,2026-08-14 14:21:00+00:00,62650.76,62659.24,62573.23,62586.29,75.85638
2026-08-14 14:21:00+00:00,2026-08-14 14:24:00+00:00,62586.28,62659.26,62574.0,62628.01,44.91616
2026-08-14 14:24:00+00:00,2026-08-14 14:27:00+00:00,62628.0,62669.89,62590.0,62657.9,33.41863
2026-08-14 14:27:00+00:00,2026-08-14 14:30:00+00:00,62657.91,62707.23,62657.91,62673.25,24.61607
2026-08-14 14:30:00+00:00,2026-08-14 14:33:00+00:00,62673.26,62744.75,62658.77,62744.75,28.75783
2026-08-14 14:33:00+00:00,2026-08-14 14:36:00+00:00,62744.74,62771.81,62690.4,62731.25,52.94514
2026-08-14 14:36:00+00:00,2026-08-14 14:39:00+00:00,62731.25,62788.22,62731.25,62787.78,57.36093
2026-08-14 14:39:00+00:00,2026-08-14 14:42:00+00:00,62787.78,62797.88,62768.77,62773.8,37.51641
2026-08-14 14:42:00+00:00,2026-08-14 14:45:00+00:00,62773.8,62773.8,62743.48,62746.02,32.22901
2026-08-14 14:45:00+00:00,2026-08-14 14:48:00+00:00,62746.02,62784.86,62736.22,62739.37,30.34624
2026-08-14 14:48:00+00:00,2026-08-14 14:51:00+00:00,62739.37,62780.0,62735.01,62740.01,25.28808
2026-08-14 14:51:00+00:00,2026-08-14 14:54:00+00:00,62740.0,62740.01,62651.79,62660.01,56.01302
2026-08-14 14:54:00+00:00,2026-08-14 14:57:00+00:00,62660.01,62672.89,62596.92,62596.93,66.74033
2026-08-14 14:57:00+00:00,2026-08-14 15:00:00+00:00,62596.92,62654.0,62535.24,62620.01,131.86969
2026-08-14 15:00:00+00:00,2026-08-14 15:03:00+00:00,62620.01,62694.61,62612.0,62652.98,85.24141
2026-08-14 15:03:00+00:00,2026-08-14 15:06:00+00:00,62652.98,62666.25,62629.82,62661.49,101.63386
2026-08-14 15:06:00+00:00,2026-08-14 15:09:00+00:00,62661.49,62704.0,62654.0,62658.02,31.53481
2026-08-14 15:09:00+00:00,2026-08-14 15:12:00+00:00,62658.03,62720.0,62658.02,62702.02,27.46046
2026-08-14 15:12:00+00:00,2026-08-14 15:15:00+00:00,62702.02,62718.69,62696.0,62705.55,25.65557
2026-08-14 15:15:00+00:00,2026-08-14 15:18:00+00:00,62705.56,62715.99,62681.29,62712.2,26.35713
2026-08-14 15:18:00+00:00,2026-08-14 15:21:00+00:00,62712.2,62730.0,62705.79,62716.01,22.72467
2026-08-14 15:21:00+00:00,2026-08-14 15:24:00+00:00,62716.01,62778.0,62716.0,62761.7,24.23773
2026-08-14 15:24:00+00:00,2026-08-14 15:27:00+00:00,62761.71,62777.2,62720.75,62730.8,30.54749
2026-08-14 15:27:00+00:00,2026-08-14 15:30:00+00:00,62730.8,62855.32,62730.8,62855.32,35.66694
2026-08-14 15:30:00+00:00,2026-08-14 15:33:00+00:00,62855.32,62888.01,62792.01,62816.11,84.71889
2026-08-14 15:33:00+00:00,2026-08-14 15:36:00+00:00,62816.1,62979.99,62804.89,62936.01,116.7897
2026-08-14 15:36:00+00:00,2026-08-14 15:39:00+00:00,62936.02,63009.46,62921.2,63009.46,99.10342
2026-08-14 15:39:00+00:00,2026-08-14 15:42:00+00:00,63009.46,63030.0,62965.92,62978.0,52.61718
2026-08-14 15:42:00+00:00,2026-08-14 15:45:00+00:00,62978.01,63006.14,62960.71,63006.14,25.78445
2026-08-14 15:45:00+00:00,2026-08-14 15:48:00+00:00,63006.14,63063.25,62975.16,63026.73,49.51464
2026-08-14 15:48:00+00:00,2026-08-14 15:51:00+00:00,63026.73,63026.73,62962.6,62976.0,38.90758
2026-08-14 15:51:00+00:00,2026-08-14 15:54:00+00:00,62975.99,63019.99,62950.78,63009.56,41.48359
2026-08-14 15:54:00+00:00,2026-08-14 15:57:00+00:00,63009.55,63089.18,63003.76,63035.02,37.52448
2026-08-14 15:57:00+00:00,2026-08-14 16:00:00+00:00,63035.03,63035.03,62990.94,62990.95,30.59518
2026-08-14 16:00:00+00:00,2026-08-14 16:03:00+00:00,62990.94,63026.58,62985.79,63026.58,25.67228
2026-08-14 16:03:00+00:00,2026-08-14 16:06:00+00:00,63026.57,63054.0,62966.86,62984.0,51.63764
2026-08-14 16:06:00+00:00,2026-08-14 16:09:00+00:00,62984.01,63032.0,62969.51,62996.01,21.92088
2026-08-14 16:09:00+00:00,2026-08-14 16:12:00+00:00,62996.01,63099.99,62996.01,63086.01,32.7557
2026-08-14 16:12:00+00:00,2026-08-14 16:15:00+00:00,63086.0,63103.96,63035.51,63043.3,24.29371
2026-08-14 16:15:00+00:00,2026-08-14 16:18:00+00:00,63043.31,63077.34,63035.51,63070.34,21.20141
2026-08-14 16:18:00+00:00,2026-08-14 16:21:00+00:00,63070.34,63084.0,63056.0,63056.0,15.47332
2026-08-14 16:21:00+00:00,2026-08-14 16:24:00+00:00,63056.01,63120.0,63056.01,63120.0,23.75108
2026-08-14 16:24:00+00:00,2026-08-14 16:27:00+00:00,63119.99,63129.85,63083.46,63120.36,34.62396
2026-08-14 16:27:00+00:00,2026-08-14 16:30:00+00:00,63120.37,63166.48,63100.42,63118.52,54.72279
2026-08-14 16:30:00+00:00,2026-08-14 16:33:00+00:00,63118.51,63146.31,63096.68,63146.31,27.21
2026-08-14 16:33:00+00:00,2026-08-14 16:36:00+00:00,63146.31,63174.4,63146.31,63174.4,18.47091
2026-08-14 16:36:00+00:00,2026-08-14 16:39:00+00:00,63174.39,63214.28,63174.39,63177.77,26.56714
2026-08-14 16:39:00+00:00,2026-08-14 16:42:00+00:00,63177.77,63215.58,63177.76,63206.01,20.96577
2026-08-14 16:42:00+00:00,2026-08-14 16:45:00+00:00,63206.01,63210.32,63200.0,63210.31,21.09822
2026-08-14 16:45:00+00:00,2026-08-14 16:48:00+00:00,63210.32,63210.32,63142.57,63157.55,33.8641
2026-08-14 16:48:00+00:00,2026-08-14 16:51:00+00:00,63157.55,63186.56,63124.6,63127.92,26.53905
2026-08-14 16:51:00+00:00,2026-08-14 16:54:00+00:00,63127.93,63159.51,63127.92,63130.17,31.26018
2026-08-14 16:54:00+00:00,2026-08-14 16:57:00+00:00,63130.18,63139.19,63105.26,63139.19,24.42134
2026-08-14 16:57:00+00:00,2026-08-14 17:00:00+00:00,63139.19,63146.85,63132.98,63133.48,29.77237
2026-08-14 17:00:00+00:00,2026-08-14 17:03:00+00:00,63133.49,63171.62,63133.49,63164.01,11.8065
2026-08-14 17:03:00+00:00,2026-08-14 17:06:00+00:00,63164.01,63176.28,63142.0,63146.2,21.83547
2026-08-14 17:06:00+00:00,2026-08-14 17:09:00+00:00,63146.2,63157.09,63116.0,63136.83,18.6994
2026-08-14 17:09:00+00:00,2026-08-14 17:12:00+00:00,63136.82,63139.91,63120.0,63137.15,11.61909
2026-08-14 17:12:00+00:00,2026-08-14 17:15:00+00:00,63137.15,63179.77,63128.0,63179.76,25.15262
2026-08-14 17:15:00+00:00,2026-08-14 17:18:00+00:00,63179.76,63206.0,63166.14,63205.99,29.05274
2026-08-14 17:18:00+00:00,2026-08-14 17:21:00+00:00,63205.99,63215.82,63190.62,63215.81,27.7804
2026-08-14 17:21:00+00:00,2026-08-14 17:24:00+00:00,63215.81,63241.83,63200.0,63240.88,44.97645
2026-08-14 17:24:00+00:00,2026-08-14 17:27:00+00:00,63240.88,63247.05,63186.5,63199.49,37.49707
2026-08-14 17:27:00+00:00,2026-08-14 17:30:00+00:00,63199.48,63208.53,63192.0,63202.0,9.46123
2026-08-14 17:30:00+00:00,2026-08-14 17:33:00+00:00,63202.0,63220.0,63176.36,63198.0,20.11332
2026-08-14 17:33:00+00:00,2026-08-14 17:36:00+00:00,63198.0,63216.73,63174.4,63174.4,18.2293
2026-08-14 17:36:00+00:00,2026-08-14 17:39:00+00:00,63174.4,63174.41,63136.64,63136.65,16.30926
2026-08-14 17:39:00+00:00,2026-08-14 17:42:00+00:00,63136.64,63143.19,63125.25,63140.01,13.59679
2026-08-14 17:42:00+00:00,2026-08-14 17:45:00+00:00,63140.0,63140.01,63075.72,63109.97,38.62574
2026-08-14 17:45:00+00:00,2026-08-14 17:48:00+00:00,63109.98,63120.0,63106.0,63113.63,13.84926
2026-08-14 17:48:00+00:00,2026-08-14 17:51:00+00:00,63113.62,63127.16,63088.0,63089.28,12.75052
2026-08-14 17:51:00+00:00,2026-08-14 17:54:00+00:00,63089.27,63095.51,63071.41,63073.6,14.83619
2026-08-14 17:54:00+00:00,2026-08-14 17:57:00+00:00,63073.6,63079.44,63001.67,63002.05,50.61448
2026-08-14 17:57:00+00:00,2026-08-14 18:00:00+00:00,63002.06,63024.0,63000.0,63013.69,17.25245
2026-08-14 18:00:00+00:00,2026-08-14 18:03:00+00:00,63013.7,63017.0,62958.0,63014.37,43.40735
2026-08-14 18:03:00+00:00,2026-08-14 18:06:00+00:00,63014.37,63057.81,63014.36,63057.81,12.41525
2026-08-14 18:06:00+00:00,2026-08-14 18:09:00+00:00,63057.81,63064.39,63034.0,63047.31,15.21571
2026-08-14 18:09:00+00:00,2026-08-14 18:12:00+00:00,63047.32,63070.0,63022.0,63070.0,17.07327
2026-08-14 18:12:00+00:00,2026-08-14 18:15:00+00:00,63069.99,63069.99,63000.0,63004.0,25.70735
2026-08-14 18:15:00+00:00,2026-08-14 18:18:00+00:00,63004.0,63046.0,63004.0,63038.0,9.78292
2026-08-14 18:18:00+00:00,2026-08-14 18:21:00+00:00,63038.0,63052.2,63029.8,63044.06,9.08024
2026-08-14 18:21:00+00:00,2026-08-14 18:24:00+00:00,63044.07,63061.71,63028.02,63050.04,30.59085
2026-08-14 18:24:00+00:00,2026-08-14 18:27:00+00:00,63050.03,63076.31,63038.0,63076.31,15.15005
2026-08-14 18:27:00+00:00,2026-08-14 18:30:00+00:00,63076.3,63088.21,63036.54,63037.82,13.39707
2026-08-14 18:30:00+00:00,2026-08-14 18:33:00+00:00,63037.81,63039.15,62992.0,63003.99,11.57009
2026-08-14 18:33:00+00:00,2026-08-14 18:36:00+00:00,63004.0,63006.0,62948.03,62959.79,17.92118
2026-08-14 18:36:00+00:00,2026-08-14 18:39:00+00:00,62959.8,63004.5,62959.8,63004.5,18.08834
2026-08-14 18:39:00+00:00,2026-08-14 18:42:00+00:00,63004.5,63024.0,63002.0,63016.45,17.12356
2026-08-14 18:42:00+00:00,2026-08-14 18:45:00+00:00,63016.45,63016.45,62972.0,62972.02,12.76462
2026-08-14 18:45:00+00:00,2026-08-14 18:48:00+00:00,62972.02,62974.53,62907.21,62907.21,28.89711
2026-08-14 18:48:00+00:00,2026-08-14 18:51:00+00:00,62907.22,62914.31,62894.85,62911.32,13.9986
2026-08-14 18:51:00+00:00,2026-08-14 18:54:00+00:00,62911.32,62931.09,62911.32,62920.01,13.76508
2026-08-14 18:54:00+00:00,2026-08-14 18:57:00+00:00,62920.0,62930.0,62920.0,62929.99,14.46698
2026-08-14 18:57:00+00:00,2026-08-14 19:00:00+00:00,62929.99,62930.01,62917.5,62930.01,27.35476
2026-08-14 19:00:00+00:00,2026-08-14 19:03:00+00:00,62930.01,62930.01,62877.19,62905.4,31.7201
2026-08-14 19:03:00+00:00,2026-08-14 19:06:00+00:00,62905.4,62907.42,62870.0,62882.0,15.69026
2026-08-14 19:06:00+00:00,2026-08-14 19:09:00+00:00,62882.0,62882.0,62852.34,62879.85,20.58754
2026-08-14 19:09:00+00:00,2026-08-14 19:12:00+00:00,62879.84,62894.0,62856.74,62868.0,17.92325
2026-08-14 19:12:00+00:00,2026-08-14 19:15:00+00:00,62867.99,62874.57,62859.21,62859.26,10.42291
2026-08-14 19:15:00+00:00,2026-08-14 19:18:00+00:00,62859.26,62875.05,62850.0,62850.01,11.36503
2026-08-14 19:18:00+00:00,2026-08-14 19:21:00+00:00,62850.01,62854.0,62830.0,62847.99,24.17457
2026-08-14 19:21:00+00:00,2026-08-14 19:24:00+00:00,62847.99,62901.48,62847.99,62886.71,30.53872
2026-08-14 19:24:00+00:00,2026-08-14 19:27:00+00:00,62886.71,62890.0,62874.16,62884.24,18.02822
2026-08-14 19:27:00+00:00,2026-08-14 19:30:00+00:00,62884.23,62936.49,62884.23,62929.1,18.03021
2026-08-14 19:30:00+00:00,2026-08-14 19:33:00+00:00,62929.1,62929.1,62888.91,62918.05,15.80503
2026-08-14 19:33:00+00:00,2026-08-14 19:36:00+00:00,62918.05,62930.0,62904.19,62930.0,17.50166
2026-08-14 19:36:00+00:00,2026-08-14 19:39:00+00:00,62930.0,62947.33,62919.21,62937.44,23.63042
2026-08-14 19:39:00+00:00,2026-08-14 19:42:00+00:00,62937.44,62974.0,62922.0,62974.0,20.69638
2026-08-14 19:42:00+00:00,2026-08-14 19:45:00+00:00,62973.99,62982.99,62973.99,62982.99,10.80314
2026-08-14 19:45:00+00:00,2026-08-14 19:48:00+00:00,62982.99,62996.0,62947.75,62955.03,35.03683
2026-08-14 19:48:00+00:00,2026-08-14 19:51:00+00:00,62955.04,62964.87,62952.72,62963.93,22.50604
2026-08-14 19:51:00+00:00,2026-08-14 19:54:00+00:00,62963.94,62964.87,62954.0,62960.91,11.60299
2026-08-14 19:54:00+00:00,2026-08-14 19:57:00+00:00,62960.92,62973.82,62960.91,62962.35,12.9413
2026-08-14 19:57:00+00:00,2026-08-14 20:00:00+00:00,62962.36,62968.06,62943.39,62968.05,25.98085
2026-08-14 20:00:00+00:00,2026-08-14 20:03:00+00:00,62968.06,63003.77,62964.78,63000.04,20.54809
2026-08-14 20:03:00+00:00,2026-08-14 20:06:00+00:00,63000.05,63017.99,62987.72,63005.68,44.84869
2026-08-14 20:06:00+00:00,2026-08-14 20:09:00+00:00,63005.69,63008.0,62985.99,62998.66,91.88384
2026-08-14 20:09:00+00:00,2026-08-14 20:12:00+00:00,62998.65,63020.74,62998.65,63004.47,24.28987
2026-08-14 20:12:00+00:00,2026-08-14 20:15:00+00:00,63004.48,63004.48,62974.76,62974.76,11.03961
2026-08-14 20:15:00+00:00,2026-08-14 20:18:00+00:00,62974.77,62974.77,62936.0,62936.0,14.07184
2026-08-14 20:18:00+00:00,2026-08-14 20:21:00+00:00,62936.01,62950.62,62934.0,62946.4,16.66195
2026-08-14 20:21:00+00:00,2026-08-14 20:24:00+00:00,62946.4,62987.44,62944.0,62987.44,16.15774
2026-08-14 20:24:00+00:00,2026-08-14 20:27:00+00:00,62987.43,62987.44,62942.6,62942.6,7.62508
2026-08-14 20:27:00+00:00,2026-08-14 20:30:00+00:00,62942.6,62966.87,62942.6,62949.74,22.50822
2026-08-14 20:30:00+00:00,2026-08-14 20:33:00+00:00,62949.73,62957.28,62937.48,62937.49,12.04454
2026-08-14 20:33:00+00:00,2026-08-14 20:36:00+00:00,62937.48,62940.0,62920.0,62920.0,32.06544
2026-08-14 20:36:00+00:00,2026-08-14 20:39:00+00:00,62920.01,62920.01,62912.0,62912.01,4.16139
2026-08-14 20:39:00+00:00,2026-08-14 20:42:00+00:00,62912.0,62912.01,62912.0,62912.01,1.37922
2026-08-14 20:42:00+00:00,2026-08-14 20:45:00+00:00,62912.01,62912.51,62912.0,62912.51,3.62085
2026-08-14 20:45:00+00:00,2026-08-14 20:48:00+00:00,62912.51,62928.06,62910.0,62910.0,5.93928
2026-08-14 20:48:00+00:00,2026-08-14 20:51:00+00:00,62910.0,62937.22,62909.99,62922.63,6.81368
2026-08-14 20:51:00+00:00,2026-08-14 20:54:00+00:00,62922.63,62922.63,62913.15,62913.16,7.19512
2026-08-14 20:54:00+00:00,2026-08-14 20:57:00+00:00,62913.16,62913.16,62896.85,62896.86,6.13792
2026-08-14 20:57:00+00:00,2026-08-14 21:00:00+00:00,62896.86,62907.6,62896.85,62907.59,10.44528
2026-08-14 21:00:00+00:00,2026-08-14 21:03:00+00:00,62907.59,62928.97,62898.58,62901.5,8.88798
2026-08-14 21:03:00+00:00,2026-08-14 21:06:00+00:00,62901.5,62937.22,62901.5,62923.78,8.38256
2026-08-14 21:06:00+00:00,2026-08-14 21:09:00+00:00,62923.79,62930.64,62900.27,62900.27,5.97134
2026-08-14 21:09:00+00:00,2026-08-14 21:12:00+00:00,62900.28,62917.95,62900.27,62917.95,4.87093
2026-08-14 21:12:00+00:00,2026-08-14 21:15:00+00:00,62917.95,62924.0,62902.36,62904.0,12.02047
2026-08-14 21:15:00+00:00,2026-08-14 21:18:00+00:00,62904.01,62914.0,62904.0,62914.0,2.73191
2026-08-14 21:18:00+00:00,2026-08-14 21:21:00+00:00,62914.0,62914.0,62888.0,62888.0,5.154
2026-08-14 21:21:00+00:00,2026-08-14 21:24:00+00:00,62888.0,62902.0,62888.0,62896.75,7.81004
2026-08-14 21:24:00+00:00,2026-08-14 21:27:00+00:00,62896.75,62901.82,62896.75,62901.82,4.76107
2026-08-14 21:27:00+00:00,2026-08-14 21:30:00+00:00,62901.82,62922.53,62892.7,62892.71,18.60309
2026-08-14 21:30:00+00:00,2026-08-14 21:33:00+00:00,62892.71,62893.31,62887.99,62888.0,2.93223
2026-08-14 21:33:00+00:00,2026-08-14 21:36:00+00:00,62887.99,62888.0,62873.25,62873.25,4.42754
2026-08-14 21:36:00+00:00,2026-08-14 21:39:00+00:00,62873.25,62886.59,62873.25,62886.58,14.14658
2026-08-14 21:39:00+00:00,2026-08-14 21:42:00+00:00,62886.58,62912.0,62886.58,62903.99,8.19838
2026-08-14 21:42:00+00:00,2026-08-14 21:45:00+00:00,62904.0,62905.01,62877.52,62889.01,20.54629
2026-08-14 21:45:00+00:00,2026-08-14 21:48:00+00:00,62889.01,62899.99,62876.89,62899.99,11.61997
2026-08-14 21:48:00+00:00,2026-08-14 21:51:00+00:00,62899.98,62925.36,62891.5,62914.54,20.52922
2026-08-14 21:51:00+00:00,2026-08-14 21:54:00+00:00,62914.53,62918.55,62886.8,62886.81,9.29563
2026-08-14 21:54:00+00:00,2026-08-14 21:57:00+00:00,62886.81,62898.22,62884.57,62898.22,2.64457
2026-08-14 21:57:00+00:00,2026-08-14 22:00:00+00:00,62898.22,62928.49,62898.21,62928.49,6.1122
2026-08-14 22:00:00+00:00,2026-08-14 22:03:00+00:00,62928.49,62957.28,62912.0,62953.6,13.96536
2026-08-14 22:03:00+00:00,2026-08-14 22:06:00+00:00,62953.6,62957.28,62939.35,62943.63,11.99327
2026-08-14 22:06:00+00:00,2026-08-14 22:09:00+00:00,62943.64,62943.64,62896.66,62910.35,11.24128
2026-08-14 22:09:00+00:00,2026-08-14 22:12:00+00:00,62910.36,62910.36,62839.02,62842.0,20.05163
2026-08-14 22:12:00+00:00,2026-08-14 22:15:00+00:00,62841.99,62863.12,62833.33,62833.33,21.8494
2026-08-14 22:15:00+00:00,2026-08-14 22:18:00+00:00,62833.33,62834.49,62800.0,62800.01,26.76574
2026-08-14 22:18:00+00:00,2026-08-14 22:21:00+00:00,62800.0,62834.49,62800.0,62834.48,19.38439
2026-08-14 22:21:00+00:00,2026-08-14 22:24:00+00:00,62834.49,62840.16,62834.48,62840.15,3.67955
2026-08-14 22:24:00+00:00,2026-08-14 22:27:00+00:00,62840.14,62840.15,62817.22,62824.0,9.41839
2026-08-14 22:27:00+00:00,2026-08-14 22:30:00+00:00,62824.0,62824.0,62823.99,62823.99,2.83756
2026-08-14 22:30:00+00:00,2026-08-14 22:33:00+00:00,62823.99,62871.41,62823.99,62842.63,28.682
2026-08-14 22:33:00+00:00,2026-08-14 22:36:00+00:00,62842.62,62869.22,62842.62,62869.22,8.04613
2026-08-14 22:36:00+00:00,2026-08-14 22:39:00+00:00,62869.21,62877.32,62869.21,62877.32,5.19834
2026-08-14 22:39:00+00:00,2026-08-14 22:42:00+00:00,62877.32,62880.18,62877.31,62880.18,2.61428
2026-08-14 22:42:00+00:00,2026-08-14 22:45:00+00:00,62880.19,62884.0,62880.18,62883.99,1.60264
2026-08-14 22:45:00+00:00,2026-08-14 22:48:00+00:00,62884.0,62895.99,62880.35,62880.36,9.65102
2026-08-14 22:48:00+00:00,2026-08-14 22:51:00+00:00,62880.36,62880.36,62880.35,62880.36,1.24932
2026-08-14 22:51:00+00:00,2026-08-14 22:54:00+00:00,62880.35,62885.86,62880.35,62885.85,1.53282
2026-08-14 22:54:00+00:00,2026-08-14 22:57:00+00:00,62885.85,62885.86,62868.53,62868.54,19.80716
2026-08-14 22:57:00+00:00,2026-08-14 23:00:00+00:00,62868.54,62890.67,62868.53,62886.88,7.00177
2026-08-14 23:00:00+00:00,2026-08-14 23:03:00+00:00,62886.87,62892.0,62884.35,62887.45,7.58279
2026-08-14 23:03:00+00:00,2026-08-14 23:06:00+00:00,62887.45,62887.46,62887.45,62887.46,1.54843
2026-08-14 23:06:00+00:00,2026-08-14 23:09:00+00:00,62887.46,62893.5,62887.45,62893.5,5.2246
2026-08-14 23:09:00+00:00,2026-08-14 23:12:00+00:00,62893.5,62904.46,62893.49,62904.46,3.77033
2026-08-14 23:12:00+00:00,2026-08-14 23:15:00+00:00,62904.96,62930.0,62904.95,62929.99,6.43192
2026-08-14 23:15:00+00:00,2026-08-14 23:18:00+00:00,62930.0,62940.0,62908.43,62908.43,15.81394
2026-08-14 23:18:00+00:00,2026-08-14 23:21:00+00:00,62908.43,62915.08,62874.01,62874.01,13.08061
2026-08-14 23:21:00+00:00,2026-08-14 23:24:00+00:00,62874.01,62941.81,62865.03,62941.8,73.10317
2026-08-14 23:24:00+00:00,2026-08-14 23:27:00+00:00,62941.81,62956.81,62934.5,62937.01,49.61625
2026-08-14 23:27:00+00:00,2026-08-14 23:30:00+00:00,62937.02,62948.11,62937.01,62948.11,5.20396
2026-08-14 23:30:00+00:00,2026-08-14 23:33:00+00:00,62948.11,62966.87,62948.11,62959.55,5.76271
2026-08-14 23:33:00+00:00,2026-08-14 23:36:00+00:00,62959.55,62959.56,62923.01,62923.01,11.81045
2026-08-14 23:36:00+00:00,2026-08-14 23:39:00+00:00,62923.01,62968.5,62905.99,62968.49,16.06787
2026-08-14 23:39:00+00:00,2026-08-14 23:42:00+00:00,62968.49,63029.53,62968.49,63029.52,45.61948
2026-08-14 23:42:00+00:00,2026-08-14 23:45:00+00:00,63029.53,63029.53,63000.0,63008.89,17.20555
2026-08-14 23:45:00+00:00,2026-08-14 23:48:00+00:00,63008.89,63022.0,63008.88,63017.14,7.04497
2026-08-14 23:48:00+00:00,2026-08-14 23:51:00+00:00,63017.13,63062.0,63017.13,63026.0,16.21188
2026-08-14 23:51:00+00:00,2026-08-14 23:54:00+00:00,63026.0,63066.13,63018.06,63051.15,13.11686
2026-08-14 23:54:00+00:00,2026-08-14 23:57:00+00:00,63051.15,63051.16,63040.32,63040.32,4.88446
2026-08-14 23:57:00+00:00,2026-08-15 00:00:00+00:00,63040.33,63043.56,63027.84,63043.56,9.99091
2026-08-15 00:00:00+00:00,2026-08-15 00:03:00+00:00,63043.56,63059.5,63034.0,63056.64,9.54671
2026-08-15 00:03:00+00:00,2026-08-15 00:06:00+00:00,63056.63,63056.64,63025.0,63025.01,5.49504
2026-08-15 00:06:00+00:00,2026-08-15 00:09:00+00:00,63025.0,63025.01,63008.01,63022.0,6.77941
2026-08-15 00:09:00+00:00,2026-08-15 00:12:00+00:00,63022.0,63029.61,63021.99,63022.92,2.93382
2026-08-15 00:12:00+00:00,2026-08-15 00:15:00+00:00,63022.93,63027.36,63012.37,63012.37,3.0003
2026-08-15 00:15:00+00:00,2026-08-15 00:18:00+00:00,63012.37,63012.38,63012.37,63012.38,1.68941
2026-08-15 00:18:00+00:00,2026-08-15 00:21:00+00:00,63012.38,63023.58,63012.03,63023.58,9.72233
2026-08-15 00:21:00+00:00,2026-08-15 00:24:00+00:00,63023.59,63033.41,63003.69,63013.89,7.23618
2026-08-15 00:24:00+00:00,2026-08-15 00:27:00+00:00,63013.9,63029.56,63013.89,63015.66,5.92412
2026-08-15 00:27:00+00:00,2026-08-15 00:30:00+00:00,63015.66,63031.89,63000.0,63010.0,57.92578
2026-08-15 00:30:00+00:00,2026-08-15 00:33:00+00:00,63010.0,63021.24,63009.99,63019.37,7.72339
2026-08-15 00:33:00+00:00,2026-08-15 00:36:00+00:00,63019.36,63023.97,63015.88,63015.88,3.91532
2026-08-15 00:36:00+00:00,2026-08-15 00:39:00+00:00,63015.89,63015.89,63000.67,63000.68,1.74695
2026-08-15 00:39:00+00:00,2026-08-15 00:42:00+00:00,63000.68,63015.28,63000.67,63015.27,3.98398
2026-08-15 00:42:00+00:00,2026-08-15 00:45:00+00:00,63015.28,63019.99,63006.17,63019.98,25.5492
2026-08-15 00:45:00+00:00,2026-08-15 00:48:00+00:00,63019.99,63031.81,63019.98,63031.81,2.693
2026-08-15 00:48:00+00:00,2026-08-15 00:51:00+00:00,63031.81,63031.81,63013.35,63013.35,3.83794
2026-08-15 00:51:00+00:00,2026-08-15 00:54:00+00:00,63013.35,63013.36,62992.91,62999.99,7.02437
2026-08-15 00:54:00+00:00,2026-08-15 00:57:00+00:00,62999.99,63017.17,62999.99,63013.48,10.23753
2026-08-15 00:57:00+00:00,2026-08-15 01:00:00+00:00,63013.48,63028.88,63009.44,63019.88,31.67755
2026-08-15 01:00:00+00:00,2026-08-15 01:03:00+00:00,63019.89,63019.89,63006.03,63006.04,9.27386
2026-08-15 01:03:00+00:00,2026-08-15 01:06:00+00:00,63006.03,63006.04,62997.94,62997.95,2.45869
2026-08-15 01:06:00+00:00,2026-08-15 01:09:00+00:00,62997.94,63013.25,62993.57,63013.24,9.30656
2026-08-15 01:09:00+00:00,2026-08-15 01:12:00+00:00,63013.24,63013.25,63009.99,63010.0,10.36027
2026-08-15 01:12:00+00:00,2026-08-15 01:15:00+00:00,63010.0,63035.27,62999.99,63012.89,133.3193
2026-08-15 01:15:00+00:00,2026-08-15 01:18:00+00:00,63012.89,63012.89,63000.0,63000.01,8.04561
2026-08-15 01:18:00+00:00,2026-08-15 01:21:00+00:00,63000.0,63010.48,63000.0,63010.48,7.85886
2026-08-15 01:21:00+00:00,2026-08-15 01:24:00+00:00,63010.47,63012.11,62999.89,63012.11,42.18446
2026-08-15 01:24:00+00:00,2026-08-15 01:27:00+00:00,63012.11,63037.92,63012.1,63032.53,8.58702
2026-08-15 01:27:00+00:00,2026-08-15 01:30:00+00:00,63032.53,63037.92,62999.9,63034.0,82.5461
2026-08-15 01:30:00+00:00,2026-08-15 01:33:00+00:00,63034.0,63037.92,63015.7,63015.71,3.51693
2026-08-15 01:33:00+00:00,2026-08-15 01:36:00+00:00,63015.71,63043.01,63015.7,63043.0,39.6696
2026-08-15 01:36:00+00:00,2026-08-15 01:39:00+00:00,63043.01,63048.5,63035.21,63035.21,21.07387
2026-08-15 01:39:00+00:00,2026-08-15 01:42:00+00:00,63035.21,63051.78,63030.17,63030.18,60.96284
2026-08-15 01:42:00+00:00,2026-08-15 01:45:00+00:00,63030.18,63030.18,63030.0,63030.0,3.41465
2026-08-15 01:45:00+00:00,2026-08-15 01:48:00+00:00,63030.01,63030.01,63028.92,63028.93,4.36103
2026-08-15 01:48:00+00:00,2026-08-15 01:51:00+00:00,63028.93,63028.93,63024.14,63024.15,1.63433
2026-08-15 01:51:00+00:00,2026-08-15 01:54:00+00:00,63024.15,63024.15,63023.64,63023.65,9.95573
2026-08-15 01:54:00+00:00,2026-08-15 01:57:00+00:00,63023.65,63023.65,63023.64,63023.64,4.09806
2026-08-15 01:57:00+00:00,2026-08-15 02:00:00+00:00,63023.65,63045.14,63023.64,63045.13,22.60755
2026-08-15 02:00:00+00:00,2026-08-15 02:03:00+00:00,63045.14,63045.14,63045.13,63045.14,7.19781
2026-08-15 02:03:00+00:00,2026-08-15 02:06:00+00:00,63045.13,63065.8,63045.13,63065.79,22.2729
2026-08-15 02:06:00+00:00,2026-08-15 02:09:00+00:00,63065.8,63065.8,63045.49,63045.5,10.5729
2026-08-15 02:09:00+00:00,2026-08-15 02:12:00+00:00,63045.5,63050.0,63045.49,63049.99,70.86891
2026-08-15 02:12:00+00:00,2026-08-15 02:15:00+00:00,63050.0,63052.0,63035.95,63051.99,33.39411
2026-08-15 02:15:00+00:00,2026-08-15 02:18:00+00:00,63052.0,63086.01,63052.0,63086.0,9.14362
2026-08-15 02:18:00+00:00,2026-08-15 02:21:00+00:00,63086.0,63095.51,63080.0,63080.01,4.82966
2026-08-15 02:21:00+00:00,2026-08-15 02:24:00+00:00,63080.01,63117.2,63080.0,63096.0,15.28679
2026-08-15 02:24:00+00:00,2026-08-15 02:27:00+00:00,63096.01,63118.41,63096.0,63118.41,17.44174
2026-08-15 02:27:00+00:00,2026-08-15 02:30:00+00:00,63118.4,63118.4,63102.57,63102.57,4.00473
2026-08-15 02:30:00+00:00,2026-08-15 02:33:00+00:00,63102.58,63120.84,63102.57,63120.84,3.78977
2026-08-15 02:33:00+00:00,2026-08-15 02:36:00+00:00,63120.83,63126.17,63120.83,63124.01,6.13752
2026-08-15 02:36:00+00:00,2026-08-15 02:39:00+00:00,63124.0,63131.44,63111.03,63131.44,6.12353
2026-08-15 02:39:00+00:00,2026-08-15 02:42:00+00:00,63131.44,63134.82,63128.0,63132.29,4.80969
2026-08-15 02:42:00+00:00,2026-08-15 02:45:00+00:00,63132.28,63132.29,63121.12,63121.12,5.66941
2026-08-15 02:45:00+00:00,2026-08-15 02:48:00+00:00,63121.12,63123.79,63121.12,63123.78,3.90698
2026-08-15 02:48:00+00:00,2026-08-15 02:51:00+00:00,63123.78,63134.41,63123.78,63134.41,5.7316
2026-08-15 02:51:00+00:00,2026-08-15 02:54:00+00:00,63134.4,63134.41,63130.0,63130.0,5.38783
2026-08-15 02:54:00+00:00,2026-08-15 02:57:00+00:00,63130.01,63134.41,63130.0,63134.41,3.13681
2026-08-15 02:57:00+00:00,2026-08-15 03:00:00+00:00,63134.4,63134.41,63134.4,63134.41,3.83798
2026-08-15 03:00:00+00:00,2026-08-15 03:03:00+00:00,63134.41,63134.42,63134.4,63134.42,1.11563
2026-08-15 03:03:00+00:00,2026-08-15 03:06:00+00:00,63134.42,63138.54,63134.4,63138.54,6.22928
2026-08-15 03:06:00+00:00,2026-08-15 03:09:00+00:00,63138.54,63146.97,63135.0,63135.0,5.40463
2026-08-15 03:09:00+00:00,2026-08-15 03:12:00+00:00,63135.01,63135.01,63135.0,63135.01,1.85315
2026-08-15 03:12:00+00:00,2026-08-15 03:15:00+00:00,63135.0,63155.0,63135.0,63154.0,7.84508
2026-08-15 03:15:00+00:00,2026-08-15 03:18:00+00:00,63154.0,63187.98,63153.99,63185.65,15.74819
2026-08-15 03:18:00+00:00,2026-08-15 03:21:00+00:00,63185.65,63186.0,63110.76,63110.76,12.1494
2026-08-15 03:21:00+00:00,2026-08-15 03:24:00+00:00,63110.77,63110.77,63108.05,63110.77,2.97284
2026-08-15 03:24:00+00:00,2026-08-15 03:27:00+00:00,63110.76,63110.77,63088.0,63090.48,3.62118
2026-08-15 03:27:00+00:00,2026-08-15 03:30:00+00:00,63090.47,63091.75,63090.47,63091.75,3.70814
2026-08-15 03:30:00+00:00,2026-08-15 03:33:00+00:00,63091.75,63091.75,63091.74,63091.74,1.93625
2026-08-15 03:33:00+00:00,2026-08-15 03:36:00+00:00,63091.75,63091.75,63074.0,63074.01,5.62888
2026-08-15 03:36:00+00:00,2026-08-15 03:39:00+00:00,63074.01,63074.01,63046.0,63046.0,7.09483
2026-08-15 03:39:00+00:00,2026-08-15 03:42:00+00:00,63046.0,63064.35,63046.0,63064.35,4.76877
2026-08-15 03:42:00+00:00,2026-08-15 03:45:00+00:00,63064.35,63064.35,63064.34,63064.34,0.96298
2026-08-15 03:45:00+00:00,2026-08-15 03:48:00+00:00,63064.34,63064.35,63064.34,63064.34,3.13707
2026-08-15 03:48:00+00:00,2026-08-15 03:51:00+00:00,63064.35,63064.35,63060.49,63060.49,15.59586
2026-08-15 03:51:00+00:00,2026-08-15 03:54:00+00:00,63060.5,63074.0,63060.49,63073.99,4.4664
2026-08-15 03:54:00+00:00,2026-08-15 03:57:00+00:00,63074.0,63074.0,63073.99,63074.0,1.60243
2026-08-15 03:57:00+00:00,2026-08-15 04:00:00+00:00,63073.99,63075.03,63039.99,63051.25,78.62676
2026-08-15 04:00:00+00:00,2026-08-15 04:03:00+00:00,63051.25,63080.01,63051.25,63080.01,40.42443
2026-08-15 04:03:00+00:00,2026-08-15 04:06:00+00:00,63080.01,63080.01,63080.0,63080.01,1.62408
2026-08-15 04:06:00+00:00,2026-08-15 04:09:00+00:00,63080.01,63085.17,63070.0,63070.61,28.24891
2026-08-15 04:09:00+00:00,2026-08-15 04:12:00+00:00,63070.62,63070.62,63070.61,63070.62,4.17239
2026-08-15 04:12:00+00:00,2026-08-15 04:15:00+00:00,63070.62,63100.0,63070.61,63099.99,22.48919
2026-08-15 04:15:00+00:00,2026-08-15 04:18:00+00:00,63099.99,63120.01,63099.99,63110.07,20.12183
2026-08-15 04:18:00+00:00,2026-08-15 04:21:00+00:00,63110.06,63130.0,63110.06,63125.83,10.25372
2026-08-15 04:21:00+00:00,2026-08-15 04:24:00+00:00,63125.83,63125.84,63124.56,63124.56,3.06982
2026-08-15 04:24:00+00:00,2026-08-15 04:27:00+00:00,63124.57,63124.57,63124.56,63124.56,1.7896
2026-08-15 04:27:00+00:00,2026-08-15 04:30:00+00:00,63124.57,63124.57,63124.56,63124.57,0.64428
2026-08-15 04:30:00+00:00,2026-08-15 04:33:00+00:00,63124.57,63124.57,63123.29,63123.3,1.84548
2026-08-15 04:33:00+00:00,2026-08-15 04:36:00+00:00,63123.29,63139.99,63123.29,63139.99,7.58969
2026-08-15 04:36:00+00:00,2026-08-15 04:39:00+00:00,63139.99,63145.71,63136.84,63136.85,3.02413
2026-08-15 04:39:00+00:00,2026-08-15 04:42:00+00:00,63136.84,63145.47,63136.84,63145.47,2.66214
2026-08-15 04:42:00+00:00,2026-08-15 04:45:00+00:00,63145.46,63151.64,63145.46,63151.64,5.02914
2026-08-15 04:45:00+00:00,2026-08-15 04:48:00+00:00,63151.64,63151.65,63146.58,63146.59,3.43711
2026-08-15 04:48:00+00:00,2026-08-15 04:51:00+00:00,63146.58,63146.58,63146.0,63146.01,3.4374
2026-08-15 04:51:00+00:00,2026-08-15 04:54:00+00:00,63146.01,63146.01,63122.59,63122.6,8.46776
2026-08-15 04:54:00+00:00,2026-08-15 04:57:00+00:00,63122.6,63122.6,63122.0,63122.01,3.15384
2026-08-15 04:57:00+00:00,2026-08-15 05:00:00+00:00,63122.0,63122.01,63122.0,63122.0,0.81749
2026-08-15 05:00:00+00:00,2026-08-15 05:03:00+00:00,63122.01,63124.54,63122.0,63124.53,2.94002
2026-08-15 05:03:00+00:00,2026-08-15 05:06:00+00:00,63124.54,63124.54,63124.53,63124.53,0.95351
2026-08-15 05:06:00+00:00,2026-08-15 05:09:00+00:00,63124.54,63141.52,63124.53,63141.52,2.50299
2026-08-15 05:09:00+00:00,2026-08-15 05:12:00+00:00,63141.51,63141.51,63141.5,63141.51,2.24891
2026-08-15 05:12:00+00:00,2026-08-15 05:15:00+00:00,63141.51,63149.54,63141.5,63149.54,4.11555
2026-08-15 05:15:00+00:00,2026-08-15 05:18:00+00:00,63149.54,63155.76,63149.53,63151.96,3.82599
2026-08-15 05:18:00+00:00,2026-08-15 05:21:00+00:00,63151.95,63151.96,63151.95,63151.95,1.1857
2026-08-15 05:21:00+00:00,2026-08-15 05:24:00+00:00,63151.96,63151.96,63136.21,63136.21,6.12162
2026-08-15 05:24:00+00:00,2026-08-15 05:27:00+00:00,63136.22,63136.22,63130.0,63130.0,2.37405
2026-08-15 05:27:00+00:00,2026-08-15 05:30:00+00:00,63130.01,63130.01,63124.53,63124.54,5.17807
2026-08-15 05:30:00+00:00,2026-08-15 05:33:00+00:00,63124.53,63124.54,63121.0,63123.53,2.64493
2026-08-15 05:33:00+00:00,2026-08-15 05:36:00+00:00,63123.53,63123.54,63103.36,63103.37,8.98055
2026-08-15 05:36:00+00:00,2026-08-15 05:39:00+00:00,63103.36,63103.36,63073.67,63073.67,6.77069
2026-08-15 05:39:00+00:00,2026-08-15 05:42:00+00:00,63073.67,63073.68,63056.18,63063.99,5.95864
2026-08-15 05:42:00+00:00,2026-08-15 05:45:00+00:00,63063.99,63075.08,63063.99,63075.07,4.16216
2026-08-15 05:45:00+00:00,2026-08-15 05:48:00+00:00,63075.07,63081.19,63075.07,63081.18,4.32558
2026-08-15 05:48:00+00:00,2026-08-15 05:51:00+00:00,63081.19,63081.19,63058.0,63058.01,6.69098
2026-08-15 05:51:00+00:00,2026-08-15 05:54:00+00:00,63058.01,63068.53,63058.0,63068.52,3.35869
2026-08-15 05:54:00+00:00,2026-08-15 05:57:00+00:00,63068.52,63068.53,63040.0,63040.01,9.04227
2026-08-15 05:57:00+00:00,2026-08-15 06:00:00+00:00,63040.01,63094.64,63039.99,63089.0,129.89962
2026-08-15 06:00:00+00:00,2026-08-15 06:03:00+00:00,63089.0,63089.01,63089.0,63089.01,2.22416
2026-08-15 06:03:00+00:00,2026-08-15 06:06:00+00:00,63089.01,63089.01,63089.0,63089.0,4.0689
2026-08-15 06:06:00+00:00,2026-08-15 06:09:00+00:00,63089.0,63095.32,63089.0,63095.32,6.4418
2026-08-15 06:09:00+00:00,2026-08-15 06:12:00+00:00,63095.32,63095.32,63073.51,63073.51,47.09513
2026-08-15 06:12:00+00:00,2026-08-15 06:15:00+00:00,63073.51,63073.52,63037.76,63037.76,18.3847
2026-08-15 06:15:00+00:00,2026-08-15 06:18:00+00:00,63037.77,63047.68,63037.76,63047.67,8.0211
2026-08-15 06:18:00+00:00,2026-08-15 06:21:00+00:00,63047.68,63047.68,63047.67,63047.67,1.17332
2026-08-15 06:21:00+00:00,2026-08-15 06:24:00+00:00,63047.67,63065.34,63047.67,63065.34,58.01041
2026-08-15 06:24:00+00:00,2026-08-15 06:27:00+00:00,63065.33,63067.85,63044.02,63048.0,65.33753
2026-08-15 06:27:00+00:00,2026-08-15 06:30:00+00:00,63048.0,63048.0,63027.89,63036.5,38.27497
2026-08-15 06:30:00+00:00,2026-08-15 06:33:00+00:00,63036.5,63059.36,63036.5,63059.35,3.58667
2026-08-15 06:33:00+00:00,2026-08-15 06:36:00+00:00,63059.36,63059.36,63059.35,63059.36,1.94296
2026-08-15 06:36:00+00:00,2026-08-15 06:39:00+00:00,63059.36,63059.36,63055.4,63055.4,9.51707
2026-08-15 06:39:00+00:00,2026-08-15 06:42:00+00:00,63055.41,63063.18,63050.35,63063.18,8.37954
2026-08-15 06:42:00+00:00,2026-08-15 06:45:00+00:00,63063.17,63069.29,63063.17,63069.29,3.64239
2026-08-15 06:45:00+00:00,2026-08-15 06:48:00+00:00,63069.29,63069.29,63069.28,63069.29,10.56963
2026-08-15 06:48:00+00:00,2026-08-15 06:51:00+00:00,63069.29,63092.47,63069.28,63092.47,51.48499
2026-08-15 06:51:00+00:00,2026-08-15 06:54:00+00:00,63092.46,63120.14,63092.46,63120.13,10.40123
2026-08-15 06:54:00+00:00,2026-08-15 06:57:00+00:00,63120.14,63134.84,63120.13,63132.01,9.19547
2026-08-15 06:57:00+00:00,2026-08-15 07:00:00+00:00,63132.0,63132.0,63108.0,63114.68,16.00121
2026-08-15 07:00:00+00:00,2026-08-15 07:03:00+00:00,63114.68,63118.0,63114.67,63117.99,39.34656
2026-08-15 07:03:00+00:00,2026-08-15 07:06:00+00:00,63117.99,63118.0,63113.5,63113.5,29.34984
2026-08-15 07:06:00+00:00,2026-08-15 07:09:00+00:00,63113.51,63113.51,63070.15,63070.16,7.27386
2026-08-15 07:09:00+00:00,2026-08-15 07:12:00+00:00,63070.15,63084.15,63068.0,63084.14,47.71075
2026-08-15 07:12:00+00:00,2026-08-15 07:15:00+00:00,63084.14,63134.83,63080.33,63134.83,191.44008
2026-08-15 07:15:00+00:00,2026-08-15 07:18:00+00:00,63134.83,63134.83,63111.07,63111.07,22.81448
2026-08-15 07:18:00+00:00,2026-08-15 07:21:00+00:00,63111.08,63111.08,63100.36,63100.37,4.55227
2026-08-15 07:21:00+00:00,2026-08-15 07:24:00+00:00,63100.37,63100.37,63069.83,63083.47,24.62444
2026-08-15 07:24:00+00:00,2026-08-15 07:27:00+00:00,63083.47,63107.54,63083.46,63100.94,88.38543
2026-08-15 07:27:00+00:00,2026-08-15 07:30:00+00:00,63100.94,63100.94,63076.74,63076.75,59.41294
2026-08-15 07:30:00+00:00,2026-08-15 07:33:00+00:00,63076.75,63076.75,63063.01,63076.52,52.40703
2026-08-15 07:33:00+00:00,2026-08-15 07:36:00+00:00,63076.53,63088.88,63076.52,63088.88,4.78265
2026-08-15 07:36:00+00:00,2026-08-15 07:39:00+00:00,63088.87,63099.48,63086.53,63086.54,6.43695
2026-08-15 07:39:00+00:00,2026-08-15 07:42:00+00:00,63086.54,63086.54,63086.53,63086.53,10.64063
2026-08-15 07:42:00+00:00,2026-08-15 07:45:00+00:00,63086.54,63086.54,63079.92,63079.93,6.48505
2026-08-15 07:45:00+00:00,2026-08-15 07:48:00+00:00,63079.92,63079.92,63078.0,63078.01,13.55926
2026-08-15 07:48:00+00:00,2026-08-15 07:51:00+00:00,63078.0,63078.01,63078.0,63078.01,1.5195
2026-08-15 07:51:00+00:00,2026-08-15 07:54:00+00:00,63078.01,63078.01,63076.6,63076.6,10.11658
2026-08-15 07:54:00+00:00,2026-08-15 07:57:00+00:00,63076.6,63082.0,63042.0,63043.21,34.52036
2026-08-15 07:57:00+00:00,2026-08-15 08:00:00+00:00,63043.21,63079.22,63043.21,63075.43,33.35308
2026-08-15 08:00:00+00:00,2026-08-15 08:03:00+00:00,63075.43,63085.8,63070.0,63070.01,31.64347
2026-08-15 08:03:00+00:00,2026-08-15 08:06:00+00:00,63070.01,63070.01,63070.0,63070.0,5.42129
2026-08-15 08:06:00+00:00,2026-08-15 08:09:00+00:00,63070.0,63070.01,63070.0,63070.01,4.86985
2026-08-15 08:09:00+00:00,2026-08-15 08:12:00+00:00,63070.0,63070.01,63062.16,63063.43,25.60447
2026-08-15 08:12:00+00:00,2026-08-15 08:15:00+00:00,63063.42,63063.42,63061.87,63061.88,1.36904
2026-08-15 08:15:00+00:00,2026-08-15 08:18:00+00:00,63061.87,63061.88,63059.83,63059.83,2.44534
2026-08-15 08:18:00+00:00,2026-08-15 08:21:00+00:00,63059.84,63065.97,63059.83,63059.84,4.70577
2026-08-15 08:21:00+00:00,2026-08-15 08:24:00+00:00,63059.83,63059.84,63059.83,63059.84,2.85185
2026-08-15 08:24:00+00:00,2026-08-15 08:27:00+00:00,63059.83,63059.84,63054.0,63054.0,2.23782
2026-08-15 08:27:00+00:00,2026-08-15 08:30:00+00:00,63054.01,63054.01,63052.7,63052.71,1.34308
2026-08-15 08:30:00+00:00,2026-08-15 08:33:00+00:00,63052.71,63052.72,63052.7,63052.71,3.51133
2026-08-15 08:33:00+00:00,2026-08-15 08:36:00+00:00,63052.72,63052.72,63034.61,63034.61,6.26203
2026-08-15 08:36:00+00:00,2026-08-15 08:39:00+00:00,63034.61,63034.61,63031.33,63031.34,3.29257
2026-08-15 08:39:00+00:00,2026-08-15 08:42:00+00:00,63031.33,63031.34,63020.0,63020.01,2.88857
2026-08-15 08:42:00+00:00,2026-08-15 08:45:00+00:00,63020.0,63020.01,63020.0,63020.01,2.38473
2026-08-15 08:45:00+00:00,2026-08-15 08:48:00+00:00,63020.0,63049.35,63020.0,63049.34,7.29176
2026-08-15 08:48:00+00:00,2026-08-15 08:51:00+00:00,63049.34,63057.58,63043.19,63043.19,8.03616
2026-08-15 08:51:00+00:00,2026-08-15 08:54:00+00:00,63043.19,63043.2,63017.52,63017.52,4.98888
2026-08-15 08:54:00+00:00,2026-08-15 08:57:00+00:00,63017.52,63017.52,62960.0,62960.01,33.53818
2026-08-15 08:57:00+00:00,2026-08-15 09:00:00+00:00,62960.01,62962.95,62933.71,62935.72,23.31026
2026-08-15 09:00:00+00:00,2026-08-15 09:03:00+00:00,62935.72,62949.25,62926.0,62926.01,10.1416
2026-08-15 09:03:00+00:00,2026-08-15 09:06:00+00:00,62926.0,62929.13,62920.0,62922.01,10.45636
2026-08-15 09:06:00+00:00,2026-08-15 09:09:00+00:00,62922.0,62949.12,62922.0,62946.01,9.20525
2026-08-15 09:09:00+00:00,2026-08-15 09:12:00+00:00,62946.0,62960.27,62946.0,62956.64,6.18199
2026-08-15 09:12:00+00:00,2026-08-15 09:15:00+00:00,62956.63,62956.64,62956.63,62956.64,2.17051
2026-08-15 09:15:00+00:00,2026-08-15 09:18:00+00:00,62956.64,62967.94,62956.63,62967.94,17.67733
2026-08-15 09:18:00+00:00,2026-08-15 09:21:00+00:00,62967.94,62975.63,62967.93,62967.94,14.63375
2026-08-15 09:21:00+00:00,2026-08-15 09:24:00+00:00,62967.93,62967.94,62967.93,62967.93,3.10246
2026-08-15 09:24:00+00:00,2026-08-15 09:27:00+00:00,62967.94,62975.63,62967.93,62975.63,3.50369
2026-08-15 09:27:00+00:00,2026-08-15 09:30:00+00:00,62975.63,62982.76,62975.62,62981.37,8.44151
2026-08-15 09:30:00+00:00,2026-08-15 09:33:00+00:00,62981.38,62988.95,62981.37,62988.94,11.35573
2026-08-15 09:33:00+00:00,2026-08-15 09:36:00+00:00,62988.95,62993.78,62988.95,62993.78,5.7148
2026-08-15 09:36:00+00:00,2026-08-15 09:39:00+00:00,62993.77,63006.08,62993.77,63006.07,20.27985
2026-08-15 09:39:00+00:00,2026-08-15 09:42:00+00:00,63006.08,63015.9,63006.07,63015.9,14.75223
2026-08-15 09:42:00+00:00,2026-08-15 09:45:00+00:00,63015.89,63029.15,63015.89,63026.61,5.70911
2026-08-15 09:45:00+00:00,2026-08-15 09:48:00+00:00,63026.62,63026.62,63026.61,63026.62,2.69666
2026-08-15 09:48:00+00:00,2026-08-15 09:51:00+00:00,63026.62,63026.64,63026.61,63026.64,12.24326
2026-08-15 09:51:00+00:00,2026-08-15 09:54:00+00:00,63026.63,63028.85,63026.63,63028.85,15.02576
2026-08-15 09:54:00+00:00,2026-08-15 09:57:00+00:00,63028.85,63045.83,63028.85,63044.51,4.98737
2026-08-15 09:57:00+00:00,2026-08-15 10:00:00+00:00,63044.51,63044.51,63030.38,63030.38,5.71449
2026-08-15 10:00:00+00:00,2026-08-15 10:03:00+00:00,63030.39,63033.25,63002.12,63002.12,4.23278
2026-08-15 10:03:00+00:00,2026-08-15 10:06:00+00:00,63002.13,63002.13,63002.12,63002.13,4.79517
2026-08-15 10:06:00+00:00,2026-08-15 10:09:00+00:00,63002.13,63004.66,63002.12,63004.66,4.49662
2026-08-15 10:09:00+00:00,2026-08-15 10:12:00+00:00,63004.66,63018.8,63004.66,63018.8,4.31052
2026-08-15 10:12:00+00:00,2026-08-15 10:15:00+00:00,63018.79,63018.81,63018.79,63018.81,1.44847
2026-08-15 10:15:00+00:00,2026-08-15 10:18:00+00:00,63018.81,63018.81,63018.8,63018.81,1.76997
2026-08-15 10:18:00+00:00,2026-08-15 10:21:00+00:00,63018.8,63018.81,63018.8,63018.81,1.8087
2026-08-15 10:21:00+00:00,2026-08-15 10:24:00+00:00,63018.81,63020.0,63018.8,63020.0,1.95375
2026-08-15 10:24:00+00:00,2026-08-15 10:27:00+00:00,63019.99,63020.0,63019.99,63019.99,1.30484
2026-08-15 10:27:00+00:00,2026-08-15 10:30:00+00:00,63019.99,63020.0,63019.99,63019.99,0.68262
2026-08-15 10:30:00+00:00,2026-08-15 10:33:00+00:00,63020.0,63044.0,63018.76,63028.77,8.56592
2026-08-15 10:33:00+00:00,2026-08-15 10:36:00+00:00,63028.77,63028.88,63024.57,63024.58,3.66535
2026-08-15 10:36:00+00:00,2026-08-15 10:39:00+00:00,63024.58,63028.04,63024.57,63028.04,1.31094
2026-08-15 10:39:00+00:00,2026-08-15 10:42:00+00:00,63028.04,63034.0,63028.03,63034.0,3.06214
2026-08-15 10:42:00+00:00,2026-08-15 10:45:00+00:00,63034.0,63036.0,63032.39,63035.99,6.69319
2026-08-15 10:45:00+00:00,2026-08-15 10:48:00+00:00,63036.0,63049.31,63035.99,63049.3,2.98999
2026-08-15 10:48:00+00:00,2026-08-15 10:51:00+00:00,63049.31,63051.74,63049.3,63051.73,3.96857
2026-08-15 10:51:00+00:00,2026-08-15 10:54:00+00:00,63051.73,63051.74,63051.73,63051.74,1.19541
2026-08-15 10:54:00+00:00,2026-08-15 10:57:00+00:00,63051.74,63051.74,63027.12,63027.12,6.10201
2026-08-15 10:57:00+00:00,2026-08-15 11:00:00+00:00,63027.12,63050.01,63027.12,63046.1,15.22415
2026-08-15 11:00:00+00:00,2026-08-15 11:03:00+00:00,63046.1,63046.11,63029.67,63030.0,19.38461
2026-08-15 11:03:00+00:00,2026-08-15 11:06:00+00:00,63029.99,63030.0,63029.99,63030.0,3.16403
2026-08-15 11:06:00+00:00,2026-08-15 11:09:00+00:00,63029.99,63037.79,63029.99,63037.79,2.9566
2026-08-15 11:09:00+00:00,2026-08-15 11:12:00+00:00,63037.79,63037.79,63030.0,63030.01,21.7887
2026-08-15 11:12:00+00:00,2026-08-15 11:15:00+00:00,63030.0,63030.01,63030.0,63030.0,1.59194
2026-08-15 11:15:00+00:00,2026-08-15 11:18:00+00:00,63030.0,63037.85,63030.0,63037.85,3.28721
2026-08-15 11:18:00+00:00,2026-08-15 11:21:00+00:00,63037.84,63044.95,63032.66,63032.66,3.88042
2026-08-15 11:21:00+00:00,2026-08-15 11:24:00+00:00,63032.66,63032.67,63030.0,63030.01,3.41968
2026-08-15 11:24:00+00:00,2026-08-15 11:27:00+00:00,63030.01,63030.01,63030.0,63030.0,1.33958
2026-08-15 11:27:00+00:00,2026-08-15 11:30:00+00:00,63030.01,63032.54,63030.0,63032.54,7.86088
2026-08-15 11:30:00+00:00,2026-08-15 11:33:00+00:00,63032.53,63038.93,63032.53,63038.92,5.45443
2026-08-15 11:33:00+00:00,2026-08-15 11:36:00+00:00,63038.92,63038.93,63035.0,63035.01,2.12689
2026-08-15 11:36:00+00:00,2026-08-15 11:39:00+00:00,63035.01,63035.01,63035.0,63035.01,1.69216
2026-08-15 11:39:00+00:00,2026-08-15 11:42:00+00:00,63035.01,63035.01,63035.0,63035.0,0.94362
2026-08-15 11:42:00+00:00,2026-08-15 11:45:00+00:00,63035.01,63047.78,63035.0,63047.77,3.56088
2026-08-15 11:45:00+00:00,2026-08-15 11:48:00+00:00,63047.78,63054.69,63006.37,63008.92,52.56505
2026-08-15 11:48:00+00:00,2026-08-15 11:51:00+00:00,63008.91,63010.0,63000.0,63000.01,22.35627
2026-08-15 11:51:00+00:00,2026-08-15 11:54:00+00:00,63000.0,63019.42,62996.85,63019.42,8.58261
2026-08-15 11:54:00+00:00,2026-08-15 11:57:00+00:00,63019.41,63025.2,63019.41,63025.2,2.3178
2026-08-15 11:57:00+00:00,2026-08-15 12:00:00+00:00,63025.2,63028.0,63022.0,63022.01,7.43855
2026-08-15 12:00:00+00:00,2026-08-15 12:03:00+00:00,63022.01,63022.01,63009.11,63009.12,4.09128
2026-08-15 12:03:00+00:00,2026-08-15 12:06:00+00:00,63009.12,63009.12,62992.51,62992.52,7.65489
2026-08-15 12:06:00+00:00,2026-08-15 12:09:00+00:00,62992.52,63000.0,62992.52,63000.0,3.39305
2026-08-15 12:09:00+00:00,2026-08-15 12:12:00+00:00,63000.0,63000.0,62996.79,62996.79,2.70736
2026-08-15 12:12:00+00:00,2026-08-15 12:15:00+00:00,62996.79,62996.8,62986.36,62986.37,12.61821
2026-08-15 12:15:00+00:00,2026-08-15 12:18:00+00:00,62986.36,62987.26,62984.73,62987.26,2.33759
2026-08-15 12:18:00+00:00,2026-08-15 12:21:00+00:00,62987.26,62987.26,62987.25,62987.25,2.84599
2026-08-15 12:21:00+00:00,2026-08-15 12:24:00+00:00,62987.26,62987.26,62987.25,62987.26,1.85733
2026-08-15 12:24:00+00:00,2026-08-15 12:27:00+00:00,62987.25,62987.26,62987.25,62987.26,1.26307
2026-08-15 12:27:00+00:00,2026-08-15 12:30:00+00:00,62987.25,62987.26,62987.25,62987.26,17.22354
2026-08-15 12:30:00+00:00,2026-08-15 12:33:00+00:00,62987.25,62987.26,62987.0,62987.01,4.10398
2026-08-15 12:33:00+00:00,2026-08-15 12:36:00+00:00,62987.0,62987.0,62985.0,62985.0,1.37976
2026-08-15 12:36:00+00:00,2026-08-15 12:39:00+00:00,62985.01,62985.01,62985.0,62985.0,2.10995
2026-08-15 12:39:00+00:00,2026-08-15 12:42:00+00:00,62985.0,62985.01,62970.0,62971.27,6.72545
2026-08-15 12:42:00+00:00,2026-08-15 12:45:00+00:00,62971.26,62971.27,62960.46,62960.47,1.95394
2026-08-15 12:45:00+00:00,2026-08-15 12:48:00+00:00,62960.46,62960.46,62946.58,62953.52,12.2215
2026-08-15 12:48:00+00:00,2026-08-15 12:51:00+00:00,62953.52,62953.52,62953.51,62953.52,1.97767
2026-08-15 12:51:00+00:00,2026-08-15 12:54:00+00:00,62953.52,62953.52,62953.51,62953.51,2.73559
2026-08-15 12:54:00+00:00,2026-08-15 12:57:00+00:00,62953.52,62974.79,62953.51,62974.79,3.57526
2026-08-15 12:57:00+00:00,2026-08-15 13:00:00+00:00,62974.79,63055.36,62974.78,63050.13,16.95861
2026-08-15 13:00:00+00:00,2026-08-15 13:03:00+00:00,63050.12,63050.13,63030.98,63030.98,6.94741
2026-08-15 13:03:00+00:00,2026-08-15 13:06:00+00:00,63030.98,63079.54,63028.11,63079.54,14.97972
2026-08-15 13:06:00+00:00,2026-08-15 13:09:00+00:00,63079.54,63080.88,63075.81,63075.82,7.8905
2026-08-15 13:09:00+00:00,2026-08-15 13:12:00+00:00,63075.81,63075.82,63054.68,63065.99,7.56671
2026-08-15 13:12:00+00:00,2026-08-15 13:15:00+00:00,63066.0,63073.14,63065.99,63073.14,6.27827
2026-08-15 13:15:00+00:00,2026-08-15 13:18:00+00:00,63073.14,63078.96,63066.11,63066.11,5.16451
2026-08-15 13:18:00+00:00,2026-08-15 13:21:00+00:00,63066.11,63066.12,63038.55,63057.99,16.69974
2026-08-15 13:21:00+00:00,2026-08-15 13:24:00+00:00,63058.0,63058.0,63036.25,63036.26,5.13752
2026-08-15 13:24:00+00:00,2026-08-15 13:27:00+00:00,63036.26,63043.26,63036.26,63043.25,5.43334
2026-08-15 13:27:00+00:00,2026-08-15 13:30:00+00:00,63043.26,63043.26,63036.0,63036.01,3.387
2026-08-15 13:30:00+00:00,2026-08-15 13:33:00+00:00,63036.0,63036.01,63031.46,63035.29,3.00886
2026-08-15 13:33:00+00:00,2026-08-15 13:36:00+00:00,63035.29,63040.95,63035.28,63040.95,4.65944
2026-08-15 13:36:00+00:00,2026-08-15 13:39:00+00:00,63040.95,63049.6,63040.94,63049.59,3.73775
2026-08-15 13:39:00+00:00,2026-08-15 13:42:00+00:00,63049.6,63049.6,63040.04,63040.05,3.66774
2026-08-15 13:42:00+00:00,2026-08-15 13:45:00+00:00,63040.05,63040.05,63031.43,63031.43,5.12116
2026-08-15 13:45:00+00:00,2026-08-15 13:48:00+00:00,63031.44,63031.44,63031.43,63031.43,3.06209
2026-08-15 13:48:00+00:00,2026-08-15 13:51:00+00:00,63031.43,63052.32,63031.43,63048.1,14.02233
2026-08-15 13:51:00+00:00,2026-08-15 13:54:00+00:00,63048.1,63055.0,63048.09,63048.09,5.42212
2026-08-15 13:54:00+00:00,2026-08-15 13:57:00+00:00,63048.1,63060.35,63048.09,63060.34,8.31881
2026-08-15 13:57:00+00:00,2026-08-15 14:00:00+00:00,63060.34,63060.35,63060.34,63060.35,1.79178
2026-08-15 14:00:00+00:00,2026-08-15 14:03:00+00:00,63060.34,63060.35,63040.72,63042.82,13.04111
2026-08-15 14:03:00+00:00,2026-08-15 14:06:00+00:00,63042.83,63042.83,63034.45,63034.46,12.25267
2026-08-15 14:06:00+00:00,2026-08-15 14:09:00+00:00,63034.46,63042.83,63034.45,63042.82,9.44976
2026-08-15 14:09:00+00:00,2026-08-15 14:12:00+00:00,63042.82,63042.83,63042.82,63042.83,3.48
2026-08-15 14:12:00+00:00,2026-08-15 14:15:00+00:00,63042.83,63055.01,63038.0,63055.01,28.2419
2026-08-15 14:15:00+00:00,2026-08-15 14:18:00+00:00,63055.01,63055.01,63039.84,63039.84,13.04869
2026-08-15 14:18:00+00:00,2026-08-15 14:21:00+00:00,63039.85,63039.85,63027.18,63027.19,25.42015
2026-08-15 14:21:00+00:00,2026-08-15 14:24:00+00:00,63027.18,63027.19,62997.82,62997.83,24.30854
2026-08-15 14:24:00+00:00,2026-08-15 14:27:00+00:00,62997.82,63040.08,62996.77,63040.07,19.86504
2026-08-15 14:27:00+00:00,2026-08-15 14:30:00+00:00,63040.07,63040.08,63040.0,63040.0,4.36613
2026-08-15 14:30:00+00:00,2026-08-15 14:33:00+00:00,63040.01,63040.01,63034.81,63034.81,8.28008
2026-08-15 14:33:00+00:00,2026-08-15 14:36:00+00:00,63034.81,63040.0,63034.81,63040.0,11.19137
2026-08-15 14:36:00+00:00,2026-08-15 14:39:00+00:00,63039.99,63040.0,63029.89,63029.9,6.44635
2026-08-15 14:39:00+00:00,2026-08-15 14:42:00+00:00,63029.89,63040.08,63029.89,63040.01,5.44502
2026-08-15 14:42:00+00:00,2026-08-15 14:45:00+00:00,63040.0,63040.01,63040.0,63040.0,1.23476
2026-08-15 14:45:00+00:00,2026-08-15 14:48:00+00:00,63040.0,63045.16,63040.0,63045.16,7.88178
2026-08-15 14:48:00+00:00,2026-08-15 14:51:00+00:00,63045.16,63045.16,63045.15,63045.15,1.08135
2026-08-15 14:51:00+00:00,2026-08-15 14:54:00+00:00,63045.15,63050.0,63041.53,63050.0,8.4718
2026-08-15 14:54:00+00:00,2026-08-15 14:57:00+00:00,63049.99,63050.0,63049.99,63049.99,6.78818
2026-08-15 14:57:00+00:00,2026-08-15 15:00:00+00:00,63049.99,63051.43,63040.0,63040.0,33.74283
2026-08-15 15:00:00+00:00,2026-08-15 15:03:00+00:00,63040.01,63045.7,63040.0,63045.7,25.83514
2026-08-15 15:03:00+00:00,2026-08-15 15:06:00+00:00,63045.69,63045.7,63045.69,63045.69,2.77853
2026-08-15 15:06:00+00:00,2026-08-15 15:09:00+00:00,63045.69,63045.7,63040.01,63040.02,4.73003
2026-08-15 15:09:00+00:00,2026-08-15 15:12:00+00:00,63040.01,63040.02,63040.01,63040.01,7.41055
2026-08-15 15:12:00+00:00,2026-08-15 15:15:00+00:00,63040.02,63040.02,63040.01,63040.01,1.50772
2026-08-15 15:15:00+00:00,2026-08-15 15:18:00+00:00,63040.01,63063.86,63032.0,63063.85,24.59096
2026-08-15 15:18:00+00:00,2026-08-15 15:21:00+00:00,63063.86,63078.96,63063.85,63074.19,20.38409
2026-08-15 15:21:00+00:00,2026-08-15 15:24:00+00:00,63074.19,63074.2,63054.68,63063.82,9.89065
2026-08-15 15:24:00+00:00,2026-08-15 15:27:00+00:00,63063.82,63073.55,63063.82,63073.54,3.99509
2026-08-15 15:27:00+00:00,2026-08-15 15:30:00+00:00,63073.55,63073.55,63073.54,63073.55,0.77045
2026-08-15 15:30:00+00:00,2026-08-15 15:33:00+00:00,63073.55,63078.96,63073.54,63078.96,12.47502
2026-08-15 15:33:00+00:00,2026-08-15 15:36:00+00:00,63078.96,63108.67,63078.95,63108.67,28.10355
2026-08-15 15:36:00+00:00,2026-08-15 15:39:00+00:00,63108.66,63120.09,63108.66,63118.67,16.35037
2026-08-15 15:39:00+00:00,2026-08-15 15:42:00+00:00,63118.66,63118.68,63118.66,63118.68,26.17439
2026-08-15 15:42:00+00:00,2026-08-15 15:45:00+00:00,63118.68,63118.68,63115.59,63115.59,10.03664
2026-08-15 15:45:00+00:00,2026-08-15 15:48:00+00:00,63115.59,63115.6,63115.12,63115.12,5.14269
2026-08-15 15:48:00+00:00,2026-08-15 15:51:00+00:00,63115.13,63115.13,63115.12,63115.13,2.98542
2026-08-15 15:51:00+00:00,2026-08-15 15:54:00+00:00,63115.13,63115.13,63100.7,63100.7,4.12777
2026-08-15 15:54:00+00:00,2026-08-15 15:57:00+00:00,63100.71,63100.71,63100.69,63100.69,4.50916
2026-08-15 15:57:00+00:00,2026-08-15 16:00:00+00:00,63100.7,63100.7,63100.55,63100.55,2.5774
2026-08-15 16:00:00+00:00,2026-08-15 16:03:00+00:00,63100.55,63100.56,63095.0,63095.0,4.42796
2026-08-15 16:03:00+00:00,2026-08-15 16:06:00+00:00,63095.0,63095.01,63091.8,63091.8,3.24232
2026-08-15 16:06:00+00:00,2026-08-15 16:09:00+00:00,63091.8,63091.81,63076.0,63076.05,13.64653
2026-08-15 16:09:00+00:00,2026-08-15 16:12:00+00:00,63076.05,63098.3,63076.04,63098.3,43.58692
2026-08-15 16:12:00+00:00,2026-08-15 16:15:00+00:00,63098.3,63098.3,63083.03,63083.03,13.86472
2026-08-15 16:15:00+00:00,2026-08-15 16:18:00+00:00,63083.03,63083.04,63066.73,63066.73,5.13698
2026-08-15 16:18:00+00:00,2026-08-15 16:21:00+00:00,63066.74,63079.5,63066.73,63079.5,33.05507
2026-08-15 16:21:00+00:00,2026-08-15 16:24:00+00:00,63079.5,63095.95,63079.49,63095.95,14.89152
2026-08-15 16:24:00+00:00,2026-08-15 16:27:00+00:00,63095.95,63115.27,63095.94,63115.27,5.71519
2026-08-15 16:27:00+00:00,2026-08-15 16:30:00+00:00,63115.27,63121.6,63115.26,63121.59,6.39564
2026-08-15 16:30:00+00:00,2026-08-15 16:33:00+00:00,63121.6,63124.99,63116.02,63116.25,11.67582
2026-08-15 16:33:00+00:00,2026-08-15 16:36:00+00:00,63116.24,63116.25,63092.92,63095.9,10.83728
2026-08-15 16:36:00+00:00,2026-08-15 16:39:00+00:00,63095.9,63096.63,63095.89,63096.63,8.6373
2026-08-15 16:39:00+00:00,2026-08-15 16:42:00+00:00,63096.62,63096.63,63096.62,63096.62,3.43303
2026-08-15 16:42:00+00:00,2026-08-15 16:45:00+00:00,63096.63,63096.63,63096.6,63096.6,6.33889
2026-08-15 16:45:00+00:00,2026-08-15 16:48:00+00:00,63096.6,63096.63,63095.56,63096.62,8.15484
2026-08-15 16:48:00+00:00,2026-08-15 16:51:00+00:00,63096.62,63096.63,63096.62,63096.62,3.77858
2026-08-15 16:51:00+00:00,2026-08-15 16:54:00+00:00,63096.62,63096.63,63096.62,63096.63,2.8509
2026-08-15 16:54:00+00:00,2026-08-15 16:57:00+00:00,63096.62,63096.63,63096.62,63096.63,1.42638
2026-08-15 16:57:00+00:00,2026-08-15 17:00:00+00:00,63096.62,63096.63,63096.62,63096.63,1.74385
2026-08-15 17:00:00+00:00,2026-08-15 17:03:00+00:00,63096.62,63096.63,63096.62,63096.63,2.43415
2026-08-15 17:03:00+00:00,2026-08-15 17:06:00+00:00,63096.62,63096.63,63096.58,63096.59,7.30604
2026-08-15 17:06:00+00:00,2026-08-15 17:09:00+00:00,63096.59,63096.59,63096.58,63096.59,4.4283
2026-08-15 17:09:00+00:00,2026-08-15 17:12:00+00:00,63096.59,63096.59,63096.58,63096.58,1.07965
2026-08-15 17:12:00+00:00,2026-08-15 17:15:00+00:00,63096.59,63096.59,63096.58,63096.59,1.93196
2026-08-15 17:15:00+00:00,2026-08-15 17:18:00+00:00,63096.58,63100.69,63096.58,63100.68,2.78806
2026-08-15 17:18:00+00:00,2026-08-15 17:21:00+00:00,63100.69,63100.69,63100.68,63100.68,2.89311
2026-08-15 17:21:00+00:00,2026-08-15 17:24:00+00:00,63100.68,63100.68,63066.21,63066.21,25.18804
2026-08-15 17:24:00+00:00,2026-08-15 17:27:00+00:00,63066.22,63071.29,63066.21,63071.29,3.64522
2026-08-15 17:27:00+00:00,2026-08-15 17:30:00+00:00,63071.29,63071.29,63070.49,63070.5,2.84033
2026-08-15 17:30:00+00:00,2026-08-15 17:33:00+00:00,63070.49,63070.5,63070.49,63070.5,1.23902
2026-08-15 17:33:00+00:00,2026-08-15 17:36:00+00:00,63070.49,63070.5,63070.49,63070.5,7.48593
2026-08-15 17:36:00+00:00,2026-08-15 17:39:00+00:00,63070.5,63070.5,63070.49,63070.49,15.07537
2026-08-15 17:39:00+00:00,2026-08-15 17:42:00+00:00,63070.49,63070.5,63070.49,63070.49,2.82918
2026-08-15 17:42:00+00:00,2026-08-15 17:45:00+00:00,63070.5,63070.5,63070.49,63070.49,1.3124
2026-08-15 17:45:00+00:00,2026-08-15 17:48:00+00:00,63070.49,63070.5,63070.49,63070.49,1.77372
2026-08-15 17:48:00+00:00,2026-08-15 17:51:00+00:00,63070.5,63070.5,63070.49,63070.49,1.94169
2026-08-15 17:51:00+00:00,2026-08-15 17:54:00+00:00,63070.49,63070.5,63070.49,63070.49,2.90631
2026-08-15 17:54:00+00:00,2026-08-15 17:57:00+00:00,63070.49,63070.5,63070.48,63070.49,6.21522
2026-08-15 17:57:00+00:00,2026-08-15 18:00:00+00:00,63070.49,63070.5,63070.49,63070.5,1.25043
2026-08-15 18:00:00+00:00,2026-08-15 18:03:00+00:00,63070.49,63070.5,63070.49,63070.5,1.58162
2026-08-15 18:03:00+00:00,2026-08-15 18:06:00+00:00,63070.49,63070.5,63070.36,63070.36,15.2713
2026-08-15 18:06:00+00:00,2026-08-15 18:09:00+00:00,63070.36,63080.08,63070.0,63080.08,13.62638
2026-08-15 18:09:00+00:00,2026-08-15 18:12:00+00:00,63080.07,63101.27,63080.07,63101.27,17.6363
2026-08-15 18:12:00+00:00,2026-08-15 18:15:00+00:00,63101.27,63115.58,63097.15,63097.16,10.09689
2026-08-15 18:15:00+00:00,2026-08-15 18:18:00+00:00,63097.15,63097.16,63076.0,63076.0,3.67558
2026-08-15 18:18:00+00:00,2026-08-15 18:21:00+00:00,63076.0,63076.01,63052.0,63052.0,13.72808
2026-08-15 18:21:00+00:00,2026-08-15 18:24:00+00:00,63052.01,63061.27,63052.0,63061.27,10.6336
2026-08-15 18:24:00+00:00,2026-08-15 18:27:00+00:00,63061.27,63061.27,63061.26,63061.27,3.49302
2026-08-15 18:27:00+00:00,2026-08-15 18:30:00+00:00,63061.26,63061.27,63050.05,63050.05,5.76849
2026-08-15 18:30:00+00:00,2026-08-15 18:33:00+00:00,63050.06,63050.06,63050.05,63050.05,4.46624
2026-08-15 18:33:00+00:00,2026-08-15 18:36:00+00:00,63050.05,63050.06,63050.05,63050.05,3.73932
2026-08-15 18:36:00+00:00,2026-08-15 18:39:00+00:00,63050.05,63050.06,63050.05,63050.05,2.10295
2026-08-15 18:39:00+00:00,2026-08-15 18:42:00+00:00,63050.05,63050.06,63050.05,63050.05,1.35678
2026-08-15 18:42:00+00:00,2026-08-15 18:45:00+00:00,63050.06,63050.06,63050.05,63050.06,1.6757
2026-08-15 18:45:00+00:00,2026-08-15 18:48:00+00:00,63050.05,63050.06,63050.05,63050.06,5.73765
2026-08-15 18:48:00+00:00,2026-08-15 18:51:00+00:00,63050.06,63050.08,63044.37,63045.95,40.5704
2026-08-15 18:51:00+00:00,2026-08-15 18:54:00+00:00,63045.96,63046.97,63045.95,63046.97,21.71768
2026-08-15 18:54:00+00:00,2026-08-15 18:57:00+00:00,63046.96,63056.53,63046.96,63056.53,62.79141
2026-08-15 18:57:00+00:00,2026-08-15 19:00:00+00:00,63056.53,63057.58,63056.52,63057.58,55.12147
2026-08-15 19:00:00+00:00,2026-08-15 19:03:00+00:00,63057.58,63063.81,63057.57,63063.8,55.87136
2026-08-15 19:03:00+00:00,2026-08-15 19:06:00+00:00,63063.81,63066.0,63063.8,63065.99,20.6439
2026-08-15 19:06:00+00:00,2026-08-15 19:09:00+00:00,63065.99,63089.2,63065.99,63089.19,29.16002
2026-08-15 19:09:00+00:00,2026-08-15 19:12:00+00:00,63089.2,63089.69,63088.19,63089.68,88.50569
2026-08-15 19:12:00+00:00,2026-08-15 19:15:00+00:00,63089.68,63090.98,63086.6,63086.6,49.41315
2026-08-15 19:15:00+00:00,2026-08-15 19:18:00+00:00,63086.61,63090.75,63086.6,63090.75,15.29145
2026-08-15 19:18:00+00:00,2026-08-15 19:21:00+00:00,63090.74,63108.61,63090.74,63108.61,56.15622
2026-08-15 19:21:00+00:00,2026-08-15 19:24:00+00:00,63108.61,63119.48,63108.6,63119.47,56.84632
2026-08-15 19:24:00+00:00,2026-08-15 19:27:00+00:00,63119.48,63125.0,63105.0,63105.0,61.76339
2026-08-15 19:27:00+00:00,2026-08-15 19:30:00+00:00,63105.01,63105.01,63101.31,63101.31,6.77844
2026-08-15 19:30:00+00:00,2026-08-15 19:33:00+00:00,63101.31,63101.32,63101.31,63101.31,1.81368
2026-08-15 19:33:00+00:00,2026-08-15 19:36:00+00:00,63101.31,63101.32,63101.31,63101.32,1.76927
2026-08-15 19:36:00+00:00,2026-08-15 19:39:00+00:00,63101.31,63127.4,63101.31,63127.4,43.22967
2026-08-15 19:39:00+00:00,2026-08-15 19:42:00+00:00,63127.4,63127.4,63115.59,63115.6,12.6927
2026-08-15 19:42:00+00:00,2026-08-15 19:45:00+00:00,63115.6,63115.6,63115.57,63115.58,3.19464
2026-08-15 19:45:00+00:00,2026-08-15 19:48:00+00:00,63115.58,63117.35,63115.57,63117.35,4.03069
2026-08-15 19:48:00+00:00,2026-08-15 19:51:00+00:00,63117.35,63122.4,63117.34,63122.4,3.99987
2026-08-15 19:51:00+00:00,2026-08-15 19:54:00+00:00,63122.39,63122.4,63122.39,63122.39,1.30474
2026-08-15 19:54:00+00:00,2026-08-15 19:57:00+00:00,63122.39,63126.08,63122.39,63126.08,1.98687
2026-08-15 19:57:00+00:00,2026-08-15 20:00:00+00:00,63126.07,63126.08,63126.07,63126.08,1.61064
2026-08-15 20:00:00+00:00,2026-08-15 20:03:00+00:00,63126.07,63126.08,63123.36,63123.36,6.71758
2026-08-15 20:03:00+00:00,2026-08-15 20:06:00+00:00,63123.37,63123.37,63116.83,63116.83,4.44274
2026-08-15 20:06:00+00:00,2026-08-15 20:09:00+00:00,63116.83,63116.84,63099.41,63099.41,5.17774
2026-08-15 20:09:00+00:00,2026-08-15 20:12:00+00:00,63099.41,63099.42,63076.96,63078.63,4.07593
2026-08-15 20:12:00+00:00,2026-08-15 20:15:00+00:00,63078.63,63078.63,63078.62,63078.62,0.61
2026-08-15 20:15:00+00:00,2026-08-15 20:18:00+00:00,63078.62,63078.63,63078.62,63078.62,0.90564
2026-08-15 20:18:00+00:00,2026-08-15 20:21:00+00:00,63078.63,63078.63,63078.62,63078.62,0.70955
2026-08-15 20:21:00+00:00,2026-08-15 20:24:00+00:00,63078.63,63078.63,63078.62,63078.63,0.86505
2026-08-15 20:24:00+00:00,2026-08-15 20:27:00+00:00,63078.63,63078.63,63078.62,63078.63,1.4329
2026-08-15 20:27:00+00:00,2026-08-15 20:30:00+00:00,63078.62,63078.63,63078.62,63078.63,1.23009
2026-08-15 20:30:00+00:00,2026-08-15 20:33:00+00:00,63078.62,63078.63,63078.62,63078.62,3.51302
2026-08-15 20:33:00+00:00,2026-08-15 20:36:00+00:00,63078.62,63078.63,63078.62,63078.62,2.48719
2026-08-15 20:36:00+00:00,2026-08-15 20:39:00+00:00,63078.62,63078.63,63078.62,63078.62,1.1161
2026-08-15 20:39:00+00:00,2026-08-15 20:42:00+00:00,63078.63,63078.63,63078.62,63078.62,0.84845
2026-08-15 20:42:00+00:00,2026-08-15 20:45:00+00:00,63078.63,63081.17,63078.62,63081.17,7.97563
2026-08-15 20:45:00+00:00,2026-08-15 20:48:00+00:00,63081.17,63095.0,63081.16,63095.0,1.90038
2026-08-15 20:48:00+00:00,2026-08-15 20:51:00+00:00,63095.0,63100.0,63094.99,63099.99,5.89908
2026-08-15 20:51:00+00:00,2026-08-15 20:54:00+00:00,63100.0,63100.0,63099.99,63100.0,0.8636
2026-08-15 20:54:00+00:00,2026-08-15 20:57:00+00:00,63099.99,63100.0,63099.99,63100.0,1.26637
2026-08-15 20:57:00+00:00,2026-08-15 21:00:00+00:00,63100.0,63103.3,63099.99,63103.29,3.28202
2026-08-15 21:00:00+00:00,2026-08-15 21:03:00+00:00,63103.29,63103.3,63103.29,63103.3,1.48057
2026-08-15 21:03:00+00:00,2026-08-15 21:06:00+00:00,63103.3,63103.3,63103.29,63103.29,3.10441
2026-08-15 21:06:00+00:00,2026-08-15 21:09:00+00:00,63103.3,63103.3,63103.29,63103.29,0.91542
2026-08-15 21:09:00+00:00,2026-08-15 21:12:00+00:00,63103.3,63103.3,63103.29,63103.29,1.32862
2026-08-15 21:12:00+00:00,2026-08-15 21:15:00+00:00,63103.29,63104.57,63103.29,63104.56,4.35648
2026-08-15 21:15:00+00:00,2026-08-15 21:18:00+00:00,63104.55,63104.56,63104.55,63104.56,0.45659
2026-08-15 21:18:00+00:00,2026-08-15 21:21:00+00:00,63104.56,63104.56,63104.55,63104.55,2.22762
2026-08-15 21:21:00+00:00,2026-08-15 21:24:00+00:00,63104.55,63119.72,63104.55,63119.71,9.19323
2026-08-15 21:24:00+00:00,2026-08-15 21:27:00+00:00,63119.72,63145.45,63119.71,63145.45,34.9732
2026-08-15 21:27:00+00:00,2026-08-15 21:30:00+00:00,63145.45,63154.98,63145.44,63154.97,31.58197
2026-08-15 21:30:00+00:00,2026-08-15 21:33:00+00:00,63154.98,63154.98,63146.43,63146.43,9.39192
2026-08-15 21:33:00+00:00,2026-08-15 21:36:00+00:00,63146.44,63146.44,63139.57,63146.36,10.16264
2026-08-15 21:36:00+00:00,2026-08-15 21:39:00+00:00,63146.36,63150.98,63146.36,63150.97,3.061
2026-08-15 21:39:00+00:00,2026-08-15 21:42:00+00:00,63150.98,63166.39,63150.97,63166.38,9.77033
2026-08-15 21:42:00+00:00,2026-08-15 21:45:00+00:00,63166.38,63168.17,63154.0,63168.17,14.16517
2026-08-15 21:45:00+00:00,2026-08-15 21:48:00+00:00,63168.17,63168.95,63155.6,63161.96,11.00282
2026-08-15 21:48:00+00:00,2026-08-15 21:51:00+00:00,63161.95,63161.96,63161.95,63161.95,3.73796
2026-08-15 21:51:00+00:00,2026-08-15 21:54:00+00:00,63161.95,63161.96,63155.07,63158.0,7.38945
2026-08-15 21:54:00+00:00,2026-08-15 21:57:00+00:00,63158.0,63168.4,63157.99,63161.35,9.26124
2026-08-15 21:57:00+00:00,2026-08-15 22:00:00+00:00,63161.35,63161.36,63159.03,63159.04,3.43888
2026-08-15 22:00:00+00:00,2026-08-15 22:03:00+00:00,63159.04,63165.53,63155.73,63155.74,6.40101
2026-08-15 22:03:00+00:00,2026-08-15 22:06:00+00:00,63155.73,63155.74,63154.0,63154.0,3.41418
2026-08-15 22:06:00+00:00,2026-08-15 22:09:00+00:00,63154.0,63154.01,63153.21,63153.21,1.28087
2026-08-15 22:09:00+00:00,2026-08-15 22:12:00+00:00,63153.21,63153.22,63150.0,63150.01,2.40209
2026-08-15 22:12:00+00:00,2026-08-15 22:15:00+00:00,63150.0,63150.01,63150.0,63150.0,1.30116
2026-08-15 22:15:00+00:00,2026-08-15 22:18:00+00:00,63150.01,63150.01,63145.0,63145.01,3.75795
2026-08-15 22:18:00+00:00,2026-08-15 22:21:00+00:00,63145.01,63145.01,63135.52,63138.5,5.30698
2026-08-15 22:21:00+00:00,2026-08-15 22:24:00+00:00,63138.5,63142.31,63137.98,63142.31,4.68009
2026-08-15 22:24:00+00:00,2026-08-15 22:27:00+00:00,63142.31,63142.31,63142.3,63142.31,2.18646
2026-08-15 22:27:00+00:00,2026-08-15 22:30:00+00:00,63142.3,63152.63,63142.3,63152.62,10.51344
2026-08-15 22:30:00+00:00,2026-08-15 22:33:00+00:00,63152.63,63153.19,63152.62,63153.18,1.35083
2026-08-15 22:33:00+00:00,2026-08-15 22:36:00+00:00,63153.19,63156.35,63153.18,63156.35,11.9299
2026-08-15 22:36:00+00:00,2026-08-15 22:39:00+00:00,63156.35,63156.35,63156.34,63156.35,8.02335
2026-08-15 22:39:00+00:00,2026-08-15 22:42:00+00:00,63156.35,63156.35,63156.34,63156.34,1.2151
2026-08-15 22:42:00+00:00,2026-08-15 22:45:00+00:00,63156.35,63159.33,63156.34,63158.8,8.73104
2026-08-15 22:45:00+00:00,2026-08-15 22:48:00+00:00,63158.81,63166.02,63158.8,63166.01,4.60226
2026-08-15 22:48:00+00:00,2026-08-15 22:51:00+00:00,63166.01,63175.0,63155.28,63155.29,11.32044
2026-08-15 22:51:00+00:00,2026-08-15 22:54:00+00:00,63155.28,63155.29,63138.0,63138.0,4.38327
2026-08-15 22:54:00+00:00,2026-08-15 22:57:00+00:00,63138.01,63138.01,63135.52,63135.53,1.47818
2026-08-15 22:57:00+00:00,2026-08-15 23:00:00+00:00,63135.53,63135.53,63135.52,63135.52,1.29072
2026-08-15 23:00:00+00:00,2026-08-15 23:03:00+00:00,63135.52,63135.53,63135.52,63135.52,0.80648
2026-08-15 23:03:00+00:00,2026-08-15 23:06:00+00:00,63135.52,63139.96,63135.52,63139.96,6.96848
2026-08-15 23:06:00+00:00,2026-08-15 23:09:00+00:00,63139.96,63139.96,63139.95,63139.96,3.64747
2026-08-15 23:09:00+00:00,2026-08-15 23:12:00+00:00,63139.95,63139.96,63120.37,63120.37,9.44098
2026-08-15 23:12:00+00:00,2026-08-15 23:15:00+00:00,63120.37,63134.0,63112.9,63134.0,14.70282
2026-08-15 23:15:00+00:00,2026-08-15 23:18:00+00:00,63134.0,63134.0,63130.0,63130.0,2.521
2026-08-15 23:18:00+00:00,2026-08-15 23:21:00+00:00,63130.01,63130.01,63130.0,63130.0,1.31789
2026-08-15 23:21:00+00:00,2026-08-15 23:24:00+00:00,63130.01,63130.01,63127.61,63127.62,1.37439
2026-08-15 23:24:00+00:00,2026-08-15 23:27:00+00:00,63127.61,63127.62,63112.0,63112.01,3.04813
2026-08-15 23:27:00+00:00,2026-08-15 23:30:00+00:00,63112.01,63112.01,63112.0,63112.0,0.92212
2026-08-15 23:30:00+00:00,2026-08-15 23:33:00+00:00,63112.01,63112.01,63111.0,63111.0,2.73307
2026-08-15 23:33:00+00:00,2026-08-15 23:36:00+00:00,63111.0,63111.01,63100.0,63100.0,4.36252
2026-08-15 23:36:00+00:00,2026-08-15 23:39:00+00:00,63100.01,63100.01,63100.0,63100.0,1.3207
2026-08-15 23:39:00+00:00,2026-08-15 23:42:00+00:00,63100.01,63102.54,63100.0,63102.54,7.99522
2026-08-15 23:42:00+00:00,2026-08-15 23:45:00+00:00,63102.54,63102.76,63102.53,63102.75,5.09773
2026-08-15 23:45:00+00:00,2026-08-15 23:48:00+00:00,63102.76,63103.81,63102.75,63103.81,2.67258
2026-08-15 23:48:00+00:00,2026-08-15 23:51:00+00:00,63103.81,63104.0,63103.8,63103.99,1.81867
2026-08-15 23:51:00+00:00,2026-08-15 23:54:00+00:00,63103.99,63103.99,63086.63,63086.64,10.97792
2026-08-15 23:54:00+00:00,2026-08-15 23:57:00+00:00,63086.64,63086.64,63086.0,63086.0,2.93152
2026-08-15 23:57:00+00:00,2026-08-16 00:00:00+00:00,63086.01,63086.01,63086.0,63086.01,0.67068
2026-08-16 00:00:00+00:00,2026-08-16 00:03:00+00:00,63086.01,63086.01,63074.0,63074.0,4.11788
2026-08-16 00:03:00+00:00,2026-08-16 00:06:00+00:00,63074.0,63074.01,63067.47,63072.53,7.60144
2026-08-16 00:06:00+00:00,2026-08-16 00:09:00+00:00,63072.53,63072.53,63070.47,63070.48,2.71811
2026-08-16 00:09:00+00:00,2026-08-16 00:12:00+00:00,63070.48,63071.75,63070.47,63071.75,1.74477
2026-08-16 00:12:00+00:00,2026-08-16 00:15:00+00:00,63071.75,63071.75,63071.74,63071.74,5.7517
2026-08-16 00:15:00+00:00,2026-08-16 00:18:00+00:00,63071.75,63071.75,63071.74,63071.75,1.80768
2026-08-16 00:18:00+00:00,2026-08-16 00:21:00+00:00,63071.75,63071.75,63071.74,63071.75,2.54159
2026-08-16 00:21:00+00:00,2026-08-16 00:24:00+00:00,63071.75,63071.75,63071.74,63071.74,0.66726
2026-08-16 00:24:00+00:00,2026-08-16 00:27:00+00:00,63071.75,63071.75,63071.74,63071.75,0.33238
2026-08-16 00:27:00+00:00,2026-08-16 00:30:00+00:00,63071.75,63071.75,63071.74,63071.75,0.58655
2026-08-16 00:30:00+00:00,2026-08-16 00:33:00+00:00,63071.74,63071.75,63068.35,63068.35,2.99638
2026-08-16 00:33:00+00:00,2026-08-16 00:36:00+00:00,63068.35,63068.36,63061.47,63062.86,12.68819
2026-08-16 00:36:00+00:00,2026-08-16 00:39:00+00:00,63062.86,63070.0,63062.86,63070.0,4.87467
2026-08-16 00:39:00+00:00,2026-08-16 00:42:00+00:00,63070.0,63070.0,63069.99,63069.99,0.73131
2026-08-16 00:42:00+00:00,2026-08-16 00:45:00+00:00,63070.0,63070.0,63069.99,63070.0,3.30938
2026-08-16 00:45:00+00:00,2026-08-16 00:48:00+00:00,63070.0,63083.81,63069.99,63083.8,10.56865
2026-08-16 00:48:00+00:00,2026-08-16 00:51:00+00:00,63083.81,63083.81,63070.72,63070.73,8.32451
2026-08-16 00:51:00+00:00,2026-08-16 00:54:00+00:00,63070.72,63073.02,63070.72,63073.02,7.06982
2026-08-16 00:54:00+00:00,2026-08-16 00:57:00+00:00,63073.02,63073.02,63073.01,63073.01,5.04213
2026-08-16 00:57:00+00:00,2026-08-16 01:00:00+00:00,63073.01,63085.82,63073.01,63085.82,11.09932
2026-08-16 01:00:00+00:00,2026-08-16 01:03:00+00:00,63085.81,63085.82,63075.0,63075.01,6.66885
2026-08-16 01:03:00+00:00,2026-08-16 01:06:00+00:00,63075.0,63075.01,63075.0,63075.0,2.29713
2026-08-16 01:06:00+00:00,2026-08-16 01:09:00+00:00,63075.01,63075.01,63074.93,63074.93,1.60629
2026-08-16 01:09:00+00:00,2026-08-16 01:12:00+00:00,63074.93,63074.93,63052.25,63052.26,4.65999
2026-08-16 01:12:00+00:00,2026-08-16 01:15:00+00:00,63052.26,63052.26,63052.25,63052.25,7.23659
2026-08-16 01:15:00+00:00,2026-08-16 01:18:00+00:00,63052.26,63052.26,63052.25,63052.26,2.20335
2026-08-16 01:18:00+00:00,2026-08-16 01:21:00+00:00,63052.26,63056.8,63052.25,63056.3,5.21923
2026-08-16 01:21:00+00:00,2026-08-16 01:24:00+00:00,63056.29,63078.0,63054.8,63078.0,14.46036
2026-08-16 01:24:00+00:00,2026-08-16 01:27:00+00:00,63078.0,63078.75,63068.01,63068.02,7.00704
2026-08-16 01:27:00+00:00,2026-08-16 01:30:00+00:00,63068.02,63068.02,63059.67,63059.68,2.60452
2026-08-16 01:30:00+00:00,2026-08-16 01:33:00+00:00,63059.67,63059.67,63057.97,63059.25,4.66584
2026-08-16 01:33:00+00:00,2026-08-16 01:36:00+00:00,63059.25,63059.25,63059.24,63059.24,5.2229
2026-08-16 01:36:00+00:00,2026-08-16 01:39:00+00:00,63059.24,63059.25,63052.06,63052.06,8.25637
2026-08-16 01:39:00+00:00,2026-08-16 01:42:00+00:00,63052.06,63054.13,63012.0,63023.0,23.87494
2026-08-16 01:42:00+00:00,2026-08-16 01:45:00+00:00,63023.01,63066.94,63023.0,63066.94,10.41342
2026-08-16 01:45:00+00:00,2026-08-16 01:48:00+00:00,63066.94,63066.94,63066.93,63066.93,0.63756
2026-08-16 01:48:00+00:00,2026-08-16 01:51:00+00:00,63066.93,63066.94,63066.93,63066.93,3.32534
2026-08-16 01:51:00+00:00,2026-08-16 01:54:00+00:00,63066.93,63066.94,63054.68,63054.68,4.42633
2026-08-16 01:54:00+00:00,2026-08-16 01:57:00+00:00,63054.69,63054.69,63054.68,63054.69,0.82599
2026-08-16 01:57:00+00:00,2026-08-16 02:00:00+00:00,63054.69,63084.78,63054.68,63084.78,64.94353
2026-08-16 02:00:00+00:00,2026-08-16 02:03:00+00:00,63084.78,63084.78,63064.19,63064.2,10.74856
2026-08-16 02:03:00+00:00,2026-08-16 02:06:00+00:00,63064.19,63064.2,63046.36,63046.37,3.89982
2026-08-16 02:06:00+00:00,2026-08-16 02:09:00+00:00,63046.37,63046.37,63046.36,63046.36,2.35601
2026-08-16 02:09:00+00:00,2026-08-16 02:12:00+00:00,63046.37,63046.37,63033.26,63033.26,3.1562
2026-08-16 02:12:00+00:00,2026-08-16 02:15:00+00:00,63033.26,63033.27,63024.22,63024.22,4.56304
2026-08-16 02:15:00+00:00,2026-08-16 02:18:00+00:00,63024.23,63024.23,63024.22,63024.23,1.52877
2026-08-16 02:18:00+00:00,2026-08-16 02:21:00+00:00,63024.23,63080.01,63024.22,63080.01,15.33588
2026-08-16 02:21:00+00:00,2026-08-16 02:24:00+00:00,63080.0,63112.87,63080.0,63112.86,20.20529
2026-08-16 02:24:00+00:00,2026-08-16 02:27:00+00:00,63112.87,63120.99,63112.86,63120.99,10.76271
2026-08-16 02:27:00+00:00,2026-08-16 02:30:00+00:00,63120.99,63120.99,63115.0,63115.01,4.49788
2026-08-16 02:30:00+00:00,2026-08-16 02:33:00+00:00,63115.0,63122.06,63115.0,63122.06,6.21586
2026-08-16 02:33:00+00:00,2026-08-16 02:36:00+00:00,63122.05,63122.67,63122.05,63122.66,4.42414
2026-08-16 02:36:00+00:00,2026-08-16 02:39:00+00:00,63122.66,63129.6,63115.59,63120.94,9.32055
2026-08-16 02:39:00+00:00,2026-08-16 02:42:00+00:00,63120.94,63135.1,63120.94,63135.1,7.02157
2026-08-16 02:42:00+00:00,2026-08-16 02:45:00+00:00,63135.1,63151.59,63135.1,63151.58,91.23142
2026-08-16 02:45:00+00:00,2026-08-16 02:48:00+00:00,63151.58,63151.59,63132.43,63137.5,14.60342
2026-08-16 02:48:00+00:00,2026-08-16 02:51:00+00:00,63137.5,63141.99,63137.02,63137.03,13.26412
2026-08-16 02:51:00+00:00,2026-08-16 02:54:00+00:00,63137.02,63137.03,63115.6,63115.61,5.8695
2026-08-16 02:54:00+00:00,2026-08-16 02:57:00+00:00,63115.61,63121.92,63115.6,63121.91,14.9368
2026-08-16 02:57:00+00:00,2026-08-16 03:00:00+00:00,63121.92,63121.92,63121.91,63121.91,1.40743
2026-08-16 03:00:00+00:00,2026-08-16 03:03:00+00:00,63121.92,63121.92,63121.91,63121.91,2.58421
2026-08-16 03:03:00+00:00,2026-08-16 03:06:00+00:00,63121.92,63121.92,63121.91,63121.92,1.0115
2026-08-16 03:06:00+00:00,2026-08-16 03:09:00+00:00,63121.92,63125.0,63121.91,63125.0,3.1075
2026-08-16 03:09:00+00:00,2026-08-16 03:12:00+00:00,63125.0,63125.0,63124.99,63124.99,1.58643
2026-08-16 03:12:00+00:00,2026-08-16 03:15:00+00:00,63124.99,63125.0,63122.98,63122.98,20.97643
2026-08-16 03:15:00+00:00,2026-08-16 03:18:00+00:00,63122.99,63122.99,63115.61,63120.0,8.69401
2026-08-16 03:18:00+00:00,2026-08-16 03:21:00+00:00,63119.99,63120.0,63119.99,63120.0,2.02551
2026-08-16 03:21:00+00:00,2026-08-16 03:24:00+00:00,63120.0,63120.0,63119.99,63119.99,1.45241
2026-08-16 03:24:00+00:00,2026-08-16 03:27:00+00:00,63119.99,63120.0,63119.99,63120.0,4.02111
2026-08-16 03:27:00+00:00,2026-08-16 03:30:00+00:00,63120.0,63120.0,63119.99,63119.99,0.80431
2026-08-16 03:30:00+00:00,2026-08-16 03:33:00+00:00,63120.0,63120.76,63119.99,63120.75,2.65627
2026-08-16 03:33:00+00:00,2026-08-16 03:36:00+00:00,63120.76,63120.76,63120.75,63120.76,3.88688
2026-08-16 03:36:00+00:00,2026-08-16 03:39:00+00:00,63120.75,63124.04,63120.75,63124.03,4.53469
2026-08-16 03:39:00+00:00,2026-08-16 03:42:00+00:00,63124.03,63124.04,63124.03,63124.04,4.56903
2026-08-16 03:42:00+00:00,2026-08-16 03:45:00+00:00,63124.03,63124.04,63124.03,63124.03,1.80094
2026-08-16 03:45:00+00:00,2026-08-16 03:48:00+00:00,63124.03,63124.04,63124.03,63124.04,2.71002
2026-08-16 03:48:00+00:00,2026-08-16 03:51:00+00:00,63124.04,63124.63,63124.03,63124.62,1.6074
2026-08-16 03:51:00+00:00,2026-08-16 03:54:00+00:00,63124.63,63124.63,63124.62,63124.63,1.59333
2026-08-16 03:54:00+00:00,2026-08-16 03:57:00+00:00,63124.62,63124.63,63120.93,63120.94,21.78797
2026-08-16 03:57:00+00:00,2026-08-16 04:00:00+00:00,63120.94,63130.01,63120.93,63130.0,14.53779
2026-08-16 04:00:00+00:00,2026-08-16 04:03:00+00:00,63130.01,63130.01,63130.0,63130.01,1.25219
2026-08-16 04:03:00+00:00,2026-08-16 04:06:00+00:00,63130.0,63133.04,63130.0,63133.04,6.6284
2026-08-16 04:06:00+00:00,2026-08-16 04:09:00+00:00,63133.04,63133.04,63133.03,63133.04,1.26634
2026-08-16 04:09:00+00:00,2026-08-16 04:12:00+00:00,63133.03,63133.04,63133.03,63133.04,1.69464
2026-08-16 04:12:00+00:00,2026-08-16 04:15:00+00:00,63133.04,63134.73,63133.03,63134.72,11.50595
2026-08-16 04:15:00+00:00,2026-08-16 04:18:00+00:00,63134.73,63138.1,63134.72,63138.09,11.35484
2026-08-16 04:18:00+00:00,2026-08-16 04:21:00+00:00,63138.1,63158.8,63138.1,63158.79,10.90368
2026-08-16 04:21:00+00:00,2026-08-16 04:24:00+00:00,63158.79,63158.8,63151.2,63151.2,6.86497
2026-08-16 04:24:00+00:00,2026-08-16 04:27:00+00:00,63151.21,63151.21,63151.2,63151.21,0.91704
2026-08-16 04:27:00+00:00,2026-08-16 04:30:00+00:00,63151.21,63153.56,63151.2,63153.56,6.59942
2026-08-16 04:30:00+00:00,2026-08-16 04:33:00+00:00,63153.55,63153.56,63125.0,63125.0,9.89626
2026-08-16 04:33:00+00:00,2026-08-16 04:36:00+00:00,63125.0,63125.01,63125.0,63125.01,2.34022
2026-08-16 04:36:00+00:00,2026-08-16 04:39:00+00:00,63125.0,63125.01,63124.42,63124.43,1.89092
2026-08-16 04:39:00+00:00,2026-08-16 04:42:00+00:00,63124.43,63124.43,63124.42,63124.43,0.75663
2026-08-16 04:42:00+00:00,2026-08-16 04:45:00+00:00,63124.43,63124.43,63116.89,63116.9,13.35781
2026-08-16 04:45:00+00:00,2026-08-16 04:48:00+00:00,63116.89,63124.01,63116.89,63124.01,17.40845
2026-08-16 04:48:00+00:00,2026-08-16 04:51:00+00:00,63124.01,63124.43,63124.0,63124.43,2.10352
2026-08-16 04:51:00+00:00,2026-08-16 04:54:00+00:00,63124.42,63124.43,63124.42,63124.43,0.83585
2026-08-16 04:54:00+00:00,2026-08-16 04:57:00+00:00,63124.42,63124.43,63098.0,63098.01,17.8562
2026-08-16 04:57:00+00:00,2026-08-16 05:00:00+00:00,63098.0,63098.01,63090.0,63090.01,4.88781
2026-08-16 05:00:00+00:00,2026-08-16 05:03:00+00:00,63090.0,63090.0,63074.27,63084.1,11.10133
2026-08-16 05:03:00+00:00,2026-08-16 05:06:00+00:00,63084.1,63094.0,63084.09,63093.99,5.8061
2026-08-16 05:06:00+00:00,2026-08-16 05:09:00+00:00,63093.99,63094.0,63093.99,63094.0,1.70617
2026-08-16 05:09:00+00:00,2026-08-16 05:12:00+00:00,63093.99,63094.0,63093.99,63094.0,0.81967
2026-08-16 05:12:00+00:00,2026-08-16 05:15:00+00:00,63094.0,63094.0,63093.99,63093.99,2.51851
2026-08-16 05:15:00+00:00,2026-08-16 05:18:00+00:00,63093.99,63094.0,63085.14,63085.15,8.29563
2026-08-16 05:18:00+00:00,2026-08-16 05:21:00+00:00,63085.14,63085.15,63070.0,63070.01,3.6203
2026-08-16 05:21:00+00:00,2026-08-16 05:24:00+00:00,63070.01,63070.01,63070.0,63070.0,0.95446
2026-08-16 05:24:00+00:00,2026-08-16 05:27:00+00:00,63070.0,63070.01,63070.0,63070.01,2.07713
2026-08-16 05:27:00+00:00,2026-08-16 05:30:00+00:00,63070.01,63070.01,63070.0,63070.01,0.52846
2026-08-16 05:30:00+00:00,2026-08-16 05:33:00+00:00,63070.0,63070.01,63066.0,63068.54,3.34295
2026-08-16 05:33:00+00:00,2026-08-16 05:36:00+00:00,63068.54,63068.54,63068.53,63068.53,1.61454
2026-08-16 05:36:00+00:00,2026-08-16 05:39:00+00:00,63068.53,63075.0,63068.53,63075.0,4.95926
2026-08-16 05:39:00+00:00,2026-08-16 05:42:00+00:00,63075.0,63075.0,63074.99,63075.0,0.49911
2026-08-16 05:42:00+00:00,2026-08-16 05:45:00+00:00,63074.99,63075.0,63051.99,63053.27,55.4368
2026-08-16 05:45:00+00:00,2026-08-16 05:48:00+00:00,63053.27,63053.27,63053.26,63053.27,3.1491
2026-08-16 05:48:00+00:00,2026-08-16 05:51:00+00:00,63053.27,63053.27,63046.0,63047.14,14.88302
2026-08-16 05:51:00+00:00,2026-08-16 05:54:00+00:00,63047.14,63058.0,63047.13,63058.0,7.15764
2026-08-16 05:54:00+00:00,2026-08-16 05:57:00+00:00,63058.0,63059.92,63058.0,63059.91,3.2307
2026-08-16 05:57:00+00:00,2026-08-16 06:00:00+00:00,63059.92,63070.0,63040.0,63069.43,103.41969
2026-08-16 06:00:00+00:00,2026-08-16 06:03:00+00:00,63069.43,63069.43,63066.89,63066.89,1.42017
2026-08-16 06:03:00+00:00,2026-08-16 06:06:00+00:00,63066.9,63066.9,63066.89,63066.89,0.44338
2026-08-16 06:06:00+00:00,2026-08-16 06:09:00+00:00,63066.89,63078.41,63066.89,63078.41,15.38407
2026-08-16 06:09:00+00:00,2026-08-16 06:12:00+00:00,63078.41,63078.41,63078.4,63078.41,1.85998
2026-08-16 06:12:00+00:00,2026-08-16 06:15:00+00:00,63078.4,63078.41,63043.21,63044.0,70.69785
2026-08-16 06:15:00+00:00,2026-08-16 06:18:00+00:00,63044.0,63045.35,63043.99,63045.35,2.53303
2026-08-16 06:18:00+00:00,2026-08-16 06:21:00+00:00,63045.35,63066.21,63045.34,63057.38,72.53265
2026-08-16 06:21:00+00:00,2026-08-16 06:24:00+00:00,63057.37,63057.38,63054.34,63054.34,2.79752
2026-08-16 06:24:00+00:00,2026-08-16 06:27:00+00:00,63054.34,63072.32,63054.34,63072.32,32.35549
2026-08-16 06:27:00+00:00,2026-08-16 06:30:00+00:00,63072.32,63072.32,63072.31,63072.32,1.15715
2026-08-16 06:30:00+00:00,2026-08-16 06:33:00+00:00,63072.31,63072.32,63057.03,63058.49,40.11657
2026-08-16 06:33:00+00:00,2026-08-16 06:36:00+00:00,63058.48,63058.49,63058.48,63058.49,4.46876
2026-08-16 06:36:00+00:00,2026-08-16 06:39:00+00:00,63058.49,63058.49,63058.48,63058.49,1.50344
2026-08-16 06:39:00+00:00,2026-08-16 06:42:00+00:00,63058.48,63058.49,63058.48,63058.49,2.56779
2026-08-16 06:42:00+00:00,2026-08-16 06:45:00+00:00,63058.48,63058.49,63058.48,63058.48,6.57097
2026-08-16 06:45:00+00:00,2026-08-16 06:48:00+00:00,63058.49,63071.3,63058.48,63071.3,4.32374
2026-08-16 06:48:00+00:00,2026-08-16 06:51:00+00:00,63071.29,63083.79,63071.29,63076.73,6.63468
2026-08-16 06:51:00+00:00,2026-08-16 06:54:00+00:00,63076.74,63076.74,63072.47,63072.48,2.51323
2026-08-16 06:54:00+00:00,2026-08-16 06:57:00+00:00,63072.48,63072.48,63070.0,63070.0,6.15655
2026-08-16 06:57:00+00:00,2026-08-16 07:00:00+00:00,63069.95,63069.95,63069.31,63069.31,4.28147
2026-08-16 07:00:00+00:00,2026-08-16 07:03:00+00:00,63069.32,63069.32,63065.13,63065.14,3.40464
2026-08-16 07:03:00+00:00,2026-08-16 07:06:00+00:00,63065.13,63065.13,63054.83,63054.84,3.08817
2026-08-16 07:06:00+00:00,2026-08-16 07:09:00+00:00,63054.84,63054.84,63054.83,63054.84,1.2006
2026-08-16 07:09:00+00:00,2026-08-16 07:12:00+00:00,63054.84,63054.84,63054.83,63054.83,2.92869
2026-08-16 07:12:00+00:00,2026-08-16 07:15:00+00:00,63054.83,63054.84,63054.34,63054.34,7.9414
2026-08-16 07:15:00+00:00,2026-08-16 07:18:00+00:00,63054.35,63054.35,63054.34,63054.35,0.67646
2026-08-16 07:18:00+00:00,2026-08-16 07:21:00+00:00,63054.34,63056.74,63054.34,63056.73,17.09522
2026-08-16 07:21:00+00:00,2026-08-16 07:24:00+00:00,63056.73,63061.03,63056.73,63061.02,14.26505
2026-08-16 07:24:00+00:00,2026-08-16 07:27:00+00:00,63061.03,63061.03,63061.02,63061.02,2.00616
2026-08-16 07:27:00+00:00,2026-08-16 07:30:00+00:00,63061.03,63061.03,63061.02,63061.02,14.53471
2026-08-16 07:30:00+00:00,2026-08-16 07:33:00+00:00,63061.03,63061.03,63061.02,63061.03,1.12043
2026-08-16 07:33:00+00:00,2026-08-16 07:36:00+00:00,63061.03,63061.03,63061.02,63061.02,5.83562
2026-08-16 07:36:00+00:00,2026-08-16 07:39:00+00:00,63061.02,63061.03,63061.02,63061.02,6.16052
2026-08-16 07:39:00+00:00,2026-08-16 07:42:00+00:00,63061.03,63063.03,63061.02,63063.02,19.2662
2026-08-16 07:42:00+00:00,2026-08-16 07:45:00+00:00,63063.03,63063.03,63061.02,63061.03,22.31075
2026-08-16 07:45:00+00:00,2026-08-16 07:48:00+00:00,63061.03,63061.03,63061.02,63061.03,3.57002
2026-08-16 07:48:00+00:00,2026-08-16 07:51:00+00:00,63061.02,63061.03,63061.02,63061.02,8.66087
2026-08-16 07:51:00+00:00,2026-08-16 07:54:00+00:00,63061.03,63061.03,63061.02,63061.02,5.5524
2026-08-16 07:54:00+00:00,2026-08-16 07:57:00+00:00,63061.02,63061.03,63061.02,63061.03,1.89915
2026-08-16 07:57:00+00:00,2026-08-16 08:00:00+00:00,63061.03,63061.03,63061.02,63061.02,5.42292
2026-08-16 08:00:00+00:00,2026-08-16 08:03:00+00:00,63061.03,63061.03,63061.02,63061.03,0.84712
2026-08-16 08:03:00+00:00,2026-08-16 08:06:00+00:00,63061.02,63064.11,63061.02,63064.1,23.86326
2026-08-16 08:06:00+00:00,2026-08-16 08:09:00+00:00,63064.1,63064.11,63064.1,63064.1,1.58705
2026-08-16 08:09:00+00:00,2026-08-16 08:12:00+00:00,63064.1,63064.11,63064.1,63064.11,4.43816
2026-08-16 08:12:00+00:00,2026-08-16 08:15:00+00:00,63064.11,63064.11,63064.1,63064.1,4.12849
2026-08-16 08:15:00+00:00,2026-08-16 08:18:00+00:00,63064.1,63064.11,63064.1,63064.1,7.14959
2026-08-16 08:18:00+00:00,2026-08-16 08:21:00+00:00,63064.11,63064.11,63064.1,63064.11,3.00278
2026-08-16 08:21:00+00:00,2026-08-16 08:24:00+00:00,63064.1,63064.11,63064.1,63064.11,9.60312
2026-08-16 08:24:00+00:00,2026-08-16 08:27:00+00:00,63064.11,63079.76,63064.1,63079.75,17.92891
2026-08-16 08:27:00+00:00,2026-08-16 08:30:00+00:00,63079.76,63079.76,63079.75,63079.76,1.06191
2026-08-16 08:30:00+00:00,2026-08-16 08:33:00+00:00,63079.76,63079.76,63071.71,63072.43,7.73838
2026-08-16 08:33:00+00:00,2026-08-16 08:36:00+00:00,63072.43,63072.43,63072.42,63072.42,3.53281
2026-08-16 08:36:00+00:00,2026-08-16 08:39:00+00:00,63072.42,63072.43,63072.42,63072.42,2.56101
2026-08-16 08:39:00+00:00,2026-08-16 08:42:00+00:00,63072.42,63072.43,63072.42,63072.42,0.9481
2026-08-16 08:42:00+00:00,2026-08-16 08:45:00+00:00,63072.43,63072.43,63072.42,63072.42,3.16314
2026-08-16 08:45:00+00:00,2026-08-16 08:48:00+00:00,63072.43,63072.43,63072.42,63072.43,2.49962
2026-08-16 08:48:00+00:00,2026-08-16 08:51:00+00:00,63072.42,63072.43,63072.42,63072.42,3.63368
2026-08-16 08:51:00+00:00,2026-08-16 08:54:00+00:00,63072.42,63072.43,63072.42,63072.42,4.34054
2026-08-16 08:54:00+00:00,2026-08-16 08:57:00+00:00,63072.42,63072.43,63072.42,63072.42,1.62621
2026-08-16 08:57:00+00:00,2026-08-16 09:00:00+00:00,63072.42,63072.43,63072.42,63072.42,5.26822
2026-08-16 09:00:00+00:00,2026-08-16 09:03:00+00:00,63072.43,63072.43,63072.42,63072.43,2.23513
2026-08-16 09:03:00+00:00,2026-08-16 09:06:00+00:00,63072.42,63072.43,63072.42,63072.43,0.95419
2026-08-16 09:06:00+00:00,2026-08-16 09:09:00+00:00,63072.43,63072.43,63072.42,63072.43,1.21873
2026-08-16 09:09:00+00:00,2026-08-16 09:12:00+00:00,63072.42,63072.43,63072.42,63072.42,2.8736
2026-08-16 09:12:00+00:00,2026-08-16 09:15:00+00:00,63072.42,63072.43,63072.42,63072.43,4.44722
2026-08-16 09:15:00+00:00,2026-08-16 09:18:00+00:00,63072.42,63072.43,63072.42,63072.43,1.36126
2026-08-16 09:18:00+00:00,2026-08-16 09:21:00+00:00,63072.42,63072.43,63072.42,63072.42,1.36215
2026-08-16 09:21:00+00:00,2026-08-16 09:24:00+00:00,63072.42,63072.43,63072.42,63072.43,7.07727
2026-08-16 09:24:00+00:00,2026-08-16 09:27:00+00:00,63072.43,63072.43,63072.42,63072.43,7.63218
2026-08-16 09:27:00+00:00,2026-08-16 09:30:00+00:00,63072.42,63072.43,63072.42,63072.42,6.91617
2026-08-16 09:30:00+00:00,2026-08-16 09:33:00+00:00,63072.42,63072.43,63072.42,63072.42,1.66826
2026-08-16 09:33:00+00:00,2026-08-16 09:36:00+00:00,63072.43,63072.43,63054.34,63054.35,44.84019
2026-08-16 09:36:00+00:00,2026-08-16 09:39:00+00:00,63054.34,63056.73,63054.34,63056.72,32.31113
2026-08-16 09:39:00+00:00,2026-08-16 09:42:00+00:00,63056.72,63056.73,63054.34,63054.34,13.79877
2026-08-16 09:42:00+00:00,2026-08-16 09:45:00+00:00,63054.34,63054.35,63000.0,63000.0,39.32375
2026-08-16 09:45:00+00:00,2026-08-16 09:48:00+00:00,63000.0,63000.01,62968.45,62993.99,56.44371
2026-08-16 09:48:00+00:00,2026-08-16 09:51:00+00:00,62994.0,63008.69,62993.99,63008.69,39.98526
2026-08-16 09:51:00+00:00,2026-08-16 09:54:00+00:00,63008.69,63008.69,63008.68,63008.69,10.13578
2026-08-16 09:54:00+00:00,2026-08-16 09:57:00+00:00,63008.68,63008.69,63000.56,63000.57,10.59578
2026-08-16 09:57:00+00:00,2026-08-16 10:00:00+00:00,63000.56,63000.57,62992.68,62992.69,5.75116
2026-08-16 10:00:00+00:00,2026-08-16 10:03:00+00:00,62992.68,62992.69,62968.45,62979.02,24.55394
2026-08-16 10:03:00+00:00,2026-08-16 10:06:00+00:00,62979.02,62979.02,62968.45,62968.46,10.03652
2026-08-16 10:06:00+00:00,2026-08-16 10:09:00+00:00,62968.46,62978.0,62968.45,62977.99,18.5847
2026-08-16 10:09:00+00:00,2026-08-16 10:12:00+00:00,62978.0,62989.36,62978.0,62989.36,5.20608
2026-08-16 10:12:00+00:00,2026-08-16 10:15:00+00:00,62989.35,62991.13,62987.78,62987.79,13.4244
2026-08-16 10:15:00+00:00,2026-08-16 10:18:00+00:00,62987.78,62987.79,62987.78,62987.78,1.2472
2026-08-16 10:18:00+00:00,2026-08-16 10:21:00+00:00,62987.79,62987.79,62987.78,62987.79,1.50174
2026-08-16 10:21:00+00:00,2026-08-16 10:24:00+00:00,62987.79,62987.79,62987.78,62987.79,1.6586
2026-08-16 10:24:00+00:00,2026-08-16 10:27:00+00:00,62987.79,63002.02,62987.78,63002.02,19.78569
2026-08-16 10:27:00+00:00,2026-08-16 10:30:00+00:00,63002.02,63013.62,63002.01,63013.62,6.39182
2026-08-16 10:30:00+00:00,2026-08-16 10:33:00+00:00,63013.62,63013.62,63008.56,63008.56,6.19819
2026-08-16 10:33:00+00:00,2026-08-16 10:36:00+00:00,63008.57,63008.57,63008.56,63008.56,2.70604
2026-08-16 10:36:00+00:00,2026-08-16 10:39:00+00:00,63008.57,63008.57,63008.56,63008.56,0.97083
2026-08-16 10:39:00+00:00,2026-08-16 10:42:00+00:00,63008.56,63008.57,63008.56,63008.57,1.58428
2026-08-16 10:42:00+00:00,2026-08-16 10:45:00+00:00,63008.56,63008.57,63008.56,63008.57,5.51629
2026-08-16 10:45:00+00:00,2026-08-16 10:48:00+00:00,63008.56,63008.57,63008.56,63008.57,3.56715
2026-08-16 10:48:00+00:00,2026-08-16 10:51:00+00:00,63008.57,63008.57,63008.56,63008.56,5.93329
2026-08-16 10:51:00+00:00,2026-08-16 10:54:00+00:00,63008.57,63008.57,63008.56,63008.56,0.8527
2026-08-16 10:54:00+00:00,2026-08-16 10:57:00+00:00,63008.57,63008.57,63008.56,63008.56,2.12753
2026-08-16 10:57:00+00:00,2026-08-16 11:00:00+00:00,63008.57,63008.57,63008.56,63008.57,1.4476
2026-08-16 11:00:00+00:00,2026-08-16 11:03:00+00:00,63008.56,63008.57,63008.56,63008.56,14.68654
2026-08-16 11:03:00+00:00,2026-08-16 11:06:00+00:00,63008.56,63008.57,63008.56,63008.56,1.2105
2026-08-16 11:06:00+00:00,2026-08-16 11:09:00+00:00,63008.57,63008.57,63008.56,63008.56,3.29733
2026-08-16 11:09:00+00:00,2026-08-16 11:12:00+00:00,63008.56,63008.57,63006.54,63006.55,5.80242
2026-08-16 11:12:00+00:00,2026-08-16 11:15:00+00:00,63006.55,63006.55,63006.54,63006.54,10.53421
2026-08-16 11:15:00+00:00,2026-08-16 11:18:00+00:00,63006.55,63006.55,63006.54,63006.55,1.56762
2026-08-16 11:18:00+00:00,2026-08-16 11:21:00+00:00,63006.55,63006.55,63006.54,63006.54,2.37981
2026-08-16 11:21:00+00:00,2026-08-16 11:24:00+00:00,63006.54,63006.55,62992.09,62992.1,10.18887
2026-08-16 11:24:00+00:00,2026-08-16 11:27:00+00:00,62992.1,62992.1,62990.66,62990.67,1.46255
2026-08-16 11:27:00+00:00,2026-08-16 11:30:00+00:00,62990.67,62990.67,62981.93,62981.95,8.94439
2026-08-16 11:30:00+00:00,2026-08-16 11:33:00+00:00,62981.94,62982.01,62981.94,62982.01,14.49353
2026-08-16 11:33:00+00:00,2026-08-16 11:36:00+00:00,62982.01,62988.22,62982.0,62988.21,13.65963
2026-08-16 11:36:00+00:00,2026-08-16 11:39:00+00:00,62988.22,62995.0,62988.21,62995.0,9.82894
2026-08-16 11:39:00+00:00,2026-08-16 11:42:00+00:00,62994.99,63003.5,62994.99,63003.49,7.52205
2026-08-16 11:42:00+00:00,2026-08-16 11:45:00+00:00,63003.5,63003.5,62999.63,62999.63,10.60038
2026-08-16 11:45:00+00:00,2026-08-16 11:48:00+00:00,62999.64,62999.64,62985.37,62985.37,50.95525
2026-08-16 11:48:00+00:00,2026-08-16 11:51:00+00:00,62985.38,62985.38,62983.97,62983.97,7.78412
2026-08-16 11:51:00+00:00,2026-08-16 11:54:00+00:00,62983.97,62988.5,62983.97,62988.49,11.79241
2026-08-16 11:54:00+00:00,2026-08-16 11:57:00+00:00,62988.49,63004.43,62988.49,63004.42,6.59053
2026-08-16 11:57:00+00:00,2026-08-16 12:00:00+00:00,63004.43,63013.66,63004.43,63013.66,20.31599
2026-08-16 12:00:00+00:00,2026-08-16 12:03:00+00:00,63013.66,63013.66,63013.65,63013.66,4.84549
2026-08-16 12:03:00+00:00,2026-08-16 12:06:00+00:00,63013.66,63025.42,63013.65,63025.42,7.50515
2026-08-16 12:06:00+00:00,2026-08-16 12:09:00+00:00,63025.41,63025.42,63025.41,63025.41,0.85002
2026-08-16 12:09:00+00:00,2026-08-16 12:12:00+00:00,63025.41,63025.42,63025.41,63025.42,2.73237
2026-08-16 12:12:00+00:00,2026-08-16 12:15:00+00:00,63025.42,63025.42,63025.39,63025.39,3.47278
2026-08-16 12:15:00+00:00,2026-08-16 12:18:00+00:00,63025.4,63025.4,63025.39,63025.4,0.98345
2026-08-16 12:18:00+00:00,2026-08-16 12:21:00+00:00,63025.4,63025.4,63025.35,63025.35,2.71002
2026-08-16 12:21:00+00:00,2026-08-16 12:24:00+00:00,63025.35,63025.36,63025.35,63025.35,1.9544
2026-08-16 12:24:00+00:00,2026-08-16 12:27:00+00:00,63025.35,63025.36,63025.35,63025.36,1.23788
2026-08-16 12:27:00+00:00,2026-08-16 12:30:00+00:00,63025.35,63025.36,63025.35,63025.36,1.57964
2026-08-16 12:30:00+00:00,2026-08-16 12:33:00+00:00,63025.35,63025.36,63000.0,63000.0,5.88712
2026-08-16 12:33:00+00:00,2026-08-16 12:36:00+00:00,63000.0,63005.97,63000.0,63005.97,2.60138
2026-08-16 12:36:00+00:00,2026-08-16 12:39:00+00:00,63005.96,63005.97,63005.96,63005.96,3.80088
2026-08-16 12:39:00+00:00,2026-08-16 12:42:00+00:00,63005.97,63005.97,63005.96,63005.97,3.56271
2026-08-16 12:42:00+00:00,2026-08-16 12:45:00+00:00,63005.96,63005.97,62997.77,62997.77,6.85612
2026-08-16 12:45:00+00:00,2026-08-16 12:48:00+00:00,62997.77,62998.12,62997.77,62998.12,4.37059
2026-08-16 12:48:00+00:00,2026-08-16 12:51:00+00:00,62998.12,63010.0,62998.11,63010.0,7.14522
2026-08-16 12:51:00+00:00,2026-08-16 12:54:00+00:00,63010.0,63010.0,63009.99,63009.99,2.23284
2026-08-16 12:54:00+00:00,2026-08-16 12:57:00+00:00,63009.99,63021.99,63009.99,63021.99,12.89081
2026-08-16 12:57:00+00:00,2026-08-16 13:00:00+00:00,63021.98,63021.99,63021.98,63021.98,1.52425
2026-08-16 13:00:00+00:00,2026-08-16 13:03:00+00:00,63021.99,63021.99,63021.98,63021.99,0.93496
2026-08-16 13:03:00+00:00,2026-08-16 13:06:00+00:00,63021.99,63021.99,63021.98,63021.99,2.39227
2026-08-16 13:06:00+00:00,2026-08-16 13:09:00+00:00,63021.99,63054.34,63021.98,63054.33,14.33882
2026-08-16 13:09:00+00:00,2026-08-16 13:12:00+00:00,63054.34,63063.33,63054.33,63063.33,18.6071
2026-08-16 13:12:00+00:00,2026-08-16 13:15:00+00:00,63063.33,63063.34,63063.32,63063.34,6.2809
2026-08-16 13:15:00+00:00,2026-08-16 13:18:00+00:00,63063.34,63068.0,63063.33,63068.0,3.05047
2026-08-16 13:18:00+00:00,2026-08-16 13:21:00+00:00,63068.0,63070.0,63067.99,63070.0,4.95973
2026-08-16 13:21:00+00:00,2026-08-16 13:24:00+00:00,63070.0,63070.0,63069.72,63069.73,20.1131
2026-08-16 13:24:00+00:00,2026-08-16 13:27:00+00:00,63069.73,63069.73,63058.02,63061.28,10.09254
2026-08-16 13:27:00+00:00,2026-08-16 13:30:00+00:00,63061.28,63063.0,63061.27,63063.0,3.07077
2026-08-16 13:30:00+00:00,2026-08-16 13:33:00+00:00,63063.0,63063.0,63062.99,63062.99,0.98009
2026-08-16 13:33:00+00:00,2026-08-16 13:36:00+00:00,63063.0,63070.05,63062.99,63070.04,5.03467
2026-08-16 13:36:00+00:00,2026-08-16 13:39:00+00:00,63070.04,63070.05,63067.01,63067.01,8.68348
2026-08-16 13:39:00+00:00,2026-08-16 13:42:00+00:00,63067.02,63067.02,63067.01,63067.02,2.65658
2026-08-16 13:42:00+00:00,2026-08-16 13:45:00+00:00,63067.02,63067.02,63067.01,63067.01,0.49533
2026-08-16 13:45:00+00:00,2026-08-16 13:48:00+00:00,63067.02,63067.02,63067.01,63067.01,8.02584
2026-08-16 13:48:00+00:00,2026-08-16 13:51:00+00:00,63067.02,63067.02,63067.01,63067.01,6.50386
2026-08-16 13:51:00+00:00,2026-08-16 13:54:00+00:00,63067.02,63067.02,63067.01,63067.01,5.73454
2026-08-16 13:54:00+00:00,2026-08-16 13:57:00+00:00,63067.02,63067.02,63060.0,63060.01,18.02792
2026-08-16 13:57:00+00:00,2026-08-16 14:00:00+00:00,63060.0,63060.01,63060.0,63060.01,6.77901
2026-08-16 14:00:00+00:00,2026-08-16 14:03:00+00:00,63060.01,63060.01,63060.0,63060.01,3.87006
2026-08-16 14:03:00+00:00,2026-08-16 14:06:00+00:00,63060.01,63063.05,63060.0,63063.04,7.96992
2026-08-16 14:06:00+00:00,2026-08-16 14:09:00+00:00,63063.05,63063.05,63063.04,63063.04,4.42801
2026-08-16 14:09:00+00:00,2026-08-16 14:12:00+00:00,63063.05,63063.05,63063.04,63063.05,7.41893
2026-08-16 14:12:00+00:00,2026-08-16 14:15:00+00:00,63063.04,63063.05,63063.04,63063.04,8.83626
2026-08-16 14:15:00+00:00,2026-08-16 14:18:00+00:00,63063.05,63063.05,63063.04,63063.05,6.93785
2026-08-16 14:18:00+00:00,2026-08-16 14:21:00+00:00,63063.05,63087.98,63063.04,63087.98,15.12586
2026-08-16 14:21:00+00:00,2026-08-16 14:24:00+00:00,63087.97,63100.9,63085.14,63100.89,19.76576
2026-08-16 14:24:00+00:00,2026-08-16 14:27:00+00:00,63100.89,63100.9,63080.0,63080.0,15.72053
2026-08-16 14:27:00+00:00,2026-08-16 14:30:00+00:00,63080.01,63094.58,63080.0,63080.01,8.84491
2026-08-16 14:30:00+00:00,2026-08-16 14:33:00+00:00,63080.01,63094.42,63075.18,63094.41,15.30531
2026-08-16 14:33:00+00:00,2026-08-16 14:36:00+00:00,63094.41,63094.58,63094.41,63094.58,9.35082
2026-08-16 14:36:00+00:00,2026-08-16 14:39:00+00:00,63094.58,63100.0,63094.57,63097.77,7.29137
2026-08-16 14:39:00+00:00,2026-08-16 14:42:00+00:00,63097.76,63100.9,63097.76,63100.9,8.64983
2026-08-16 14:42:00+00:00,2026-08-16 14:45:00+00:00,63100.9,63100.9,63100.89,63100.89,1.83025
2026-08-16 14:45:00+00:00,2026-08-16 14:48:00+00:00,63100.89,63100.9,63100.89,63100.9,2.63141
2026-08-16 14:48:00+00:00,2026-08-16 14:51:00+00:00,63100.89,63100.9,63100.89,63100.9,1.35484
2026-08-16 14:51:00+00:00,2026-08-16 14:54:00+00:00,63100.9,63100.9,63100.89,63100.89,3.00566
2026-08-16 14:54:00+00:00,2026-08-16 14:57:00+00:00,63100.89,63100.9,63100.89,63100.9,4.53043
2026-08-16 14:57:00+00:00,2026-08-16 15:00:00+00:00,63100.89,63102.86,63100.89,63102.85,6.36672
2026-08-16 15:00:00+00:00,2026-08-16 15:03:00+00:00,63102.86,63112.05,63102.86,63112.05,3.57381
2026-08-16 15:03:00+00:00,2026-08-16 15:06:00+00:00,63112.04,63114.0,63112.04,63113.99,5.67633
2026-08-16 15:06:00+00:00,2026-08-16 15:09:00+00:00,63113.99,63114.0,63113.99,63114.0,1.86951
2026-08-16 15:09:00+00:00,2026-08-16 15:12:00+00:00,63114.0,63120.0,63113.99,63119.99,8.7114
2026-08-16 15:12:00+00:00,2026-08-16 15:15:00+00:00,63120.0,63120.0,63110.25,63110.25,24.2161
2026-08-16 15:15:00+00:00,2026-08-16 15:18:00+00:00,63110.26,63110.26,63110.25,63110.25,2.92625
2026-08-16 15:18:00+00:00,2026-08-16 15:21:00+00:00,63110.26,63110.26,63110.25,63110.25,5.01214
2026-08-16 15:21:00+00:00,2026-08-16 15:24:00+00:00,63110.26,63110.26,63110.25,63110.26,1.72881
2026-08-16 15:24:00+00:00,2026-08-16 15:27:00+00:00,63110.25,63110.26,63110.25,63110.25,1.81707
2026-08-16 15:27:00+00:00,2026-08-16 15:30:00+00:00,63110.26,63110.26,63110.25,63110.26,4.87919
2026-08-16 15:30:00+00:00,2026-08-16 15:33:00+00:00,63110.26,63124.09,63110.25,63124.09,9.97982
2026-08-16 15:33:00+00:00,2026-08-16 15:36:00+00:00,63124.09,63130.0,63124.09,63129.99,14.79415
2026-08-16 15:36:00+00:00,2026-08-16 15:39:00+00:00,63129.99,63140.0,63129.99,63140.0,7.87528
2026-08-16 15:39:00+00:00,2026-08-16 15:42:00+00:00,63140.0,63140.0,63139.99,63139.99,9.1848
2026-08-16 15:42:00+00:00,2026-08-16 15:45:00+00:00,63139.99,63140.0,63114.01,63114.02,18.7982
2026-08-16 15:45:00+00:00,2026-08-16 15:48:00+00:00,63114.01,63133.51,63114.01,63133.5,14.23225
2026-08-16 15:48:00+00:00,2026-08-16 15:51:00+00:00,63133.51,63133.51,63133.5,63133.51,4.6682
2026-08-16 15:51:00+00:00,2026-08-16 15:54:00+00:00,63133.51,63133.51,63133.5,63133.51,7.61466
2026-08-16 15:54:00+00:00,2026-08-16 15:57:00+00:00,63133.51,63133.51,63129.99,63129.99,10.54022
2026-08-16 15:57:00+00:00,2026-08-16 16:00:00+00:00,63130.0,63146.4,63129.99,63146.39,15.29521
2026-08-16 16:00:00+00:00,2026-08-16 16:03:00+00:00,63146.39,63147.72,63146.39,63146.69,8.11939
2026-08-16 16:03:00+00:00,2026-08-16 16:06:00+00:00,63146.7,63146.7,63137.35,63137.35,14.47842
2026-08-16 16:06:00+00:00,2026-08-16 16:09:00+00:00,63137.35,63160.0,63137.35,63160.0,16.22097
2026-08-16 16:09:00+00:00,2026-08-16 16:12:00+00:00,63159.99,63194.12,63159.99,63188.0,30.57636
2026-08-16 16:12:00+00:00,2026-08-16 16:15:00+00:00,63188.0,63212.0,63172.77,63207.99,27.00747
2026-08-16 16:15:00+00:00,2026-08-16 16:18:00+00:00,63207.99,63340.0,63206.96,63311.38,60.66029
2026-08-16 16:18:00+00:00,2026-08-16 16:21:00+00:00,63311.37,63328.79,63294.0,63317.79,20.67574
2026-08-16 16:21:00+00:00,2026-08-16 16:24:00+00:00,63317.79,63317.79,63277.19,63292.94,19.59079
2026-08-16 16:24:00+00:00,2026-08-16 16:27:00+00:00,63292.93,63334.63,63292.93,63332.42,17.44362
2026-08-16 16:27:00+00:00,2026-08-16 16:30:00+00:00,63332.43,63352.94,63324.12,63324.5,12.78893
2026-08-16 16:30:00+00:00,2026-08-16 16:33:00+00:00,63324.51,63390.0,63324.5,63345.0,37.4053
2026-08-16 16:33:00+00:00,2026-08-16 16:36:00+00:00,63345.01,63372.0,63345.0,63371.99,22.12267
2026-08-16 16:36:00+00:00,2026-08-16 16:39:00+00:00,63372.0,63374.0,63338.21,63338.73,16.46448
2026-08-16 16:39:00+00:00,2026-08-16 16:42:00+00:00,63338.73,63338.74,63300.0,63300.0,11.56323
2026-08-16 16:42:00+00:00,2026-08-16 16:45:00+00:00,63300.0,63300.01,63290.0,63290.01,4.28489
2026-08-16 16:45:00+00:00,2026-08-16 16:48:00+00:00,63290.01,63290.01,63280.0,63280.0,14.90221
2026-08-16 16:48:00+00:00,2026-08-16 16:51:00+00:00,63280.01,63286.94,63280.0,63286.93,3.15348
2026-08-16 16:51:00+00:00,2026-08-16 16:54:00+00:00,63286.93,63286.94,63205.32,63236.34,40.66522
2026-08-16 16:54:00+00:00,2026-08-16 16:57:00+00:00,63236.33,63249.53,63236.33,63249.53,7.68131
2026-08-16 16:57:00+00:00,2026-08-16 17:00:00+00:00,63249.53,63266.7,63249.53,63260.01,8.23711
2026-08-16 17:00:00+00:00,2026-08-16 17:03:00+00:00,63260.0,63261.18,63250.0,63250.0,4.97948
2026-08-16 17:03:00+00:00,2026-08-16 17:06:00+00:00,63250.0,63276.61,63237.0,63274.04,17.38733
2026-08-16 17:06:00+00:00,2026-08-16 17:09:00+00:00,63274.03,63274.04,63273.52,63273.53,3.67758
2026-08-16 17:09:00+00:00,2026-08-16 17:12:00+00:00,63273.52,63273.53,63230.0,63230.0,8.27779
2026-08-16 17:12:00+00:00,2026-08-16 17:15:00+00:00,63230.01,63230.01,63209.4,63219.99,24.36485
2026-08-16 17:15:00+00:00,2026-08-16 17:18:00+00:00,63220.0,63231.73,63219.99,63227.36,5.27516
2026-08-16 17:18:00+00:00,2026-08-16 17:21:00+00:00,63227.37,63227.37,63210.0,63210.0,6.8424
2026-08-16 17:21:00+00:00,2026-08-16 17:24:00+00:00,63210.01,63220.0,63210.0,63219.99,9.02268
2026-08-16 17:24:00+00:00,2026-08-16 17:27:00+00:00,63220.0,63220.0,63200.0,63200.0,13.59896
2026-08-16 17:27:00+00:00,2026-08-16 17:30:00+00:00,63200.01,63200.01,63185.0,63190.0,5.76201
2026-08-16 17:30:00+00:00,2026-08-16 17:33:00+00:00,63190.0,63190.0,63189.99,63190.0,2.31356
2026-08-16 17:33:00+00:00,2026-08-16 17:36:00+00:00,63189.99,63190.0,63146.05,63163.95,19.88918
2026-08-16 17:36:00+00:00,2026-08-16 17:39:00+00:00,63163.95,63190.0,63163.94,63190.0,5.68319
2026-08-16 17:39:00+00:00,2026-08-16 17:42:00+00:00,63189.99,63190.0,63182.0,63182.01,10.64899
2026-08-16 17:42:00+00:00,2026-08-16 17:45:00+00:00,63182.0,63182.01,63126.0,63126.0,23.63529
2026-08-16 17:45:00+00:00,2026-08-16 17:48:00+00:00,63126.0,63150.0,63120.22,63150.0,16.319
2026-08-16 17:48:00+00:00,2026-08-16 17:51:00+00:00,63150.0,63150.0,63149.99,63149.99,1.94605
2026-08-16 17:51:00+00:00,2026-08-16 17:54:00+00:00,63149.99,63164.0,63149.99,63163.99,4.23365
2026-08-16 17:54:00+00:00,2026-08-16 17:57:00+00:00,63164.0,63164.0,63162.98,63162.99,4.99878
2026-08-16 17:57:00+00:00,2026-08-16 18:00:00+00:00,63162.99,63162.99,63159.3,63159.3,1.96374
2026-08-16 18:00:00+00:00,2026-08-16 18:03:00+00:00,63159.31,63159.31,63150.0,63156.69,4.90511
2026-08-16 18:03:00+00:00,2026-08-16 18:06:00+00:00,63156.69,63166.39,63156.68,63166.38,12.36169
2026-08-16 18:06:00+00:00,2026-08-16 18:09:00+00:00,63166.39,63166.39,63140.53,63160.0,12.6114
2026-08-16 18:09:00+00:00,2026-08-16 18:12:00+00:00,63160.0,63160.01,63159.99,63160.01,1.3512
2026-08-16 18:12:00+00:00,2026-08-16 18:15:00+00:00,63160.01,63160.01,63120.0,63140.0,17.33833
2026-08-16 18:15:00+00:00,2026-08-16 18:18:00+00:00,63139.99,63150.0,63139.99,63150.0,2.37775
2026-08-16 18:18:00+00:00,2026-08-16 18:21:00+00:00,63149.99,63170.0,63149.99,63170.0,6.7662
2026-08-16 18:21:00+00:00,2026-08-16 18:24:00+00:00,63170.0,63170.0,63169.99,63169.99,0.82456
2026-08-16 18:24:00+00:00,2026-08-16 18:27:00+00:00,63169.99,63173.71,63146.05,63147.54,10.61257
2026-08-16 18:27:00+00:00,2026-08-16 18:30:00+00:00,63147.54,63157.45,63147.54,63157.44,3.10526
2026-08-16 18:30:00+00:00,2026-08-16 18:33:00+00:00,63157.45,63157.45,63157.44,63157.44,1.06878
2026-08-16 18:33:00+00:00,2026-08-16 18:36:00+00:00,63157.44,63157.45,63157.44,63157.45,0.88049
2026-08-16 18:36:00+00:00,2026-08-16 18:39:00+00:00,63157.45,63157.45,63150.0,63150.0,2.81142
2026-08-16 18:39:00+00:00,2026-08-16 18:42:00+00:00,63150.01,63150.01,63150.0,63150.0,0.71224
2026-08-16 18:42:00+00:00,2026-08-16 18:45:00+00:00,63150.0,63150.01,63145.14,63145.14,6.19838
2026-08-16 18:45:00+00:00,2026-08-16 18:48:00+00:00,63145.15,63145.15,63145.14,63145.14,0.80326
2026-08-16 18:48:00+00:00,2026-08-16 18:51:00+00:00,63145.15,63145.15,63145.14,63145.14,0.77691
2026-08-16 18:51:00+00:00,2026-08-16 18:54:00+00:00,63145.15,63145.15,63145.14,63145.14,0.84888
2026-08-16 18:54:00+00:00,2026-08-16 18:57:00+00:00,63145.15,63145.15,63140.05,63140.05,2.05184
2026-08-16 18:57:00+00:00,2026-08-16 19:00:00+00:00,63140.05,63140.06,63140.05,63140.06,1.51544
2026-08-16 19:00:00+00:00,2026-08-16 19:03:00+00:00,63140.05,63144.0,63140.05,63144.0,7.98234
2026-08-16 19:03:00+00:00,2026-08-16 19:06:00+00:00,63143.99,63148.59,63143.99,63148.58,6.17254
2026-08-16 19:06:00+00:00,2026-08-16 19:09:00+00:00,63148.58,63166.5,63148.58,63166.5,20.90787
2026-08-16 19:09:00+00:00,2026-08-16 19:12:00+00:00,63166.49,63184.5,63166.49,63184.49,7.82886
2026-08-16 19:12:00+00:00,2026-08-16 19:15:00+00:00,63184.49,63190.0,63182.0,63182.01,11.76062
2026-08-16 19:15:00+00:00,2026-08-16 19:18:00+00:00,63182.01,63182.02,63182.0,63182.02,3.12466
2026-08-16 19:18:00+00:00,2026-08-16 19:21:00+00:00,63182.02,63206.78,63182.01,63206.78,18.12101
2026-08-16 19:21:00+00:00,2026-08-16 19:24:00+00:00,63206.77,63210.0,63182.57,63182.58,4.51295
2026-08-16 19:24:00+00:00,2026-08-16 19:27:00+00:00,63182.58,63210.0,63182.57,63210.0,5.90733
2026-08-16 19:27:00+00:00,2026-08-16 19:30:00+00:00,63210.0,63220.0,63209.99,63219.99,5.01585
2026-08-16 19:30:00+00:00,2026-08-16 19:33:00+00:00,63219.99,63220.0,63200.0,63200.0,9.15028
2026-08-16 19:33:00+00:00,2026-08-16 19:36:00+00:00,63200.01,63212.82,63200.0,63212.81,3.82528
2026-08-16 19:36:00+00:00,2026-08-16 19:39:00+00:00,63212.82,63214.5,63212.81,63214.5,2.74767
2026-08-16 19:39:00+00:00,2026-08-16 19:42:00+00:00,63214.5,63230.0,63214.49,63229.99,11.24909
2026-08-16 19:42:00+00:00,2026-08-16 19:45:00+00:00,63229.99,63230.0,63155.86,63157.91,18.93458
2026-08-16 19:45:00+00:00,2026-08-16 19:48:00+00:00,63157.91,63170.15,63157.91,63170.14,4.91283
2026-08-16 19:48:00+00:00,2026-08-16 19:51:00+00:00,63170.15,63170.15,63135.88,63148.1,15.50099
2026-08-16 19:51:00+00:00,2026-08-16 19:54:00+00:00,63148.09,63150.0,63100.91,63100.91,12.038
2026-08-16 19:54:00+00:00,2026-08-16 19:57:00+00:00,63100.91,63120.0,63100.89,63116.02,12.65562
2026-08-16 19:57:00+00:00,2026-08-16 20:00:00+00:00,63116.02,63116.02,63100.89,63108.81,3.94333
2026-08-16 20:00:00+00:00,2026-08-16 20:03:00+00:00,63108.8,63110.83,63108.8,63110.83,1.15765
2026-08-16 20:03:00+00:00,2026-08-16 20:06:00+00:00,63110.83,63110.83,63110.82,63110.82,0.7726
2026-08-16 20:06:00+00:00,2026-08-16 20:09:00+00:00,63110.83,63140.0,63110.82,63126.95,11.36237
2026-08-16 20:09:00+00:00,2026-08-16 20:12:00+00:00,63126.94,63134.89,63126.94,63134.88,1.74066
2026-08-16 20:12:00+00:00,2026-08-16 20:15:00+00:00,63134.88,63140.0,63134.88,63135.97,6.7887
2026-08-16 20:15:00+00:00,2026-08-16 20:18:00+00:00,63135.96,63135.96,63134.94,63134.94,2.34149
2026-08-16 20:18:00+00:00,2026-08-16 20:21:00+00:00,63134.94,63134.95,63127.44,63127.45,1.10995
2026-08-16 20:21:00+00:00,2026-08-16 20:24:00+00:00,63127.45,63127.45,63127.44,63127.44,1.40272
2026-08-16 20:24:00+00:00,2026-08-16 20:27:00+00:00,63127.44,63127.45,63094.58,63094.58,7.99708
2026-08-16 20:27:00+00:00,2026-08-16 20:30:00+00:00,63094.58,63094.59,63094.58,63094.58,0.85289
2026-08-16 20:30:00+00:00,2026-08-16 20:33:00+00:00,63094.58,63097.84,63090.0,63097.84,14.89432
2026-08-16 20:33:00+00:00,2026-08-16 20:36:00+00:00,63097.84,63110.0,63097.84,63109.99,5.86083
2026-08-16 20:36:00+00:00,2026-08-16 20:39:00+00:00,63110.0,63110.0,63109.99,63109.99,0.42562
2026-08-16 20:39:00+00:00,2026-08-16 20:42:00+00:00,63109.99,63110.0,63071.42,63071.42,7.34165
2026-08-16 20:42:00+00:00,2026-08-16 20:45:00+00:00,63071.43,63071.58,63046.0,63071.58,20.63161
2026-08-16 20:45:00+00:00,2026-08-16 20:48:00+00:00,63071.57,63071.57,63064.03,63064.03,3.0802
2026-08-16 20:48:00+00:00,2026-08-16 20:51:00+00:00,63064.04,63064.04,63044.0,63044.01,2.95254
2026-08-16 20:51:00+00:00,2026-08-16 20:54:00+00:00,63044.01,63064.0,63027.6,63064.0,22.4679
2026-08-16 20:54:00+00:00,2026-08-16 20:57:00+00:00,63063.99,63072.2,63059.06,63066.01,7.19914
2026-08-16 20:57:00+00:00,2026-08-16 21:00:00+00:00,63066.0,63067.8,63064.24,63067.79,2.6039
2026-08-16 21:00:00+00:00,2026-08-16 21:03:00+00:00,63067.79,63067.8,63057.26,63061.32,1.92802
2026-08-16 21:03:00+00:00,2026-08-16 21:06:00+00:00,63061.31,63063.36,63030.0,63042.0,9.23592
2026-08-16 21:06:00+00:00,2026-08-16 21:09:00+00:00,63042.0,63063.1,63041.99,63063.09,3.08015
2026-08-16 21:09:00+00:00,2026-08-16 21:12:00+00:00,63063.09,63063.1,63052.18,63061.99,4.26347
2026-08-16 21:12:00+00:00,2026-08-16 21:15:00+00:00,63062.0,63062.0,63038.02,63057.99,14.02101
2026-08-16 21:15:00+00:00,2026-08-16 21:18:00+00:00,63058.0,63085.15,63054.68,63085.15,6.72452
2026-08-16 21:18:00+00:00,2026-08-16 21:21:00+00:00,63085.15,63085.15,63064.45,63064.46,3.10038
2026-08-16 21:21:00+00:00,2026-08-16 21:24:00+00:00,63064.46,63064.46,63054.0,63054.01,1.7147
2026-08-16 21:24:00+00:00,2026-08-16 21:27:00+00:00,63054.01,63054.01,63031.41,63031.42,4.85358
2026-08-16 21:27:00+00:00,2026-08-16 21:30:00+00:00,63031.42,63048.0,63031.41,63032.0,10.05743
2026-08-16 21:30:00+00:00,2026-08-16 21:33:00+00:00,63032.0,63033.41,63024.22,63033.4,10.9515
2026-08-16 21:33:00+00:00,2026-08-16 21:36:00+00:00,63033.41,63041.0,63033.41,63041.0,4.40864
2026-08-16 21:36:00+00:00,2026-08-16 21:39:00+00:00,63041.0,63041.0,63010.0,63010.0,6.26411
2026-08-16 21:39:00+00:00,2026-08-16 21:42:00+00:00,63010.01,63010.01,62754.0,62886.99,154.98992
2026-08-16 21:42:00+00:00,2026-08-16 21:45:00+00:00,62886.99,62939.6,62874.84,62939.59,27.32224
2026-08-16 21:45:00+00:00,2026-08-16 21:48:00+00:00,62939.59,62946.0,62886.0,62932.86,12.89824
2026-08-16 21:48:00+00:00,2026-08-16 21:51:00+00:00,62932.86,62978.0,62929.51,62973.29,15.9068
2026-08-16 21:51:00+00:00,2026-08-16 21:54:00+00:00,62973.29,62973.29,62953.59,62953.59,14.98771
2026-08-16 21:54:00+00:00,2026-08-16 21:57:00+00:00,62953.58,62966.0,62928.1,62956.26,17.46589
2026-08-16 21:57:00+00:00,2026-08-16 22:00:00+00:00,62956.25,62956.26,62929.61,62929.61,4.4256
2026-08-16 22:00:00+00:00,2026-08-16 22:03:00+00:00,62929.61,62929.61,62790.05,62820.0,69.29419
2026-08-16 22:03:00+00:00,2026-08-16 22:06:00+00:00,62819.99,62890.0,62816.86,62876.29,33.85987
2026-08-16 22:06:00+00:00,2026-08-16 22:09:00+00:00,62876.3,62916.0,62868.19,62907.64,14.83165
2026-08-16 22:09:00+00:00,2026-08-16 22:12:00+00:00,62907.63,62931.68,62900.13,62920.75,19.12466
2026-08-16 22:12:00+00:00,2026-08-16 22:15:00+00:00,62920.76,62922.45,62908.0,62922.44,9.90531
2026-08-16 22:15:00+00:00,2026-08-16 22:18:00+00:00,62922.45,62954.0,62908.42,62911.45,19.58942
2026-08-16 22:18:00+00:00,2026-08-16 22:21:00+00:00,62911.45,62911.45,62900.0,62900.01,9.10712
2026-08-16 22:21:00+00:00,2026-08-16 22:24:00+00:00,62900.01,62903.25,62876.48,62879.77,11.04313
2026-08-16 22:24:00+00:00,2026-08-16 22:27:00+00:00,62879.77,62887.92,62845.0,62845.01,10.51573
2026-08-16 22:27:00+00:00,2026-08-16 22:30:00+00:00,62845.0,62846.02,62834.39,62845.22,12.87892
2026-08-16 22:30:00+00:00,2026-08-16 22:33:00+00:00,62845.22,62845.23,62796.44,62797.81,23.97658
2026-08-16 22:33:00+00:00,2026-08-16 22:36:00+00:00,62797.82,62809.55,62768.17,62768.17,46.96048
2026-08-16 22:36:00+00:00,2026-08-16 22:39:00+00:00,62768.18,62788.0,62716.81,62746.0,43.52781
2026-08-16 22:39:00+00:00,2026-08-16 22:42:00+00:00,62746.0,62757.51,62716.0,62755.19,25.5813
2026-08-16 22:42:00+00:00,2026-08-16 22:45:00+00:00,62755.66,62790.0,62755.66,62790.0,17.42404
2026-08-16 22:45:00+00:00,2026-08-16 22:48:00+00:00,62790.0,62790.0,62742.0,62771.9,17.21193
2026-08-16 22:48:00+00:00,2026-08-16 22:51:00+00:00,62771.9,62808.78,62771.89,62806.0,10.64506
2026-08-16 22:51:00+00:00,2026-08-16 22:54:00+00:00,62806.0,62820.0,62805.99,62819.99,8.62382
2026-08-16 22:54:00+00:00,2026-08-16 22:57:00+00:00,62820.0,62850.99,62819.99,62850.98,11.32831
2026-08-16 22:57:00+00:00,2026-08-16 23:00:00+00:00,62850.99,62913.7,62850.98,62913.7,38.45807
2026-08-16 23:00:00+00:00,2026-08-16 23:03:00+00:00,62913.7,62993.77,62910.45,62986.25,40.13699
2026-08-16 23:03:00+00:00,2026-08-16 23:06:00+00:00,62986.26,62986.26,62928.04,62938.89,18.98713
2026-08-16 23:06:00+00:00,2026-08-16 23:09:00+00:00,62938.89,62949.68,62938.89,62949.67,4.26505
2026-08-16 23:09:00+00:00,2026-08-16 23:12:00+00:00,62949.68,62963.32,62947.08,62954.0,4.64411
2026-08-16 23:12:00+00:00,2026-08-16 23:15:00+00:00,62954.01,62954.01,62842.69,62842.7,25.39186
2026-08-16 23:15:00+00:00,2026-08-16 23:18:00+00:00,62842.69,62886.0,62842.69,62866.0,26.80716
2026-08-16 23:18:00+00:00,2026-08-16 23:21:00+00:00,62866.0,62879.06,62866.0,62871.96,8.37555
2026-08-16 23:21:00+00:00,2026-08-16 23:24:00+00:00,62871.95,62913.92,62871.94,62900.01,13.57878
2026-08-16 23:24:00+00:00,2026-08-16 23:27:00+00:00,62900.0,62900.0,62856.28,62861.13,13.04061
2026-08-16 23:27:00+00:00,2026-08-16 23:30:00+00:00,62861.12,62861.13,62830.0,62846.0,8.37715
2026-08-16 23:30:00+00:00,2026-08-16 23:33:00+00:00,62845.99,62848.02,62840.0,62844.3,5.93519
2026-08-16 23:33:00+00:00,2026-08-16 23:36:00+00:00,62844.3,62893.41,62840.0,62890.38,16.05227
2026-08-16 23:36:00+00:00,2026-08-16 23:39:00+00:00,62890.39,62890.39,62858.37,62878.51,10.00561
2026-08-16 23:39:00+00:00,2026-08-16 23:42:00+00:00,62878.5,62879.04,62865.0,62879.04,6.14899
2026-08-16 23:42:00+00:00,2026-08-16 23:45:00+00:00,62879.04,62898.13,62879.03,62898.12,2.6983
2026-08-16 23:45:00+00:00,2026-08-16 23:48:00+00:00,62898.13,62898.13,62880.98,62897.28,15.35627
2026-08-16 23:48:00+00:00,2026-08-16 23:51:00+00:00,62897.28,62927.55,62897.28,62927.55,8.47053
2026-08-16 23:51:00+00:00,2026-08-16 23:54:00+00:00,62927.54,62927.54,62903.15,62903.15,4.61473
2026-08-16 23:54:00+00:00,2026-08-16 23:57:00+00:00,62903.15,62905.68,62890.76,62892.67,7.19278
2026-08-16 23:57:00+00:00,2026-08-17 00:00:00+00:00,62892.67,62900.0,62888.39,62900.0,6.58142
2026-08-17 00:00:00+00:00,2026-08-17 00:03:00+00:00,62900.0,62919.31,62899.99,62906.35,10.62818
2026-08-17 00:03:00+00:00,2026-08-17 00:06:00+00:00,62906.34,62932.87,62906.34,62909.15,10.55743
2026-08-17 00:06:00+00:00,2026-08-17 00:09:00+00:00,62909.15,62909.16,62888.0,62888.01,7.27884
2026-08-17 00:09:00+00:00,2026-08-17 00:12:00+00:00,62888.0,62894.59,62876.01,62876.01,7.28321
2026-08-17 00:12:00+00:00,2026-08-17 00:15:00+00:00,62876.01,62909.53,62865.0,62909.53,16.25136
2026-08-17 00:15:00+00:00,2026-08-17 00:18:00+00:00,62909.53,62909.53,62869.9,62869.91,5.81794
2026-08-17 00:18:00+00:00,2026-08-17 00:21:00+00:00,62869.91,62881.84,62835.1,62871.57,16.66866
2026-08-17 00:21:00+00:00,2026-08-17 00:24:00+00:00,62871.57,62871.58,62800.02,62810.65,68.03944
2026-08-17 00:24:00+00:00,2026-08-17 00:27:00+00:00,62810.64,62810.65,62760.0,62791.88,57.18588
2026-08-17 00:27:00+00:00,2026-08-17 00:30:00+00:00,62791.88,62866.03,62783.98,62866.02,15.48959
2026-08-17 00:30:00+00:00,2026-08-17 00:33:00+00:00,62866.02,62866.03,62778.0,62793.84,18.76118
2026-08-17 00:33:00+00:00,2026-08-17 00:36:00+00:00,62793.84,62800.0,62780.0,62780.01,5.97806
2026-08-17 00:36:00+00:00,2026-08-17 00:39:00+00:00,62780.0,62814.22,62751.1,62813.21,30.78614
2026-08-17 00:39:00+00:00,2026-08-17 00:42:00+00:00,62813.21,62826.0,62788.01,62825.99,10.38908
2026-08-17 00:42:00+00:00,2026-08-17 00:45:00+00:00,62826.0,62956.0,62811.65,62947.84,126.3054
2026-08-17 00:45:00+00:00,2026-08-17 00:48:00+00:00,62947.84,62947.85,62886.91,62886.92,119.83885
2026-08-17 00:48:00+00:00,2026-08-17 00:51:00+00:00,62886.92,62889.35,62860.0,62872.0,12.33728
2026-08-17 00:51:00+00:00,2026-08-17 00:54:00+00:00,62872.0,62886.24,62846.57,62886.24,16.71741
2026-08-17 00:54:00+00:00,2026-08-17 00:57:00+00:00,62886.24,62917.63,62883.19,62917.62,10.80258
2026-08-17 00:57:00+00:00,2026-08-17 01:00:00+00:00,62917.62,62940.0,62902.4,62917.54,10.12625
2026-08-17 01:00:00+00:00,2026-08-17 01:03:00+00:00,62917.54,63126.08,62896.0,63069.99,106.21381
2026-08-17 01:03:00+00:00,2026-08-17 01:06:00+00:00,63069.99,63137.95,63064.01,63105.34,40.1822
2026-08-17 01:06:00+00:00,2026-08-17 01:09:00+00:00,63105.34,63192.0,63085.0,63100.01,51.14435
2026-08-17 01:09:00+00:00,2026-08-17 01:12:00+00:00,63100.01,63109.3,63054.69,63054.69,15.4344
2026-08-17 01:12:00+00:00,2026-08-17 01:15:00+00:00,63054.68,63092.0,63052.68,63054.68,20.86858
2026-08-17 01:15:00+00:00,2026-08-17 01:18:00+00:00,63054.68,63067.58,63028.0,63064.0,15.74988
2026-08-17 01:18:00+00:00,2026-08-17 01:21:00+00:00,63064.01,63092.0,63055.0,63071.13,15.07987
2026-08-17 01:21:00+00:00,2026-08-17 01:24:00+00:00,63071.13,63140.0,63069.06,63139.99,21.4914
2026-08-17 01:24:00+00:00,2026-08-17 01:27:00+00:00,63140.0,63160.0,63125.99,63125.99,15.39724
2026-08-17 01:27:00+00:00,2026-08-17 01:30:00+00:00,63126.0,63126.0,63118.0,63121.72,5.72906
2026-08-17 01:30:00+00:00,2026-08-17 01:33:00+00:00,63121.72,63246.91,63121.72,63196.09,45.38511
2026-08-17 01:33:00+00:00,2026-08-17 01:36:00+00:00,63196.09,63228.0,63181.76,63224.01,16.59932
2026-08-17 01:36:00+00:00,2026-08-17 01:39:00+00:00,63224.01,63232.87,63165.0,63189.2,20.72492
2026-08-17 01:39:00+00:00,2026-08-17 01:42:00+00:00,63189.21,63230.0,63182.0,63204.01,14.59238
2026-08-17 01:42:00+00:00,2026-08-17 01:45:00+00:00,63204.0,63214.0,63194.0,63214.0,18.63692
2026-08-17 01:45:00+00:00,2026-08-17 01:48:00+00:00,63214.0,63218.0,63161.59,63185.45,17.11183
2026-08-17 01:48:00+00:00,2026-08-17 01:51:00+00:00,63185.46,63237.42,63183.47,63194.0,19.41746
2026-08-17 01:51:00+00:00,2026-08-17 01:54:00+00:00,63194.01,63194.01,63160.0,63160.0,10.31473
2026-08-17 01:54:00+00:00,2026-08-17 01:57:00+00:00,63160.0,63160.01,63123.1,63126.07,17.97366
2026-08-17 01:57:00+00:00,2026-08-17 02:00:00+00:00,63126.06,63126.07,63116.11,63116.12,7.47307
2026-08-17 02:00:00+00:00,2026-08-17 02:03:00+00:00,63116.12,63133.45,63100.0,63106.21,11.68528
2026-08-17 02:03:00+00:00,2026-08-17 02:06:00+00:00,63106.21,63106.21,63043.14,63063.26,22.76046
2026-08-17 02:06:00+00:00,2026-08-17 02:09:00+00:00,63063.26,63063.27,63037.09,63053.02,14.2444
2026-08-17 02:09:00+00:00,2026-08-17 02:12:00+00:00,63053.02,63082.0,63050.53,63078.68,12.79863
2026-08-17 02:12:00+00:00,2026-08-17 02:15:00+00:00,63078.68,63082.0,63077.91,63082.0,1.69622
2026-08-17 02:15:00+00:00,2026-08-17 02:18:00+00:00,63082.0,63106.96,63049.36,63092.0,12.59779
2026-08-17 02:18:00+00:00,2026-08-17 02:21:00+00:00,63092.0,63102.86,63080.0,63102.85,5.73349
2026-08-17 02:21:00+00:00,2026-08-17 02:24:00+00:00,63102.85,63134.17,63096.02,63130.86,9.9694
2026-08-17 02:24:00+00:00,2026-08-17 02:27:00+00:00,63130.87,63195.26,63115.59,63195.26,15.85617
2026-08-17 02:27:00+00:00,2026-08-17 02:30:00+00:00,63195.26,63206.74,63186.01,63186.01,7.23915
2026-08-17 02:30:00+00:00,2026-08-17 02:33:00+00:00,63186.0,63324.32,63136.0,63317.99,57.43488
2026-08-17 02:33:00+00:00,2026-08-17 02:36:00+00:00,63317.99,63359.25,63286.3,63294.01,53.46849
2026-08-17 02:36:00+00:00,2026-08-17 02:39:00+00:00,63294.01,63303.03,63248.3,63263.67,21.15287
2026-08-17 02:39:00+00:00,2026-08-17 02:42:00+00:00,63263.67,63290.0,63261.22,63288.66,10.69094
2026-08-17 02:42:00+00:00,2026-08-17 02:45:00+00:00,63288.66,63288.66,63252.63,63256.69,11.40408
2026-08-17 02:45:00+00:00,2026-08-17 02:48:00+00:00,63256.7,63274.82,63253.18,63274.82,9.34364
2026-08-17 02:48:00+00:00,2026-08-17 02:51:00+00:00,63274.82,63307.78,63274.81,63307.77,9.09518
2026-08-17 02:51:00+00:00,2026-08-17 02:54:00+00:00,63307.77,63500.0,63307.77,63494.94,111.60136
2026-08-17 02:54:00+00:00,2026-08-17 02:57:00+00:00,63494.94,63494.94,63409.04,63425.94,33.65947
2026-08-17 02:57:00+00:00,2026-08-17 03:00:00+00:00,63425.94,63449.85,63401.04,63403.34,27.37326
2026-08-17 03:00:00+00:00,2026-08-17 03:03:00+00:00,63403.33,63447.99,63403.33,63414.82,34.98904
2026-08-17 03:03:00+00:00,2026-08-17 03:06:00+00:00,63414.81,63414.81,63378.35,63382.96,18.66857
2026-08-17 03:06:00+00:00,2026-08-17 03:09:00+00:00,63382.97,63392.0,63376.08,63385.08,6.27115
2026-08-17 03:09:00+00:00,2026-08-17 03:12:00+00:00,63385.09,63392.7,63384.0,63385.75,7.36128
2026-08-17 03:12:00+00:00,2026-08-17 03:15:00+00:00,63385.75,63420.0,63366.9,63420.0,159.77427
2026-08-17 03:15:00+00:00,2026-08-17 03:18:00+00:00,63420.0,63420.16,63396.37,63403.2,10.38647
2026-08-17 03:18:00+00:00,2026-08-17 03:21:00+00:00,63403.21,63403.21,63350.0,63378.96,11.99292
2026-08-17 03:21:00+00:00,2026-08-17 03:24:00+00:00,63378.96,63383.0,63359.24,63372.3,4.36361
2026-08-17 03:24:00+00:00,2026-08-17 03:27:00+00:00,63372.29,63372.3,63345.32,63349.99,8.95141
2026-08-17 03:27:00+00:00,2026-08-17 03:30:00+00:00,63349.99,63360.0,63349.99,63355.51,4.97816
2026-08-17 03:30:00+00:00,2026-08-17 03:33:00+00:00,63355.51,63359.26,63347.2,63350.27,19.24091
2026-08-17 03:33:00+00:00,2026-08-17 03:36:00+00:00,63350.27,63364.38,63349.99,63356.17,11.24995
2026-08-17 03:36:00+00:00,2026-08-17 03:39:00+00:00,63356.16,63382.0,63356.16,63382.0,8.68692
2026-08-17 03:39:00+00:00,2026-08-17 03:42:00+00:00,63382.0,63382.0,63346.99,63346.99,135.60413
2026-08-17 03:42:00+00:00,2026-08-17 03:45:00+00:00,63347.0,63361.56,63339.78,63343.0,79.98512
2026-08-17 03:45:00+00:00,2026-08-17 03:48:00+00:00,63342.99,63364.01,63342.99,63364.0,11.5222
2026-08-17 03:48:00+00:00,2026-08-17 03:51:00+00:00,63364.01,63388.06,63364.0,63388.05,15.15071
2026-08-17 03:51:00+00:00,2026-08-17 03:54:00+00:00,63388.06,63477.48,63380.32,63477.47,37.21835
2026-08-17 03:54:00+00:00,2026-08-17 03:57:00+00:00,63477.48,63520.0,63477.47,63480.0,45.84397
2026-08-17 03:57:00+00:00,2026-08-17 04:00:00+00:00,63480.01,63480.01,63429.2,63429.21,5.4202
2026-08-17 04:00:00+00:00,2026-08-17 04:03:00+00:00,63429.21,63520.0,63429.21,63481.31,47.33222
2026-08-17 04:03:00+00:00,2026-08-17 04:06:00+00:00,63481.31,63500.0,63478.0,63500.0,18.2535
2026-08-17 04:06:00+00:00,2026-08-17 04:09:00+00:00,63500.0,63519.99,63492.11,63519.99,22.82652
2026-08-17 04:09:00+00:00,2026-08-17 04:12:00+00:00,63519.99,63520.0,63486.98,63515.56,12.28895
2026-08-17 04:12:00+00:00,2026-08-17 04:15:00+00:00,63515.56,63515.56,63486.52,63486.53,12.99071
2026-08-17 04:15:00+00:00,2026-08-17 04:18:00+00:00,63486.53,63490.83,63481.06,63481.06,8.12781
2026-08-17 04:18:00+00:00,2026-08-17 04:21:00+00:00,63481.06,63489.24,63472.0,63486.93,19.20735
2026-08-17 04:21:00+00:00,2026-08-17 04:24:00+00:00,63486.94,63524.41,63486.94,63517.24,18.98888
2026-08-17 04:24:00+00:00,2026-08-17 04:27:00+00:00,63517.23,63517.24,63494.0,63496.06,10.93755
2026-08-17 04:27:00+00:00,2026-08-17 04:30:00+00:00,63496.06,63518.01,63491.01,63518.01,86.9437
2026-08-17 04:30:00+00:00,2026-08-17 04:33:00+00:00,63518.0,63518.0,63473.2,63474.23,56.81744
2026-08-17 04:33:00+00:00,2026-08-17 04:36:00+00:00,63474.23,63499.42,63474.23,63499.41,14.6344
2026-08-17 04:36:00+00:00,2026-08-17 04:39:00+00:00,63499.41,63504.0,63486.05,63504.0,16.9166
2026-08-17 04:39:00+00:00,2026-08-17 04:42:00+00:00,63503.99,63508.19,63503.99,63508.19,10.28472
2026-08-17 04:42:00+00:00,2026-08-17 04:45:00+00:00,63508.19,63520.0,63479.57,63480.0,242.53048
2026-08-17 04:45:00+00:00,2026-08-17 04:48:00+00:00,63479.99,63515.0,63479.99,63515.0,12.84357
2026-08-17 04:48:00+00:00,2026-08-17 04:51:00+00:00,63514.99,63550.0,63514.99,63549.49,30.29854
2026-08-17 04:51:00+00:00,2026-08-17 04:54:00+00:00,63549.49,63580.0,63524.65,63524.66,35.48844
2026-08-17 04:54:00+00:00,2026-08-17 04:57:00+00:00,63524.65,63560.64,63524.65,63547.65,17.20537
2026-08-17 04:57:00+00:00,2026-08-17 05:00:00+00:00,63547.64,63547.65,63531.63,63532.44,19.27522
2026-08-17 05:00:00+00:00,2026-08-17 05:03:00+00:00,63532.43,63532.44,63524.66,63527.62,11.08746
2026-08-17 05:03:00+00:00,2026-08-17 05:06:00+00:00,63527.62,63528.64,63505.01,63505.02,15.04637
2026-08-17 05:06:00+00:00,2026-08-17 05:09:00+00:00,63505.01,63508.08,63449.03,63469.24,36.80563
2026-08-17 05:09:00+00:00,2026-08-17 05:12:00+00:00,63469.23,63475.24,63462.0,63462.01,8.17478
2026-08-17 05:12:00+00:00,2026-08-17 05:15:00+00:00,63462.01,63552.01,63450.61,63537.01,390.34227
2026-08-17 05:15:00+00:00,2026-08-17 05:18:00+00:00,63537.0,63562.0,63527.96,63561.99,7.55427
2026-08-17 05:18:00+00:00,2026-08-17 05:21:00+00:00,63561.99,63565.9,63555.02,63565.89,20.37811
2026-08-17 05:21:00+00:00,2026-08-17 05:24:00+00:00,63565.89,63594.76,63565.89,63594.76,32.2948
2026-08-17 05:24:00+00:00,2026-08-17 05:27:00+00:00,63594.76,63594.76,63529.99,63532.03,61.34169
2026-08-17 05:27:00+00:00,2026-08-17 05:30:00+00:00,63532.04,63535.09,63474.63,63482.65,112.93794
2026-08-17 05:30:00+00:00,2026-08-17 05:33:00+00:00,63482.66,63500.0,63482.66,63490.42,7.60607
2026-08-17 05:33:00+00:00,2026-08-17 05:36:00+00:00,63490.41,63490.42,63476.19,63476.2,4.16292
2026-08-17 05:36:00+00:00,2026-08-17 05:39:00+00:00,63476.2,63476.2,63458.43,63463.44,3.85505
2026-08-17 05:39:00+00:00,2026-08-17 05:42:00+00:00,63463.44,63463.45,63446.59,63459.94,17.45711
2026-08-17 05:42:00+00:00,2026-08-17 05:45:00+00:00,63459.94,63463.18,63459.94,63463.18,2.46133
2026-08-17 05:45:00+00:00,2026-08-17 05:48:00+00:00,63463.17,63463.18,63460.96,63460.97,3.52678
2026-08-17 05:48:00+00:00,2026-08-17 05:51:00+00:00,63460.97,63500.0,63460.97,63500.0,11.92628
2026-08-17 05:51:00+00:00,2026-08-17 05:54:00+00:00,63499.99,63522.29,63499.99,63522.29,10.27185
2026-08-17 05:54:00+00:00,2026-08-17 05:57:00+00:00,63522.28,63523.25,63512.01,63516.31,10.02342
2026-08-17 05:57:00+00:00,2026-08-17 06:00:00+00:00,63516.31,63520.18,63516.31,63520.18,3.45206
2026-08-17 06:00:00+00:00,2026-08-17 06:03:00+00:00,63520.18,63520.3,63477.95,63503.99,29.67067
2026-08-17 06:03:00+00:00,2026-08-17 06:06:00+00:00,63504.0,63528.56,63504.0,63527.44,12.0679
2026-08-17 06:06:00+00:00,2026-08-17 06:09:00+00:00,63527.43,63577.69,63527.43,63577.69,22.02506
2026-08-17 06:09:00+00:00,2026-08-17 06:12:00+00:00,63577.69,63616.0,63572.43,63585.99,28.13736
2026-08-17 06:12:00+00:00,2026-08-17 06:15:00+00:00,63585.99,63586.31,63567.45,63574.03,13.6538
2026-08-17 06:15:00+00:00,2026-08-17 06:18:00+00:00,63574.03,63589.72,63574.03,63589.72,7.50591
2026-08-17 06:18:00+00:00,2026-08-17 06:21:00+00:00,63589.71,63589.72,63572.43,63572.44,6.2736
2026-08-17 06:21:00+00:00,2026-08-17 06:24:00+00:00,63572.44,63583.65,63568.0,63583.65,3.82502
2026-08-17 06:24:00+00:00,2026-08-17 06:27:00+00:00,63583.65,63583.65,63560.7,63569.99,18.00061
2026-08-17 06:27:00+00:00,2026-08-17 06:30:00+00:00,63570.0,63588.74,63569.99,63583.01,6.98871
2026-08-17 06:30:00+00:00,2026-08-17 06:33:00+00:00,63583.0,63584.0,63566.41,63584.0,5.91353
2026-08-17 06:33:00+00:00,2026-08-17 06:36:00+00:00,63584.0,63599.15,63572.43,63599.15,8.81816
2026-08-17 06:36:00+00:00,2026-08-17 06:39:00+00:00,63599.14,63604.8,63592.0,63604.8,10.17867
2026-08-17 06:39:00+00:00,2026-08-17 06:42:00+00:00,63604.79,63604.8,63601.2,63604.79,18.84113
2026-08-17 06:42:00+00:00,2026-08-17 06:45:00+00:00,63604.78,63604.79,63598.11,63600.14,11.0308
2026-08-17 06:45:00+00:00,2026-08-17 06:48:00+00:00,63600.14,63646.0,63600.14,63646.0,17.71257
2026-08-17 06:48:00+00:00,2026-08-17 06:51:00+00:00,63646.0,63717.17,63645.99,63668.92,49.51732
2026-08-17 06:51:00+00:00,2026-08-17 06:54:00+00:00,63668.92,63678.2,63650.4,63650.4,18.02171
2026-08-17 06:54:00+00:00,2026-08-17 06:57:00+00:00,63650.4,63650.41,63622.0,63627.99,10.91029
2026-08-17 06:57:00+00:00,2026-08-17 07:00:00+00:00,63628.0,63668.0,63627.99,63667.99,13.59905
2026-08-17 07:00:00+00:00,2026-08-17 07:03:00+00:00,63668.0,63668.0,63597.96,63597.96,34.04417
2026-08-17 07:03:00+00:00,2026-08-17 07:06:00+00:00,63597.96,63597.97,63569.51,63597.97,19.34261
2026-08-17 07:06:00+00:00,2026-08-17 07:09:00+00:00,63597.97,63597.97,63590.22,63595.34,6.90968
2026-08-17 07:09:00+00:00,2026-08-17 07:12:00+00:00,63595.35,63602.89,63583.09,63583.09,8.91153
2026-08-17 07:12:00+00:00,2026-08-17 07:15:00+00:00,63583.08,63584.66,63566.73,63584.65,8.84697
2026-08-17 07:15:00+00:00,2026-08-17 07:18:00+00:00,63584.66,63584.66,63534.63,63539.59,15.5717
2026-08-17 07:18:00+00:00,2026-08-17 07:21:00+00:00,63539.6,63557.6,63539.6,63557.59,4.72708
2026-08-17 07:21:00+00:00,2026-08-17 07:24:00+00:00,63557.6,63563.9,63557.54,63557.55,5.26035
2026-08-17 07:24:00+00:00,2026-08-17 07:27:00+00:00,63557.54,63563.81,63554.64,63554.64,3.05068
2026-08-17 07:27:00+00:00,2026-08-17 07:30:00+00:00,63554.64,63596.92,63546.0,63596.91,151.96467
2026-08-17 07:30:00+00:00,2026-08-17 07:33:00+00:00,63596.91,63596.92,63573.11,63576.32,29.45388
2026-08-17 07:33:00+00:00,2026-08-17 07:36:00+00:00,63576.32,63576.33,63556.15,63556.16,13.3677
2026-08-17 07:36:00+00:00,2026-08-17 07:39:00+00:00,63556.16,63556.16,63545.37,63549.6,15.33998
2026-08-17 07:39:00+00:00,2026-08-17 07:42:00+00:00,63549.6,63564.07,63545.22,63545.23,20.79644
2026-08-17 07:42:00+00:00,2026-08-17 07:45:00+00:00,63545.22,63551.25,63538.5,63538.5,14.44262
2026-08-17 07:45:00+00:00,2026-08-17 07:48:00+00:00,63538.5,63550.01,63536.16,63545.69,21.36174
2026-08-17 07:48:00+00:00,2026-08-17 07:51:00+00:00,63545.68,63545.68,63528.09,63528.09,15.89725
2026-08-17 07:51:00+00:00,2026-08-17 07:54:00+00:00,63528.09,63544.02,63527.64,63536.01,21.06379
2026-08-17 07:54:00+00:00,2026-08-17 07:57:00+00:00,63536.0,63557.7,63534.0,63557.7,18.40676
2026-08-17 07:57:00+00:00,2026-08-17 08:00:00+00:00,63557.69,63557.69,63500.0,63514.45,267.65964
2026-08-17 08:00:00+00:00,2026-08-17 08:03:00+00:00,63514.45,63545.08,63500.0,63501.04,22.50455
2026-08-17 08:03:00+00:00,2026-08-17 08:06:00+00:00,63501.04,63501.04,63469.69,63469.7,149.86024
2026-08-17 08:06:00+00:00,2026-08-17 08:09:00+00:00,63469.7,63486.01,63454.0,63456.4,14.64897
2026-08-17 08:09:00+00:00,2026-08-17 08:12:00+00:00,63456.4,63458.08,63422.58,63424.57,25.81004
2026-08-17 08:12:00+00:00,2026-08-17 08:15:00+00:00,63424.57,63436.61,63424.57,63433.77,15.88616
2026-08-17 08:15:00+00:00,2026-08-17 08:18:00+00:00,63433.77,63433.77,63420.0,63420.01,14.97825
2026-08-17 08:18:00+00:00,2026-08-17 08:21:00+00:00,63420.0,63450.61,63416.73,63416.73,27.40178
2026-08-17 08:21:00+00:00,2026-08-17 08:24:00+00:00,63416.73,63416.74,63412.79,63413.21,20.64408
2026-08-17 08:24:00+00:00,2026-08-17 08:27:00+00:00,63413.21,63431.49,63413.21,63431.48,37.94544
2026-08-17 08:27:00+00:00,2026-08-17 08:30:00+00:00,63431.49,63431.49,63405.0,63418.22,27.48147
2026-08-17 08:30:00+00:00,2026-08-17 08:33:00+00:00,63418.23,63435.08,63418.22,63435.07,26.17197
2026-08-17 08:33:00+00:00,2026-08-17 08:36:00+00:00,63435.07,63435.08,63414.48,63414.48,20.69762
2026-08-17 08:36:00+00:00,2026-08-17 08:39:00+00:00,63414.48,63414.49,63406.0,63406.0,5.75949
2026-08-17 08:39:00+00:00,2026-08-17 08:42:00+00:00,63406.01,63406.01,63390.0,63390.0,13.18805
2026-08-17 08:42:00+00:00,2026-08-17 08:45:00+00:00,63390.01,63390.01,63377.75,63377.75,20.47038
2026-08-17 08:45:00+00:00,2026-08-17 08:48:00+00:00,63377.75,63377.76,63373.81,63374.85,8.14579
2026-08-17 08:48:00+00:00,2026-08-17 08:51:00+00:00,63374.85,63374.85,63360.0,63360.0,17.2139
2026-08-17 08:51:00+00:00,2026-08-17 08:54:00+00:00,63360.01,63360.01,63350.0,63350.0,21.2453
2026-08-17 08:54:00+00:00,2026-08-17 08:57:00+00:00,63350.0,63408.0,63350.0,63408.0,22.84701
2026-08-17 08:57:00+00:00,2026-08-17 09:00:00+00:00,63408.0,63408.01,63380.83,63380.84,7.46445
2026-08-17 09:00:00+00:00,2026-08-17 09:03:00+00:00,63380.83,63408.72,63380.83,63394.39,10.90318
2026-08-17 09:03:00+00:00,2026-08-17 09:06:00+00:00,63394.38,63394.39,63386.33,63394.36,4.26741
2026-08-17 09:06:00+00:00,2026-08-17 09:09:00+00:00,63394.36,63407.99,63394.36,63407.99,11.11077
2026-08-17 09:09:00+00:00,2026-08-17 09:12:00+00:00,63407.98,63419.95,63407.98,63415.26,12.8703
2026-08-17 09:12:00+00:00,2026-08-17 09:15:00+00:00,63415.27,63423.3,63415.26,63423.29,13.84086
2026-08-17 09:15:00+00:00,2026-08-17 09:18:00+00:00,63423.29,63428.0,63419.99,63420.0,9.21049
2026-08-17 09:18:00+00:00,2026-08-17 09:21:00+00:00,63419.99,63420.0,63381.4,63381.67,16.45986
2026-08-17 09:21:00+00:00,2026-08-17 09:24:00+00:00,63381.67,63381.68,63334.37,63346.09,23.44117
2026-08-17 09:24:00+00:00,2026-08-17 09:27:00+00:00,63346.09,63369.34,63346.08,63369.33,7.49175
2026-08-17 09:27:00+00:00,2026-08-17 09:30:00+00:00,63369.34,63381.58,63369.33,63381.58,16.16423
2026-08-17 09:30:00+00:00,2026-08-17 09:33:00+00:00,63381.57,63381.58,63336.0,63338.04,37.18199
2026-08-17 09:33:00+00:00,2026-08-17 09:36:00+00:00,63338.04,63342.39,63338.04,63338.04,16.31429
2026-08-17 09:36:00+00:00,2026-08-17 09:39:00+00:00,63338.04,63338.56,63320.0,63331.53,24.99289
2026-08-17 09:39:00+00:00,2026-08-17 09:42:00+00:00,63331.52,63331.54,63320.0,63320.01,15.76698
2026-08-17 09:42:00+00:00,2026-08-17 09:45:00+00:00,63320.01,63320.01,63310.0,63310.11,14.14653
2026-08-17 09:45:00+00:00,2026-08-17 09:48:00+00:00,63310.11,63313.05,63310.1,63313.01,11.13683
2026-08-17 09:48:00+00:00,2026-08-17 09:51:00+00:00,63313.0,63313.01,63295.0,63301.33,26.25047
2026-08-17 09:51:00+00:00,2026-08-17 09:54:00+00:00,63301.32,63323.99,63301.32,63323.99,25.11792
2026-08-17 09:54:00+00:00,2026-08-17 09:57:00+00:00,63323.98,63323.99,63323.96,63323.97,10.18354
2026-08-17 09:57:00+00:00,2026-08-17 10:00:00+00:00,63323.97,63323.97,63323.96,63323.96,4.4178
2026-08-17 10:00:00+00:00,2026-08-17 10:03:00+00:00,63323.97,63324.01,63323.96,63324.01,13.34899
2026-08-17 10:03:00+00:00,2026-08-17 10:06:00+00:00,63324.0,63324.01,63324.0,63324.0,0.02838
